Using libGenie.so version 1.19.0


Genie:      0.0ms [  INFO ] Genie Logger created with level : 3

Genie:      0.2ms [  INFO ] Entering GenieDialog_create [GenieDialog.cpp:147]

Genie:      2.8ms [  INFO ] qnn-htp: loading model

Genie:      2.9ms [WARNING] kv-update-method is deprecated. Defaulting to SMART_MASK or NATIVE_KV

Genie:      3.0ms [  INFO ] Backend library : QnnHtp.dll

Genie:      3.0ms [  INFO ] System library  : QnnSystem.dll

Genie:      3.0ms [  INFO ] Model dir   : 

Genie:      3.0ms [  INFO ] Model files : ["weight_sharing_model_ar128_ar1_cl512_cl1024_cl2048_cl3072_cl4096_1_of_4.serialized.bin", "weight_sharing_model_ar128_ar1_cl512_cl1024_cl2048_cl3072_cl4096_2_of_4.serialized.bin", "weight_sharing_model_ar128_ar1_cl512_cl1024_cl2048_cl3072_cl4096_3_of_4.serialized.bin", "weight_sharing_model_ar128_ar1_cl512_cl1024_cl2048_cl3072_cl4096_4_of_4.serialized.bin"]

Genie:      3.0ms [  INFO ] Backend extensions lib path : QnnHtpNetRunExtensions.dll

Genie:      3.0ms [  INFO ] Backend extensions config path : htp_backend_ext_config.json

Genie:   1991.1ms [  INFO ] qnn-api initialized with 40 graph(s)

Genie:   1991.3ms [  INFO ] graphName ar128_cl512_1_of_4 and its variant Type LUT

Genie:   1991.3ms [  INFO ] graphName ar128_cl1024_1_of_4 and its variant Type LUT

Genie:   1991.3ms [  INFO ] graphName ar128_cl2048_1_of_4 and its variant Type LUT

Genie:   1991.3ms [  INFO ] graphName ar128_cl3072_1_of_4 and its variant Type LUT

Genie:   1991.3ms [  INFO ] graphName ar128_cl4096_1_of_4 and its variant Type LUT

Genie:   1991.3ms [  INFO ] graphName ar1_cl512_1_of_4 and its variant Type LUT

Genie:   1991.3ms [  INFO ] graphName ar1_cl1024_1_of_4 and its variant Type LUT

Genie:   1991.3ms [  INFO ] graphName ar1_cl2048_1_of_4 and its variant Type LUT

Genie:   1991.3ms [  INFO ] graphName ar1_cl3072_1_of_4 and its variant Type LUT

Genie:   1991.3ms [  INFO ] graphName ar1_cl4096_1_of_4 and its variant Type LUT

Genie:   1991.4ms [  INFO ] graphName ar128_cl512_2_of_4 and its variant Type DECODER

Genie:   1991.4ms [  INFO ] graphName ar128_cl1024_2_of_4 and its variant Type DECODER

Genie:   1991.4ms [  INFO ] graphName ar128_cl2048_2_of_4 and its variant Type DECODER

Genie:   1991.5ms [  INFO ] graphName ar128_cl3072_2_of_4 and its variant Type DECODER

Genie:   1991.5ms [  INFO ] graphName ar128_cl4096_2_of_4 and its variant Type DECODER

Genie:   1991.6ms [  INFO ] graphName ar1_cl512_2_of_4 and its variant Type DECODER

Genie:   1991.6ms [  INFO ] graphName ar1_cl1024_2_of_4 and its variant Type DECODER

Genie:   1991.6ms [  INFO ] graphName ar1_cl2048_2_of_4 and its variant Type DECODER

Genie:   1991.7ms [  INFO ] graphName ar1_cl3072_2_of_4 and its variant Type DECODER

Genie:   1991.7ms [  INFO ] graphName ar1_cl4096_2_of_4 and its variant Type DECODER

Genie:   1991.8ms [  INFO ] graphName ar128_cl512_3_of_4 and its variant Type DECODER

Genie:   1991.8ms [  INFO ] graphName ar128_cl1024_3_of_4 and its variant Type DECODER

Genie:   1991.8ms [  INFO ] graphName ar128_cl2048_3_of_4 and its variant Type DECODER

Genie:   1991.9ms [  INFO ] graphName ar128_cl3072_3_of_4 and its variant Type DECODER

Genie:   1991.9ms [  INFO ] graphName ar128_cl4096_3_of_4 and its variant Type DECODER

Genie:   1992.0ms [  INFO ] graphName ar1_cl512_3_of_4 and its variant Type DECODER

Genie:   1992.0ms [  INFO ] graphName ar1_cl1024_3_of_4 and its variant Type DECODER

Genie:   1992.0ms [  INFO ] graphName ar1_cl2048_3_of_4 and its variant Type DECODER

Genie:   1992.1ms [  INFO ] graphName ar1_cl3072_3_of_4 and its variant Type DECODER

Genie:   1992.1ms [  INFO ] graphName ar1_cl4096_3_of_4 and its variant Type DECODER

Genie:   1992.1ms [  INFO ] graphName ar128_cl512_4_of_4 and its variant Type LMHEAD

Genie:   1992.1ms [  INFO ] graphName ar128_cl1024_4_of_4 and its variant Type LMHEAD

Genie:   1992.1ms [  INFO ] graphName ar128_cl2048_4_of_4 and its variant Type LMHEAD

Genie:   1992.1ms [  INFO ] graphName ar128_cl3072_4_of_4 and its variant Type LMHEAD

Genie:   1992.1ms [  INFO ] graphName ar128_cl4096_4_of_4 and its variant Type LMHEAD

Genie:   2018.4ms [  INFO ] graphName ar1_cl512_4_of_4 and its variant Type LMHEAD

Genie:   2018.4ms [  INFO ] graphName ar1_cl1024_4_of_4 and its variant Type LMHEAD

Genie:   2018.4ms [  INFO ] graphName ar1_cl2048_4_of_4 and its variant Type LMHEAD

Genie:   2018.4ms [  INFO ] graphName ar1_cl3072_4_of_4 and its variant Type LMHEAD

Genie:   2018.4ms [  INFO ] graphName ar1_cl4096_4_of_4 and its variant Type LMHEAD

Genie:   2018.4ms [  INFO ] Inserting graph ar1_cl512_1_of_4 as idx 0 for AR-1 CL-512

Genie:   2018.4ms [  INFO ] Inserting graph ar1_cl512_2_of_4 as idx 1 for AR-1 CL-512

Genie:   2018.4ms [  INFO ] Inserting graph ar1_cl512_3_of_4 as idx 2 for AR-1 CL-512

Genie:   2018.4ms [  INFO ] Inserting graph ar1_cl512_4_of_4 as idx 3 for AR-1 CL-512

Genie:   2018.4ms [  INFO ] Inserting graph ar1_cl1024_1_of_4 as idx 0 for AR-1 CL-1024

Genie:   2018.4ms [  INFO ] Inserting graph ar1_cl1024_2_of_4 as idx 1 for AR-1 CL-1024

Genie:   2018.4ms [  INFO ] Inserting graph ar1_cl1024_3_of_4 as idx 2 for AR-1 CL-1024

Genie:   2018.4ms [  INFO ] Inserting graph ar1_cl1024_4_of_4 as idx 3 for AR-1 CL-1024

Genie:   2018.4ms [  INFO ] Inserting graph ar1_cl2048_1_of_4 as idx 0 for AR-1 CL-2048

Genie:   2018.4ms [  INFO ] Inserting graph ar1_cl2048_2_of_4 as idx 1 for AR-1 CL-2048

Genie:   2018.4ms [  INFO ] Inserting graph ar1_cl2048_3_of_4 as idx 2 for AR-1 CL-2048

Genie:   2018.4ms [  INFO ] Inserting graph ar1_cl2048_4_of_4 as idx 3 for AR-1 CL-2048

Genie:   2018.4ms [  INFO ] Inserting graph ar1_cl3072_1_of_4 as idx 0 for AR-1 CL-3072

Genie:   2018.4ms [  INFO ] Inserting graph ar1_cl3072_2_of_4 as idx 1 for AR-1 CL-3072

Genie:   2018.4ms [  INFO ] Inserting graph ar1_cl3072_3_of_4 as idx 2 for AR-1 CL-3072

Genie:   2018.4ms [  INFO ] Inserting graph ar1_cl3072_4_of_4 as idx 3 for AR-1 CL-3072

Genie:   2018.4ms [  INFO ] Inserting graph ar1_cl4096_1_of_4 as idx 0 for AR-1 CL-4096

Genie:   2018.4ms [  INFO ] Inserting graph ar1_cl4096_2_of_4 as idx 1 for AR-1 CL-4096

Genie:   2018.4ms [  INFO ] Inserting graph ar1_cl4096_3_of_4 as idx 2 for AR-1 CL-4096

Genie:   2018.4ms [  INFO ] Inserting graph ar1_cl4096_4_of_4 as idx 3 for AR-1 CL-4096

Genie:   2018.4ms [  INFO ] Inserting graph ar128_cl512_1_of_4 as idx 0 for AR-128 CL-512

Genie:   2018.4ms [  INFO ] Inserting graph ar128_cl512_2_of_4 as idx 1 for AR-128 CL-512

Genie:   2018.4ms [  INFO ] Inserting graph ar128_cl512_3_of_4 as idx 2 for AR-128 CL-512

Genie:   2018.5ms [  INFO ] Inserting graph ar128_cl512_4_of_4 as idx 3 for AR-128 CL-512

Genie:   2018.5ms [  INFO ] Inserting graph ar128_cl1024_1_of_4 as idx 0 for AR-128 CL-1024

Genie:   2018.5ms [  INFO ] Inserting graph ar128_cl1024_2_of_4 as idx 1 for AR-128 CL-1024

Genie:   2018.5ms [  INFO ] Inserting graph ar128_cl1024_3_of_4 as idx 2 for AR-128 CL-1024

Genie:   2018.5ms [  INFO ] Inserting graph ar128_cl1024_4_of_4 as idx 3 for AR-128 CL-1024

Genie:   2018.5ms [  INFO ] Inserting graph ar128_cl2048_1_of_4 as idx 0 for AR-128 CL-2048

Genie:   2018.5ms [  INFO ] Inserting graph ar128_cl2048_2_of_4 as idx 1 for AR-128 CL-2048

Genie:   2018.5ms [  INFO ] Inserting graph ar128_cl2048_3_of_4 as idx 2 for AR-128 CL-2048

Genie:   2018.5ms [  INFO ] Inserting graph ar128_cl2048_4_of_4 as idx 3 for AR-128 CL-2048

Genie:   2018.5ms [  INFO ] Inserting graph ar128_cl3072_1_of_4 as idx 0 for AR-128 CL-3072

Genie:   2018.5ms [  INFO ] Inserting graph ar128_cl3072_2_of_4 as idx 1 for AR-128 CL-3072

Genie:   2018.5ms [  INFO ] Inserting graph ar128_cl3072_3_of_4 as idx 2 for AR-128 CL-3072

Genie:   2018.5ms [  INFO ] Inserting graph ar128_cl3072_4_of_4 as idx 3 for AR-128 CL-3072

Genie:   2018.5ms [  INFO ] Inserting graph ar128_cl4096_1_of_4 as idx 0 for AR-128 CL-4096

Genie:   2018.5ms [  INFO ] Inserting graph ar128_cl4096_2_of_4 as idx 1 for AR-128 CL-4096

Genie:   2018.5ms [  INFO ] Inserting graph ar128_cl4096_3_of_4 as idx 2 for AR-128 CL-4096

Genie:   2018.5ms [  INFO ] Inserting graph ar128_cl4096_4_of_4 as idx 3 for AR-128 CL-4096

Genie:   2018.5ms [  INFO ] qnn-htp: Grap[INFO]  "Using create From Binary"
hs loaded ((AR-n, CL-x): #splits): {(1, 512): 4, (1, 1024): 4, (1, 2048): 4, (1, 3072): 4, (1, 4096): 4, (128, 512): 4, (128, 1024): 4, (128, 2048): 4, (128, 3072): 4, (128, 4096): 4}

Genie:   2019.9ms [  INFO ]  <I> QnnLog_create started.


Genie:   2021.4ms [WARNING]  <W> Initializing HtpProvider


Genie:   2022.5ms [  INFO ]  <I> exit with 0


Genie:   2022.5ms [  INFO ]  <I> exit with 0


Genie:   2022.5ms [  INFO ]  <I> QnnLog_create exit.


Genie:      0.5ms [  INFO ] Key: soc_model, Value: 60

Genie:      0.5ms [  INFO ] Key: dsp_arch, Value: 73

Genie:      0.5ms [  INFO ] Key: core_id, Value: 0

Genie:      0.6ms [  INFO ] Key: perf profile, Value: burst 

Genie:      0.6ms [  INFO ] Key: perf_profile, Value: 5

Genie:      0.6ms [  INFO ] Key: rpc_control_latency, Value: 100

Genie:      0.6ms [  INFO ] Key: Weight Sharing, Value: true

Genie:      0.6ms [  INFO ] Key: memory type, Value: shared_buffer 

Genie:   2023.6ms [  INFO ]  <I> QnnBackend_create started. backend = 0xcb1780a8


Genie:   2023.6ms [  INFO ]  <I> QnnBackend_create done successfully. backend = 0xcb1780a8


Genie:      0.6ms [  INFO ] No deviceId specified by user, defaulting to deviceId=0

Genie:   2023.6ms [  INFO ]  <I> QnnDevice_create started


Genie:   2023.7ms [WARNING]  <W> Specified config ARCH, ignoring on real target


Genie:   2023.7ms [WARNING]  <W> Specified config SOC, ignoring on real target


Genie:   2026.6ms [  INFO ]  <I> First connection to QNN stub established!


Genie:   2224.0ms [  INFO ]  <I> QnnDevice_create done. device = 0x1. status 0x0


Genie:    203.0ms [  INFO ] QnnDevice_getInfrastructure passed


Genie:   2226.1ms [  INFO ]  <I> htpPerfInfrastructureCreatePowerConfigId started for deviceId: 0, coreId: 0



Genie:   2226.1ms [  INFO ]  <I> htpPerfInfrastructureCreatePowerConfigId done. status 0x0


Genie:    203.1ms [  INFO ] QnnDevice_getInfrastructure passed


Genie:   2226.1ms [  INFO ]  <I> htpPerfInfrastructureSetMemoryConfig started for deviceId: 0, coreId: 0


Genie:   2226.3ms [  INFO ]  <I> htpPerfInfrastructureSetMemoryConfig done. status 0x0


Genie:    203.3ms [  INFO ] Perf Infra set memory config return [0]

Genie:    203.3ms [  INFO ] Windows platform does not support RPC control latency

Genie:    203.3ms [  INFO ] QnnDevice_getInfrastructure passed


Genie:   2226.3ms [  INFO ]  <I> htpPerfInfrastructureSetPowerConfig started for powerConfigId: 967016704



Genie:   2226.3ms [  INFO ]  <I> htpPerfInfrastructureSetPowerConfig done. status 0x0


Genie:    203.3ms [  INFO ] Perf Infra set power config success

Genie:    203.4ms [  INFO ] QnnDevice_getInfrastructure passed


Genie:   2226.4ms [  INFO ]  <I> htpPerfInfrastructureSetPowerConfig started for powerConfigId: 967016704



Genie:   2227.9ms [  INFO ]  <I> htpPerfInfrastructureSetPowerConfig done. status 0x0


Genie:    204.9ms [  INFO ] Perf Infra set power config success

Genie:   5211.8ms [  INFO ]  <I> QnnContext_createFromBinary started. backend = 0x1, device = 0x1


Genie:   5212.6ms [WARNING]  <W> Invalid number of HVX thread configuration (8) for this SoC. It should be less than or equal to 4, will clip it to the maximum supported number.


Genie:   5212.7ms [WARNING]  <W> Invalid number of HVX thread configuration (8) for this SoC. It should be less than or equal to 4, will clip it to the maximum supported number.


Genie:   5212.7ms [WARNING]  <W> Invalid number of HVX thread configuration (8) for this SoC. It should be less than or equal to 4, will clip it to the maximum supported number.


Genie:   5212.7ms [WARNING]  <W> Invalid number of HVX thread configuration (8) for this SoC. It should be less than or equal to 4, will clip it to the maximum supported number.


Genie:   5212.7ms [WARNING]  <W> Invalid number of HVX thread configuration (8) for this SoC. It should be less than or equal to 4, will clip it to the maximum supported number.


Genie:   5212.7ms [WARNING]  <W> Invalid number of HVX thread configuration (8) for this SoC. It should be less than or equal to 4, will clip it to the maximum supported number.


Genie:   5212.7ms [WARNING]  <W> Invalid number of HVX thread configuration (8) for this SoC. It should be less than or equal to 4, will clip it to the maximum supported number.


Genie:   5212.8ms [WARNING]  <W> Invalid number of HVX thread configuration (8) for this SoC. It should be less than or equal to 4, will clip it to the maximum supported number.


Genie:   5212.8ms [WARNING]  <W> Invalid number of HVX thread configuration (8) for this SoC. It should be less than or equal to 4, will clip it to the maximum supported number.


Genie:   5212.8ms [WARNING]  <W> Invalid number of HVX thread configuration (8) for this SoC. It should be less than or equal to 4, will clip it to the maximum supported number.


Genie:   5212.8ms [WARNING]  <W> m_CFBCallbackInfoObj is not initialized, return emptyList


Genie:   5212.9ms [ ERROR ]  <E> [ERROR][SetBufName][SW] status=-1


Genie:   5300.5ms [WARNING]  <W> setInferenceBufferForHtpExtensionSkel: not supported for DeviceId 0 coreId 0 pdId 0


Genie:   5300.6ms [WARNING]  <W> setInferenceBufferForHtpExtensionSkel not supported on this platform


Genie:   5302.5ms [WARNING]  <W> setInferenceBufferForHtpExtensionSkel: not supported for DeviceId 0 coreId 0 pdId 0


Genie:   5302.6ms [WARNING]  <W> setInferenceBufferForHtpExtensionSkel not supported on this platform


Genie:   5304.3ms [WARNING]  <W> setInferenceBufferForHtpExtensionSkel: not supported for DeviceId 0 coreId 0 pdId 0


Genie:   5304.3ms [WARNING]  <W> setInferenceBufferForHtpExtensionSkel not supported on this platform


Genie:   5305.8ms [WARNING]  <W> setInferenceBufferForHtpExtensionSkel: not supported for DeviceId 0 coreId 0 pdId 0


Genie:   5305.8ms [WARNING]  <W> setInferenceBufferForHtpExtensionSkel not supported on this platform


Genie:   5307.6ms [WARNING]  <W> setInferenceBufferForHtpExtensionSkel: not supported for DeviceId 0 coreId 0 pdId 0


Genie:   5307.7ms [WARNING]  <W> setInferenceBufferForHtpExtensionSkel not supported on this platform


Genie:   5310.2ms [WARNING]  <W> setInferenceBufferForHtpExtensionSkel: not supported for DeviceId 0 coreId 0 pdId 0


Genie:   5310.3ms [WARNING]  <W> setInferenceBufferForHtpExtensionSkel not supported on this platform


Genie:   5312.1ms [WARNING]  <W> setInferenceBufferForHtpExtensionSkel: not supported for DeviceId 0 coreId 0 pdId 0


Genie:   5312.2ms [WARNING]  <W> setInferenceBufferForHtpExtensionSkel not supported on this platform


Genie:   5314.2ms [WARNING]  <W> setInferenceBufferForHtpExtensionSkel: not supported for DeviceId 0 coreId 0 pdId 0


Genie:   5314.2ms [WARNING]  <W> setInferenceBufferForHtpExtensionSkel not supported on this platform


Genie:   5315.9ms [WARNING]  <W> setInferenceBufferForHtpExtensionSkel: not supported for DeviceId 0 coreId 0 pdId 0


Genie:   5315.9ms [WARNING]  <W> setInferenceBufferForHtpExtensionSkel not supported on this platform


Genie:   5318.4ms [WARNING]  <W> setInferenceBufferForHtpExtensionSkel: not supported for DeviceId 0 coreId 0 pdId 0


Genie:   5318.5ms [WARNING]  <W> setInferenceBufferForHtpExtensionSkel not supported on this platform


Genie:   5318.6ms [  INFO ]  <I> graph 256 weights fully shared, not packaging


Genie:   5318.6ms [  INFO ]  <I> graph 257 weights fully shared, not packaging


Genie:   5318.6ms [  INFO ]  <I> graph 258 weights fully shared, not packaging


Genie:   5318.6ms [  INFO ]  <I> graph 259 weights fully shared, not packaging


Genie:   5318.6ms [  INFO ]  <I> graph 260 weights fully shared, not packaging


Genie:   5318.6ms [  INFO ]  <I> graph 261 weights fully shared, not packaging


Genie:   5318.6ms [  INFO ]  <I> graph 262 weights fully shared, not packaging


Genie:   5318.6ms [  INFO ]  <I> graph 263 weights fully shared, not packaging


Genie:   5318.6ms [  INFO ]  <I> graph 264 weights fully shared, not packaging


Genie:   5318.6ms [  INFO ]  <I> graph 265 weights fully shared, not packaging


Genie:   5318.8ms [  INFO ]  <I> graph 256 weights fully shared, not packaging


Genie:   5318.8ms [  INFO ]  <I> graph 257 weights fully shared, not packaging


Genie:   5318.8ms [INFO]  "Allocated total size = 816554496 across 7 buffers"
[  INFO ]  <I> graph 258 weights fully shared, not packaging


Genie:   5319.0ms [  INFO ]  <I> graph 259 weights fully shared, not packaging


Genie:   5319.0ms [  INFO ]  <I> graph 260 weights fully shared, not packaging


Genie:   5319.0ms [  INFO ]  <I> graph 261 weights fully shared, not packaging


Genie:   5319.0ms [  INFO ]  <I> graph 262 weights fully shared, not packaging


Genie:   5319.0ms [  INFO ]  <I> graph 263 weights fully shared, not packaging


Genie:   5319.0ms [  INFO ]  <I> graph 264 weights fully shared, not packaging


Genie:   5319.0ms [  INFO ]  <I> graph 265 weights fully shared, not packaging


Genie:   5403.4ms [WARNING]  <W> This option (6) is only for create context from binary use case.


Genie:   5403.5ms [  INFO ]  <I> graph ar128_cl512_1_of_4 is loaded 1


Genie:   5403.5ms [  INFO ]  <I> graph ar128_cl1024_1_of_4 is loaded 1


Genie:   5403.5ms [  INFO ]  <I> graph ar128_cl2048_1_of_4 is loaded 1


Genie:   5403.5ms [  INFO ]  <I> graph ar128_cl3072_1_of_4 is loaded 1


Genie:   5403.5ms [  INFO ]  <I> graph ar128_cl4096_1_of_4 is loaded 1


Genie:   5403.5ms [  INFO ]  <I> graph ar1_cl512_1_of_4 is loaded 1


Genie:   5403.5ms [  INFO ]  <I> graph ar1_cl1024_1_of_4 is loaded 1


Genie:   5403.5ms [  INFO ]  <I> graph ar1_cl2048_1_of_4 is loaded 1


Genie:   5403.5ms [  INFO ]  <I> graph ar1_cl3072_1_of_4 is loaded 1


Genie:   5403.5ms [  INFO ]  <I> graph ar1_cl4096_1_of_4 is loaded 1


Genie:   5404.2ms [  INFO ]  <I> Number of existing contexts: 1, graphs: 10


Genie:   5404.3ms [  INFO ]  <I> QnnContext_createFromBinary done successfully. context = 0x1


Genie:   5410.9ms [  INFO ]  <I> QnnGraph_retrieve started. context = 0x1


Genie:   5411.0ms [  INFO ]  <I> Number of existing contexts: 1, graphs: 10


Genie:   5411.0ms [  INFO ]  <I> QnnGraph_retrieve done. status 0x0


Genie:   5411.0ms [  INFO ]  <I> QnnMem_register started. context 0x1 


Genie:   5412.0ms [  INFO ]  <I> QnnMem_register done. status 0x0


Genie:   5412.0ms [  INFO ]  <I> QnnMem_register started. context 0x1 


Genie:   5412.8ms [  INFO ]  <I> QnnMem_register done. status 0x0


Genie:   5412.8ms [  INFO ]  <I> QnnGraph_retrieve started. context = 0x1


Genie:   5412.8ms [  INFO ]  <I> Number of existing contexts: 1, graphs: 10


Genie:   5412.8ms [  INFO ]  <I> QnnGraph_retrieve done. status 0x0


Genie:   5412.8ms [  INFO ]  <I> QnnGraph_retrieve started. context = 0x1


Genie:   5412.8ms [  INFO ]  <I> Number of existing contexts: 1, graphs: 10


Genie:   5412.8ms [  INFO ]  <I> QnnGraph_retrieve done. status 0x0


Genie:   5412.8ms [  INFO ]  <I> QnnGraph_retrieve started. context = 0x1


Genie:   5412.8ms [  INFO ]  <I> Number of existing contexts: 1, graphs: 10


Genie:   5412.8ms [  INFO ]  <I> QnnGraph_retrieve done. status 0x0


Genie:   5412.8ms [  INFO ]  <I> QnnGraph_retrieve started. context = 0x1


Genie:   5412.8ms [  INFO ]  <I> Number of existing contexts: 1, graphs: 10


Genie:   5412.8ms [  INFO ]  <I> QnnGraph_retrieve done. status 0x0


Genie:   5412.8ms [  INFO ]  <I> QnnGraph_retrieve started. context = 0x1


Genie:   5412.8ms [  INFO ]  <I> Number of existing contexts: 1, graphs: 10


Genie:   5412.8ms [  INFO ]  <I> QnnGraph_retrieve done. status 0x0


Genie:   5412.8ms [  INFO ]  <I> QnnGraph_retrieve started. context = 0x1


Genie:   5412.8ms [  INFO ]  <I> Number of existing contexts: 1, graphs: 10


Genie:   5412.8ms [  INFO ]  <I> QnnGraph_retrieve done. status 0x0


Genie:   5412.9ms [  INFO ]  <I> QnnGraph_retrieve started. context = 0x1


Genie:   5412.9ms [  INFO ]  <I> Number of existing contexts: 1, graphs: 10


Genie:   5412.9ms [  INFO ]  <I> QnnGraph_retrieve done. status 0x0


Genie:   5412.9ms [  INFO ]  <I> QnnGraph_retrieve started. context = 0x1


Genie:   5412.9ms [  INFO ]  <I> Number of existing contexts: 1, graphs: 10


Genie:   5412.9ms [  INFO ]  <I> QnnGraph_retrieve done. status 0x0


Genie:   5412.9ms [  INFO ]  <I> QnnGraph_retrieve started. context = 0x1


Genie:   5412.9ms [  INFO ]  <I> Number of existing contexts: 1, graphs: 10


Genie:   5412.9ms [  INFO ]  <I> QnnGraph_retrieve done. status 0x0


Genie:   5412.9ms [  INFO ]  <I> QnnContext_createFromBinary started. backend = 0x1, device = 0x1


Genie:   5420.0ms [WARNING]  <W> Invalid number of HVX thread configuration (8) for this SoC. It should be less than or equal to 4, will clip it to the maximum supported number.


Genie:   5423.6ms [WARNING]  <W> Invalid number of HVX thread configuration (8) for this SoC. It should be less than or equal to 4, will clip it to the maximum supported number.


Genie:   5426.7ms [WARNING]  <W> Invalid number of HVX thread configuration (8) for this SoC. It should be less than or equal to 4, will clip it to the maximum supported number.


Genie:   5431.5ms [WARNING]  <W> Invalid number of HVX thread configuration (8) for this SoC. It should be less than or equal to 4, will clip it to the maximum supported number.


Genie:   5435.3ms [WARNING]  <W> Invalid number of HVX thread configuration (8) for this SoC. It should be less than or equal to 4, will clip it to the maximum supported number.


Genie:   5438.3ms [WARNING]  <W> Invalid number of HVX thread configuration (8) for this SoC. It should be less than or equal to 4, will clip it to the maximum supported number.


Genie:   5441.0ms [WARNING]  <W> Invalid number of HVX thread configuration (8) for this SoC. It should be less than or equal to 4, will clip it to the maximum supported number.


Genie:   5444.7ms [WARNING]  <W> Invalid number of HVX thread configuration (8) for this SoC. It should be less than or equal to 4, will clip it to the maximum supported number.


Genie:   5447.6ms [WARNING]  <W> Invalid number of HVX thread configuration (8) for this SoC. It should be less than or equal to 4, will clip it to the maximum supported number.


Genie:   5451.1ms [WARNING]  <W> Invalid number of HVX thread configuration (8) for this SoC. It should be less than or equal to 4, will clip it to the maximum supported number.


Genie:   5451.2ms [WARNING]  <W> m_CFBCallbackInfoObj is not initialized, return emptyList


Genie:   5451.3ms [ ERROR ]  <E> [ERROR][SetBufName][SW] status=-1


Genie:   5451.4ms [WARNING]  <W> Unable to set thread name


Genie:   6839.4ms [WARNING]  <W> setInferenceBufferForHtpExtensionSkel: not supported for DeviceId 0 coreId 0 pdId 2


Genie:   6839.6ms [WARNING]  <W> setInferenceBufferForHtpExtensionSkel not supported on this platform


Genie:   6842.8ms [WARNING]  <W> setInferenceBufferForHtpExtensionSkel: not supported for DeviceId 0 coreId 0 pdId 2


Genie:   6842.9ms [WARNING]  <W> setInferenceBufferForHtpExtensionSkel not supported on this platform


Genie:   6845.2ms [WARNING]  <W> setInferenceBufferForHtpExtensionSkel: not supported for DeviceId 0 coreId 0 pdId 2


Genie:   6845.3ms [WARNING]  <W> setInferenceBufferForHtpExtensionSkel not supported on this platform


Genie:   6847.8ms [WARNING]  <W> setInferenceBufferForHtpExtensionSkel: not supported for DeviceId 0 coreId 0 pdId 2


Genie:   6847.9ms [WARNING]  <W> setInferenceBufferForHtpExtensionSkel not supported on this platform


Genie:   6850.5ms [WARNING]  <W> setInferenceBufferForHtpExtensionSkel: not supported for DeviceId 0 coreId 0 pdId 2


Genie:   6850.6ms [WARNING]  <W> setInferenceBufferForHtpExtensionSkel not supported on this platform


Genie:   6853.8ms [WARNING]  <W> setInferenceBufferForHtpExtensionSkel: not supported for DeviceId 0 coreId 0 pdId 2


Genie:   6853.9ms [WARNING]  <W> setInferenceBufferForHtpExtensionSkel not supported on this platform


Genie:   6856.4ms [WARNING]  <W> setInferenceBufferForHtpExtensionSkel: not supported for DeviceId 0 coreId 0 pdId 2


Genie:   6856.5ms [WARNING]  <W> setInferenceBufferForHtpExtensionSkel not supported on this platform


Genie:   6859.4ms [WARNING]  <W> setInferenceBufferForHtpExtensionSkel: not supported for DeviceId 0 coreId 0 pdId 2


Genie:   6859.5ms [WARNING]  <W> setInferenceBufferForHtpExtensionSkel not supported on this platform


Genie:   6861.8ms [WARNING]  <W> setInferenceBufferForHtpExtensionSkel: not supported for DeviceId 0 coreId 0 pdId 2


Genie:   6861.8ms [WARNING]  <W> setInferenceBufferForHtpExtensionSkel not supported on this platform


Genie:   6863.8ms [WARNING]  <W> setInferenceBufferForHtpExtensionSkel: not supported for DeviceId 0 coreId 0 pdId 2


Genie:   6863.9ms [WARNING]  <W> setInferenceBufferForHtpExtensionSkel not supported on this platform


Genie:   6864.0ms [  INFO ]  <I> graph 256 weights fully shared, not packaging


Genie:   6864.0ms [  INFO ]  <I> graph 257 weights fully shared, not packaging


Genie:   6864.0ms [  INFO ]  <I> graph 258 weights fully shared, not packaging


Genie:   6864.0ms [  INFO ]  <I> graph 259 weights fully shared, not packaging


Genie:   6864.0ms [  INFO ]  <I> graph 260 weights fully shared, not packaging


Genie:   6864.0ms [  INFO ]  <I> graph 261 weights fully shared, not packaging


Genie:   6864.0ms [  INFO ]  <I> graph 262 weights fully shared, not packaging


Genie:   6864.0ms [  INFO ]  <I> graph 263 weights fully shared, not packaging


Genie:   6864.0ms [  INFO ]  <I> graph 264 weights fully shared, not packaging


Genie:   6864.0ms [  INFO ]  <I> graph 265 weights fully shared, not packaging


Genie:   6928.9ms [  INFO ]  <I> graph 256 weights fully shared, not packaging


Genie:   6928.9ms [  INFO ]  <I> graph 257 weights fully shared, not packaging


Genie:   6928.9ms [  INFO ]  <I> graph 258 weights fully shared, not packaging


Genie:   6928.9ms [  INFO ]  <I> graph 259 weights fully shared, not packaging


Genie:   6928.9ms [  INFO ]  <I> graph 260 weights fully shared, not packaging


Genie:   6928.9ms [  INFO ]  <I> graph 261 weights fully shared, not packaging


Genie:   6928.9ms [  INFO ]  <I> graph 262 weights fully shared, not packaging


Genie:   6928.9ms [  INFO ]  <I> graph 263 weights fully shared, not packaging


Genie:   6928.9ms [  INFO ]  <I> graph 264 weights fully shared, not packaging


Genie:   6928.9ms [  INFO ]  <I> graph 265 weights fully shared, not packaging


Genie:   9382.5ms [WARNING]  <W> This option (6) is only for create context from binary use case.


Genie:   9382.5ms [  INFO ]  <I> graph ar128_cl512_2_of_4 is loaded 1


Genie:   9382.5ms [  INFO ]  <I> graph ar128_cl1024_2_of_4 is loaded 1


Genie:   9382.5ms [  INFO ]  <I> graph ar128_cl2048_2_of_4 is loaded 1


Genie:   9382.5ms [  INFO ]  <I> graph ar128_cl3072_2_of_4 is loaded 1


Genie:   9382.5ms [  INFO ]  <I> graph ar128_cl4096_2_of_4 is loaded 1


Genie:   9382.5ms [  INFO ]  <I> graph ar1_cl512_2_of_4 is loaded 1


Genie:   9382.5ms [  INFO ]  <I> graph ar1_cl1024_2_of_4 is loaded 1


Genie:   9382.6ms [  INFO ]  <I> graph ar1_cl2048_2_of_4 is loaded 1


Genie:   9382.6ms [  INFO ]  <I> graph ar1_cl3072_2_of_4 is loaded 1


Genie:   9382.6ms [  INFO ]  <I> graph ar1_cl4096_2_of_4 is loaded 1


Genie:   9383.7ms [  INFO ]  <I> Number of existing contexts: 2, graphs: 20


Genie:   9383.7ms [  INFO ]  <I> QnnContext_createFromBinary done successfully. context = 0x2


Genie:   9482.2ms [  INFO ]  <I> QnnGraph_retrieve started. context = 0x2


Genie:   9482.2ms [  INFO ]  <I> Number of existing contexts: 2, graphs: 20


Genie:   9482.2ms [  INFO ]  <I> QnnGraph_retrieve done. status 0x0


Genie:   9482.3ms [  INFO ]  <I> QnnMem_register started. context 0x2 


Genie:   9632.5ms [  INFO ]  <I> QnnMem_register done. status 0x0


Genie:   9632.5ms [  INFO ]  <I> QnnMem_register started. context 0x2 


Genie:   9632.5ms [  INFO ]  <I> QnnMem_register done. status 0x0


Genie:   9632.5ms [  INFO ]  <I> QnnMem_register started. context 0x2 


Genie:   9632.5ms [  INFO ]  <I> QnnMem_register done. status 0x0


Genie:   9632.5ms [  INFO ]  <I> QnnMem_register started. context 0x2 


Genie:   9632.6ms [  INFO ]  <I> QnnMem_register done. status 0x0


Genie:   9632.6ms [  INFO ]  <I> QnnMem_register started. context 0x2 


Genie:   9632.6ms [  INFO ]  <I> QnnMem_register done. status 0x0


Genie:   9632.6ms [  INFO ]  <I> QnnMem_register started. context 0x2 


Genie:   9632.6ms [  INFO ]  <I> QnnMem_register done. status 0x0


Genie:   9632.6ms [  INFO ]  <I> QnnMem_register started. context 0x2 


Genie:   9632.6ms [  INFO ]  <I> QnnMem_register done. status 0x0


Genie:   9632.6ms [  INFO ]  <I> QnnMem_register started. context 0x2 


Genie:   9632.7ms [  INFO ]  <I> QnnMem_register done. status 0x0


Genie:   9632.7ms [  INFO ]  <I> QnnMem_register started. context 0x2 


Genie:   9632.7ms [  INFO ]  <I> QnnMem_register done. status 0x0


Genie:   9632.7ms [  INFO ]  <I> QnnMem_register started. context 0x2 


Genie:   9632.7ms [  INFO ]  <I> QnnMem_register done. status 0x0


Genie:   9632.7ms [  INFO ]  <I> QnnMem_register started. context 0x2 


Genie:   9632.7ms [  INFO ]  <I> QnnMem_register done. status 0x0


Genie:   9632.7ms [  INFO ]  <I> QnnMem_register started. context 0x2 


Genie:   9632.7ms [  INFO ]  <I> QnnMem_register done. status 0x0


Genie:   9632.7ms [  INFO ]  <I> QnnMem_register started. context 0x2 


Genie:   9632.7ms [  INFO ]  <I> QnnMem_register done. status 0x0


Genie:   9632.7ms [  INFO ]  <I> QnnMem_register started. context 0x2 


Genie:   9632.7ms [  INFO ]  <I> QnnMem_register done. status 0x0


Genie:   9632.7ms [  INFO ]  <I> QnnMem_register started. context 0x2 


Genie:   9632.7ms [  INFO ]  <I> QnnMem_register done. status 0x0


Genie:   9632.7ms [  INFO ]  <I> QnnMem_register started. context 0x2 


Genie:   9632.8ms [  INFO ]  <I> QnnMem_register done. status 0x0


Genie:   9632.8ms [  INFO ]  <I> QnnMem_register started. context 0x2 


Genie:   9632.8ms [  INFO ]  <I> QnnMem_register done. status 0x0


Genie:   9632.8ms [  INFO ]  <I> QnnMem_register started. context 0x2 


Genie:   9632.8ms [  INFO ]  <I> QnnMem_register done. status 0x0


Genie:   9632.8ms [  INFO ]  <I> QnnMem_register started. context 0x2 


Genie:   9632.8ms [  INFO ]  <I> QnnMem_register done. status 0x0


Genie:   9632.8ms [  INFO ]  <I> QnnMem_register started. context 0x2 


Genie:   9632.8ms [  INFO ]  <I> QnnMem_register done. status 0x0


Genie:   9632.8ms [  INFO ]  <I> QnnMem_register started. context 0x2 


Genie:   9632.8ms [  INFO ]  <I> QnnMem_register done. status 0x0


Genie:   9632.8ms [  INFO ]  <I> QnnMem_register started. context 0x2 


Genie:   9632.8ms [  INFO ]  <I> QnnMem_register done. status 0x0


Genie:   9632.8ms [  INFO ]  <I> QnnMem_register started. context 0x2 


Genie:   9632.8ms [  INFO ]  <I> QnnMem_register done. status 0x0


Genie:   9632.8ms [  INFO ]  <I> QnnMem_register started. context 0x2 


Genie:   9632.8ms [  INFO ]  <I> QnnMem_register done. status 0x0


Genie:   9632.8ms [  INFO ]  <I> QnnMem_register started. context 0x2 


Genie:   9632.9ms [  INFO ]  <I> QnnMem_register done. status 0x0


Genie:   9632.9ms [  INFO ]  <I> QnnMem_register started. context 0x2 


Genie:   9632.9ms [  INFO ]  <I> QnnMem_register done. status 0x0


Genie:   9632.9ms [  INFO ]  <I> QnnMem_register started. context 0x2 


Genie:   9632.9ms [  INFO ]  <I> QnnMem_register done. status 0x0


Genie:   9632.9ms [  INFO ]  <I> QnnMem_register started. context 0x2 


Genie:   9632.9ms [  INFO ]  <I> QnnMem_register done. status 0x0


Genie:   9632.9ms [  INFO ]  <I> QnnMem_register started. context 0x2 


Genie:   9632.9ms [  INFO ]  <I> QnnMem_register done. status 0x0


Genie:   9632.9ms [  INFO ]  <I> QnnMem_register started. context 0x2 


Genie:   9632.9ms [  INFO ]  <I> QnnMem_register done. status 0x0


Genie:   9632.9ms [  INFO ]  <I> QnnMem_register started. context 0x2 


Genie:   9632.9ms [  INFO ]  <I> QnnMem_register done. status 0x0


Genie:   9632.9ms [  INFO ]  <I> QnnMem_register started. context 0x2 


Genie:   9632.9ms [  INFO ]  <I> QnnMem_register done. status 0x0


Genie:   9632.9ms [  INFO ]  <I> QnnMem_register started. context 0x2 


Genie:   9633.8ms [  INFO ]  <I> QnnMem_register done. status 0x0


Genie:   9633.8ms [  INFO ]  <I> QnnMem_register started. context 0x2 


Genie:   9635.0ms [  INFO ]  <I> QnnMem_register done. status 0x0


Genie:   9635.0ms [  INFO ]  <I> QnnMem_register started. context 0x2 


Genie:   9635.0ms [  INFO ]  <I> QnnMem_register done. status 0x0


Genie:   9635.0ms [  INFO ]  <I> QnnMem_register started. context 0x2 


Genie:   9635.0ms [  INFO ]  <I> QnnMem_register done. status 0x0


Genie:   9635.1ms [  INFO ]  <I> QnnMem_register started. context 0x2 


Genie:   9635.1ms [  INFO ]  <I> QnnMem_register done. status 0x0


Genie:   9635.1ms [  INFO ]  <I> QnnMem_register started. context 0x2 


Genie:   9635.1ms [  INFO ]  <I> QnnMem_register done. status 0x0


Genie:   9635.1ms [  INFO ]  <I> QnnMem_register started. context 0x2 


Genie:   9635.1ms [  INFO ]  <I> QnnMem_register done. status 0x0


Genie:   9635.1ms [  INFO ]  <I> QnnMem_register started. context 0x2 


Genie:   9635.1ms [  INFO ]  <I> QnnMem_register done. status 0x0


Genie:   9635.1ms [  INFO ]  <I> QnnMem_register started. context 0x2 


Genie:   9635.1ms [  INFO ]  <I> QnnMem_register done. status 0x0


Genie:   9635.1ms [  INFO ]  <I> QnnMem_register started. context 0x2 


Genie:   9635.1ms [  INFO ]  <I> QnnMem_register done. status 0x0


Genie:   9635.1ms [  INFO ]  <I> QnnMem_register started. context 0x2 


Genie:   9635.1ms [  INFO ]  <I> QnnMem_register done. status 0x0


Genie:   9635.1ms [  INFO ]  <I> QnnMem_register started. context 0x2 


Genie:   9635.1ms [  INFO ]  <I> QnnMem_register done. status 0x0


Genie:   9635.1ms [  INFO ]  <I> QnnMem_register started. context 0x2 


Genie:   9635.1ms [  INFO ]  <I> QnnMem_register done. status 0x0


Genie:   9635.1ms [  INFO ]  <I> QnnMem_register started. context 0x2 


Genie:   9635.1ms [  INFO ]  <I> QnnMem_register done. status 0x0


Genie:   9635.1ms [  INFO ]  <I> QnnMem_register started. context 0x2 


Genie:   9635.1ms [  INFO ]  <I> QnnMem_register done. status 0x0


Genie:   9635.1ms [  INFO ]  <I> QnnMem_register started. context 0x2 


Genie:   9635.1ms [  INFO ]  <I> QnnMem_register done. status 0x0


Genie:   9635.1ms [  INFO ]  <I> QnnMem_register started. context 0x2 


Genie:   9635.1ms [  INFO ]  <I> QnnMem_register done. status 0x0


Genie:   9635.1ms [  INFO ]  <I> QnnMem_register started. context 0x2 


Genie:   9635.1ms [  INFO ]  <I> QnnMem_register done. status 0x0


Genie:   9635.1ms [  INFO ]  <I> QnnMem_register started. context 0x2 


Genie:   9635.1ms [  INFO ]  <I> QnnMem_register done. status 0x0


Genie:   9635.1ms [  INFO ]  <I> QnnMem_register started. context 0x2 


Genie:   9635.1ms [  INFO ]  <I> QnnMem_register done. status 0x0


Genie:   9635.1ms [  INFO ]  <I> QnnMem_register started. context 0x2 


Genie:   9635.1ms [  INFO ]  <I> QnnMem_register done. status 0x0


Genie:   9635.2ms [  INFO ]  <I> QnnMem_register started. context 0x2 


Genie:   9635.2ms [  INFO ]  <I> QnnMem_register done. status 0x0


Genie:   9635.2ms [  INFO ]  <I> QnnMem_register started. context 0x2 


Genie:   9635.2ms [  INFO ]  <I> QnnMem_register done. status 0x0


Genie:   9635.2ms [  INFO ]  <I> QnnMem_register started. context 0x2 


Genie:   9635.2ms [  INFO ]  <I> QnnMem_register done. status 0x0


Genie:   9635.2ms [  INFO ]  <I> QnnMem_register started. context 0x2 


Genie:   9635.2ms [  INFO ]  <I> QnnMem_register done. status 0x0


Genie:   9635.2ms [  INFO ]  <I> QnnMem_register started. context 0x2 


Genie:   9635.2ms [  INFO ]  <I> QnnMem_register done. status 0x0


Genie:   9635.2ms [  INFO ]  <I> QnnMem_register started. context 0x2 


Genie:   9635.2ms [  INFO ]  <I> QnnMem_register done. status 0x0


Genie:   9635.2ms [  INFO ]  <I> QnnMem_register started. context 0x2 


Genie:   9635.2ms [  INFO ]  <I> QnnMem_register done. status 0x0


Genie:   9635.2ms [  INFO ]  <I> QnnMem_register started. context 0x2 


Genie:   9635.2ms [  INFO ]  <I> QnnMem_register done. status 0x0


Genie:   9635.2ms [  INFO ]  <I> QnnMem_register started. context 0x2 


Genie:   9635.2ms [  INFO ]  <I> QnnMem_register done. status 0x0


Genie:   9635.2ms [  INFO ]  <I> QnnMem_register started. context 0x2 


Genie:   9635.2ms [  INFO ]  <I> QnnMem_register done. status 0x0


Genie:   9635.2ms [  INFO ]  <I> QnnMem_register started. context 0x2 


Genie:   9635.2ms [  INFO ]  <I> QnnMem_register done. status 0x0


Genie:   9635.2ms [  INFO ]  <I> QnnMem_register started. context 0x2 


Genie:   9635.2ms [  INFO ]  <I> QnnMem_register done. status 0x0


Genie:   9635.2ms [  INFO ]  <I> QnnMem_register started. context 0x2 


Genie:   9635.2ms [  INFO ]  <I> QnnMem_register done. status 0x0


Genie:   9635.2ms [  INFO ]  <I> QnnMem_register started. context 0x2 


Genie:   9635.2ms [  INFO ]  <I> QnnMem_register done. status 0x0


Genie:   9635.2ms [  INFO ]  <I> QnnMem_register started. context 0x2 


Genie:   9635.2ms [  INFO ]  <I> QnnMem_register done. status 0x0


Genie:   9635.2ms [  INFO ]  <I> QnnMem_register started. context 0x2 


Genie:   9635.3ms [  INFO ]  <I> QnnMem_register done. status 0x0


Genie:   9635.3ms [  INFO ]  <I> QnnGraph_retrieve started. context = 0x2


Genie:   9635.3ms [  INFO ]  <I> Number of existing contexts: 2, graphs: 20


Genie:   9635.3ms [  INFO ]  <I> QnnGraph_retrieve done. status 0x0


Genie:   9635.3ms [  INFO ]  <I> QnnMem_register started. context 0x2 


Genie:   9635.3ms [  INFO ]  <I> QnnMem_register done. status 0x0


Genie:   9635.4ms [  INFO ]  <I> QnnMem_register started. context 0x2 


Genie:   9635.4ms [  INFO ]  <I> QnnMem_register done. status 0x0


Genie:   9635.4ms [  INFO ]  <I> QnnMem_register started. context 0x2 


Genie:   9635.4ms [  INFO ]  <I> QnnMem_register done. status 0x0


Genie:   9635.4ms [  INFO ]  <I> QnnMem_register started. context 0x2 


Genie:   9635.4ms [  INFO ]  <I> QnnMem_register done. status 0x0


Genie:   9635.4ms [  INFO ]  <I> QnnMem_register started. context 0x2 


Genie:   9635.4ms [  INFO ]  <I> QnnMem_register done. status 0x0


Genie:   9635.4ms [  INFO ]  <I> QnnMem_register started. context 0x2 


Genie:   9635.4ms [  INFO ]  <I> QnnMem_register done. status 0x0


Genie:   9635.4ms [  INFO ]  <I> QnnMem_register started. context 0x2 


Genie:   9635.4ms [  INFO ]  <I> QnnMem_register done. status 0x0


Genie:   9635.4ms [  INFO ]  <I> QnnMem_register started. context 0x2 


Genie:   9635.4ms [  INFO ]  <I> QnnMem_register done. status 0x0


Genie:   9635.4ms [  INFO ]  <I> QnnMem_register started. context 0x2 


Genie:   9635.4ms [  INFO ]  <I> QnnMem_register done. status 0x0


Genie:   9635.4ms [  INFO ]  <I> QnnMem_register started. context 0x2 


Genie:   9635.5ms [  INFO ]  <I> QnnMem_register done. status 0x0


Genie:   9635.5ms [  INFO ]  <I> QnnMem_register started. context 0x2 


Genie:   9635.5ms [  INFO ]  <I> QnnMem_register done. status 0x0


Genie:   9635.5ms [  INFO ]  <I> QnnMem_register started. context 0x2 


Genie:   9635.5ms [  INFO ]  <I> QnnMem_register done. status 0x0


Genie:   9635.5ms [  INFO ]  <I> QnnMem_register started. context 0x2 


Genie:   9635.5ms [  INFO ]  <I> QnnMem_register done. status 0x0


Genie:   9635.5ms [  INFO ]  <I> QnnMem_register started. context 0x2 


Genie:   9635.5ms [  INFO ]  <I> QnnMem_register done. status 0x0


Genie:   9635.5ms [  INFO ]  <I> QnnMem_register started. context 0x2 


Genie:   9635.5ms [  INFO ]  <I> QnnMem_register done. status 0x0


Genie:   9635.5ms [  INFO ]  <I> QnnMem_register started. context 0x2 


Genie:   9635.5ms [  INFO ]  <I> QnnMem_register done. status 0x0


Genie:   9635.5ms [  INFO ]  <I> QnnMem_register started. context 0x2 


Genie:   9635.5ms [  INFO ]  <I> QnnMem_register done. status 0x0


Genie:   9635.5ms [  INFO ]  <I> QnnMem_register started. context 0x2 


Genie:   9635.5ms [  INFO ]  <I> QnnMem_register done. status 0x0


Genie:   9635.6ms [  INFO ]  <I> QnnMem_register started. context 0x2 


Genie:   9635.6ms [  INFO ]  <I> QnnMem_register done. status 0x0


Genie:   9635.6ms [  INFO ]  <I> QnnMem_register started. context 0x2 


Genie:   9635.6ms [  INFO ]  <I> QnnMem_register done. status 0x0


Genie:   9635.6ms [  INFO ]  <I> QnnMem_register started. context 0x2 


Genie:   9635.6ms [  INFO ]  <I> QnnMem_register done. status 0x0


Genie:   9635.6ms [  INFO ]  <I> QnnMem_register started. context 0x2 


Genie:   9635.6ms [  INFO ]  <I> QnnMem_register done. status 0x0


Genie:   9635.6ms [  INFO ]  <I> QnnMem_register started. context 0x2 


Genie:   9635.6ms [  INFO ]  <I> QnnMem_register done. status 0x0


Genie:   9635.6ms [  INFO ]  <I> QnnMem_register started. context 0x2 


Genie:   9635.6ms [  INFO ]  <I> QnnMem_register done. status 0x0


Genie:   9635.6ms [  INFO ]  <I> QnnMem_register started. context 0x2 


Genie:   9635.6ms [  INFO ]  <I> QnnMem_register done. status 0x0


Genie:   9635.7ms [  INFO ]  <I> QnnMem_register started. context 0x2 


Genie:   9635.7ms [  INFO ]  <I> QnnMem_register done. status 0x0


Genie:   9635.7ms [  INFO ]  <I> QnnMem_register started. context 0x2 


Genie:   9635.7ms [  INFO ]  <I> QnnMem_register done. status 0x0


Genie:   9635.7ms [  INFO ]  <I> QnnMem_register started. context 0x2 


Genie:   9635.7ms [  INFO ]  <I> QnnMem_register done. status 0x0


Genie:   9635.7ms [  INFO ]  <I> QnnMem_register started. context 0x2 


Genie:   9635.7ms [  INFO ]  <I> QnnMem_register done. status 0x0


Genie:   9635.7ms [  INFO ]  <I> QnnMem_register started. context 0x2 


Genie:   9635.7ms [  INFO ]  <I> QnnMem_register done. status 0x0


Genie:   9635.7ms [  INFO ]  <I> QnnMem_register started. context 0x2 


Genie:   9635.7ms [  INFO ]  <I> QnnMem_register done. status 0x0


Genie:   9635.7ms [  INFO ]  <I> QnnMem_register started. context 0x2 


Genie:   9635.7ms [  INFO ]  <I> QnnMem_register done. status 0x0


Genie:   9635.8ms [  INFO ]  <I> QnnGraph_retrieve started. context = 0x2


Genie:   9635.8ms [  INFO ]  <I> Number of existing contexts: 2, graphs: 20


Genie:   9635.8ms [  INFO ]  <I> QnnGraph_retrieve done. status 0x0


Genie:   9635.8ms [  INFO ]  <I> QnnMem_register started. context 0x2 


Genie:   9635.9ms [  INFO ]  <I> QnnMem_register done. status 0x0


Genie:   9635.9ms [  INFO ]  <I> QnnMem_register started. context 0x2 


Genie:   9635.9ms [  INFO ]  <I> QnnMem_register done. status 0x0


Genie:   9635.9ms [  INFO ]  <I> QnnMem_register started. context 0x2 


Genie:   9635.9ms [  INFO ]  <I> QnnMem_register done. status 0x0


Genie:   9635.9ms [  INFO ]  <I> QnnMem_register started. context 0x2 


Genie:   9635.9ms [  INFO ]  <I> QnnMem_register done. status 0x0


Genie:   9635.9ms [  INFO ]  <I> QnnMem_register started. context 0x2 


Genie:   9635.9ms [  INFO ]  <I> QnnMem_register done. status 0x0


Genie:   9635.9ms [  INFO ]  <I> QnnMem_register started. context 0x2 


Genie:   9635.9ms [  INFO ]  <I> QnnMem_register done. status 0x0


Genie:   9635.9ms [  INFO ]  <I> QnnMem_register started. context 0x2 


Genie:   9635.9ms [  INFO ]  <I> QnnMem_register done. status 0x0


Genie:   9635.9ms [  INFO ]  <I> QnnMem_register started. context 0x2 


Genie:   9635.9ms [  INFO ]  <I> QnnMem_register done. status 0x0


Genie:   9635.9ms [  INFO ]  <I> QnnMem_register started. context 0x2 


Genie:   9635.9ms [  INFO ]  <I> QnnMem_register done. status 0x0


Genie:   9635.9ms [  INFO ]  <I> QnnMem_register started. context 0x2 


Genie:   9635.9ms [  INFO ]  <I> QnnMem_register done. status 0x0


Genie:   9635.9ms [  INFO ]  <I> QnnMem_register started. context 0x2 


Genie:   9635.9ms [  INFO ]  <I> QnnMem_register done. status 0x0


Genie:   9635.9ms [  INFO ]  <I> QnnMem_register started. context 0x2 


Genie:   9635.9ms [  INFO ]  <I> QnnMem_register done. status 0x0


Genie:   9635.9ms [  INFO ]  <I> QnnMem_register started. context 0x2 


Genie:   9635.9ms [  INFO ]  <I> QnnMem_register done. status 0x0


Genie:   9635.9ms [  INFO ]  <I> QnnMem_register started. context 0x2 


Genie:   9635.9ms [  INFO ]  <I> QnnMem_register done. status 0x0


Genie:   9635.9ms [  INFO ]  <I> QnnMem_register started. context 0x2 


Genie:   9635.9ms [  INFO ]  <I> QnnMem_register done. status 0x0


Genie:   9635.9ms [  INFO ]  <I> QnnMem_register started. context 0x2 


Genie:   9635.9ms [  INFO ]  <I> QnnMem_register done. status 0x0


Genie:   9635.9ms [  INFO ]  <I> QnnMem_register started. context 0x2 


Genie:   9635.9ms [  INFO ]  <I> QnnMem_register done. status 0x0


Genie:   9635.9ms [  INFO ]  <I> QnnMem_register started. context 0x2 


Genie:   9635.9ms [  INFO ]  <I> QnnMem_register done. status 0x0


Genie:   9635.9ms [  INFO ]  <I> QnnMem_register started. context 0x2 


Genie:   9635.9ms [  INFO ]  <I> QnnMem_register done. status 0x0


Genie:   9635.9ms [  INFO ]  <I> QnnMem_register started. context 0x2 


Genie:   9635.9ms [  INFO ]  <I> QnnMem_register done. status 0x0


Genie:   9635.9ms [  INFO ]  <I> QnnMem_register started. context 0x2 


Genie:   9635.9ms [  INFO ]  <I> QnnMem_register done. status 0x0


Genie:   9635.9ms [  INFO ]  <I> QnnMem_register started. context 0x2 


Genie:   9635.9ms [  INFO ]  <I> QnnMem_register done. status 0x0


Genie:   9636.0ms [  INFO ]  <I> QnnMem_register started. context 0x2 


Genie:   9636.0ms [  INFO ]  <I> QnnMem_register done. status 0x0


Genie:   9636.0ms [  INFO ]  <I> QnnMem_register started. context 0x2 


Genie:   9636.0ms [  INFO ]  <I> QnnMem_register done. status 0x0


Genie:   9636.0ms [  INFO ]  <I> QnnMem_register started. context 0x2 


Genie:   9636.0ms [  INFO ]  <I> QnnMem_register done. status 0x0


Genie:   9636.0ms [  INFO ]  <I> QnnMem_register started. context 0x2 


Genie:   9636.0ms [  INFO ]  <I> QnnMem_register done. status 0x0


Genie:   9636.0ms [  INFO ]  <I> QnnMem_register started. context 0x2 


Genie:   9636.0ms [  INFO ]  <I> QnnMem_register done. status 0x0


Genie:   9636.0ms [  INFO ]  <I> QnnMem_register started. context 0x2 


Genie:   9636.0ms [  INFO ]  <I> QnnMem_register done. status 0x0


Genie:   9636.0ms [  INFO ]  <I> QnnMem_register started. context 0x2 


Genie:   9636.0ms [  INFO ]  <I> QnnMem_register done. status 0x0


Genie:   9636.0ms [  INFO ]  <I> QnnMem_register started. context 0x2 


Genie:   9636.0ms [  INFO ]  <I> QnnMem_register done. status 0x0


Genie:   9636.0ms [  INFO ]  <I> QnnMem_register started. context 0x2 


Genie:   9636.0ms [  INFO ]  <I> QnnMem_register done. status 0x0


Genie:   9636.0ms [  INFO ]  <I> QnnMem_register started. context 0x2 


Genie:   9636.1ms [  INFO ]  <I> QnnMem_register done. status 0x0


Genie:   9636.1ms [  INFO ]  <I> QnnGraph_retrieve started. context = 0x2


Genie:   9636.1ms [  INFO ]  <I> Number of existing contexts: 2, graphs: 20


Genie:   9636.1ms [  INFO ]  <I> QnnGraph_retrieve done. status 0x0


Genie:   9636.2ms [  INFO ]  <I> QnnMem_register started. context 0x2 


Genie:   9636.2ms [  INFO ]  <I> QnnMem_register done. status 0x0


Genie:   9636.2ms [  INFO ]  <I> QnnMem_register started. context 0x2 


Genie:   9636.2ms [  INFO ]  <I> QnnMem_register done. status 0x0


Genie:   9636.2ms [  INFO ]  <I> QnnMem_register started. context 0x2 


Genie:   9636.2ms [  INFO ]  <I> QnnMem_register done. status 0x0


Genie:   9636.2ms [  INFO ]  <I> QnnMem_register started. context 0x2 


Genie:   9636.2ms [  INFO ]  <I> QnnMem_register done. status 0x0


Genie:   9636.2ms [  INFO ]  <I> QnnMem_register started. context 0x2 


Genie:   9636.2ms [  INFO ]  <I> QnnMem_register done. status 0x0


Genie:   9636.2ms [  INFO ]  <I> QnnMem_register started. context 0x2 


Genie:   9636.2ms [  INFO ]  <I> QnnMem_register done. status 0x0


Genie:   9636.3ms [  INFO ]  <I> QnnMem_register started. context 0x2 


Genie:   9636.3ms [  INFO ]  <I> QnnMem_register done. status 0x0


Genie:   9636.3ms [  INFO ]  <I> QnnMem_register started. context 0x2 


Genie:   9636.3ms [  INFO ]  <I> QnnMem_register done. status 0x0


Genie:   9636.3ms [  INFO ]  <I> QnnMem_register started. context 0x2 


Genie:   9636.3ms [  INFO ]  <I> QnnMem_register done. status 0x0


Genie:   9636.3ms [  INFO ]  <I> QnnMem_register started. context 0x2 


Genie:   9636.3ms [  INFO ]  <I> QnnMem_register done. status 0x0


Genie:   9636.3ms [  INFO ]  <I> QnnMem_register started. context 0x2 


Genie:   9636.3ms [  INFO ]  <I> QnnMem_register done. status 0x0


Genie:   9636.3ms [  INFO ]  <I> QnnMem_register started. context 0x2 


Genie:   9636.3ms [  INFO ]  <I> QnnMem_register done. status 0x0


Genie:   9636.3ms [  INFO ]  <I> QnnMem_register started. context 0x2 


Genie:   9636.3ms [  INFO ]  <I> QnnMem_register done. status 0x0


Genie:   9636.4ms [  INFO ]  <I> QnnMem_register started. context 0x2 


Genie:   9636.4ms [  INFO ]  <I> QnnMem_register done. status 0x0


Genie:   9636.4ms [  INFO ]  <I> QnnMem_register started. context 0x2 


Genie:   9636.4ms [  INFO ]  <I> QnnMem_register done. status 0x0


Genie:   9636.4ms [  INFO ]  <I> QnnMem_register started. context 0x2 


Genie:   9636.4ms [  INFO ]  <I> QnnMem_register done. status 0x0


Genie:   9636.4ms [  INFO ]  <I> QnnMem_register started. context 0x2 


Genie:   9636.4ms [  INFO ]  <I> QnnMem_register done. status 0x0


Genie:   9636.4ms [  INFO ]  <I> QnnMem_register started. context 0x2 


Genie:   9636.4ms [  INFO ]  <I> QnnMem_register done. status 0x0


Genie:   9636.4ms [  INFO ]  <I> QnnMem_register started. context 0x2 


Genie:   9636.5ms [  INFO ]  <I> QnnMem_register done. status 0x0


Genie:   9636.5ms [  INFO ]  <I> QnnMem_register started. context 0x2 


Genie:   9636.5ms [  INFO ]  <I> QnnMem_register done. status 0x0


Genie:   9636.5ms [  INFO ]  <I> QnnMem_register started. context 0x2 


Genie:   9636.5ms [  INFO ]  <I> QnnMem_register done. status 0x0


Genie:   9636.5ms [  INFO ]  <I> QnnMem_register started. context 0x2 


Genie:   9636.5ms [  INFO ]  <I> QnnMem_register done. status 0x0


Genie:   9636.5ms [  INFO ]  <I> QnnMem_register started. context 0x2 


Genie:   9636.5ms [  INFO ]  <I> QnnMem_register done. status 0x0


Genie:   9636.5ms [  INFO ]  <I> QnnMem_register started. context 0x2 


Genie:   9636.5ms [  INFO ]  <I> QnnMem_register done. status 0x0


Genie:   9636.5ms [  INFO ]  <I> QnnMem_register started. context 0x2 


Genie:   9636.5ms [  INFO ]  <I> QnnMem_register done. status 0x0


Genie:   9636.5ms [  INFO ]  <I> QnnMem_register started. context 0x2 


Genie:   9636.5ms [  INFO ]  <I> QnnMem_register done. status 0x0


Genie:   9636.5ms [  INFO ]  <I> QnnMem_register started. context 0x2 


Genie:   9636.6ms [  INFO ]  <I> QnnMem_register done. status 0x0


Genie:   9636.6ms [  INFO ]  <I> QnnMem_register started. context 0x2 


Genie:   9636.6ms [  INFO ]  <I> QnnMem_register done. status 0x0


Genie:   9636.6ms [  INFO ]  <I> QnnMem_register started. context 0x2 


Genie:   9636.6ms [  INFO ]  <I> QnnMem_register done. status 0x0


Genie:   9636.6ms [  INFO ]  <I> QnnMem_register started. context 0x2 


Genie:   9636.6ms [  INFO ]  <I> QnnMem_register done. status 0x0


Genie:   9636.6ms [  INFO ]  <I> QnnMem_register started. context 0x2 


Genie:   9636.6ms [  INFO ]  <I> QnnMem_register done. status 0x0


Genie:   9636.6ms [  INFO ]  <I> QnnMem_register started. context 0x2 


Genie:   9636.6ms [  INFO ]  <I> QnnMem_register done. status 0x0


Genie:   9636.6ms [  INFO ]  <I> QnnGraph_retrieve started. context = 0x2


Genie:   9636.6ms [  INFO ]  <I> Number of existing contexts: 2, graphs: 20


Genie:   9636.6ms [  INFO ]  <I> QnnGraph_retrieve done. status 0x0


Genie:   9636.7ms [  INFO ]  <I> QnnMem_register started. context 0x2 


Genie:   9636.7ms [  INFO ]  <I> QnnMem_register done. status 0x0


Genie:   9636.7ms [  INFO ]  <I> QnnMem_register started. context 0x2 


Genie:   9636.7ms [  INFO ]  <I> QnnMem_register done. status 0x0


Genie:   9636.7ms [  INFO ]  <I> QnnMem_register started. context 0x2 


Genie:   9636.7ms [  INFO ]  <I> QnnMem_register done. status 0x0


Genie:   9636.7ms [  INFO ]  <I> QnnMem_register started. context 0x2 


Genie:   9636.7ms [  INFO ]  <I> QnnMem_register done. status 0x0


Genie:   9636.7ms [  INFO ]  <I> QnnMem_register started. context 0x2 


Genie:   9636.7ms [  INFO ]  <I> QnnMem_register done. status 0x0


Genie:   9636.7ms [  INFO ]  <I> QnnMem_register started. context 0x2 


Genie:   9636.7ms [  INFO ]  <I> QnnMem_register done. status 0x0


Genie:   9636.7ms [  INFO ]  <I> QnnMem_register started. context 0x2 


Genie:   9636.7ms [  INFO ]  <I> QnnMem_register done. status 0x0


Genie:   9636.7ms [  INFO ]  <I> QnnMem_register started. context 0x2 


Genie:   9636.7ms [  INFO ]  <I> QnnMem_register done. status 0x0


Genie:   9636.7ms [  INFO ]  <I> QnnMem_register started. context 0x2 


Genie:   9636.7ms [  INFO ]  <I> QnnMem_register done. status 0x0


Genie:   9636.7ms [  INFO ]  <I> QnnMem_register started. context 0x2 


Genie:   9636.8ms [  INFO ]  <I> QnnMem_register done. status 0x0


Genie:   9636.8ms [  INFO ]  <I> QnnMem_register started. context 0x2 


Genie:   9636.8ms [  INFO ]  <I> QnnMem_register done. status 0x0


Genie:   9636.8ms [  INFO ]  <I> QnnMem_register started. context 0x2 


Genie:   9636.8ms [  INFO ]  <I> QnnMem_register done. status 0x0


Genie:   9636.8ms [  INFO ]  <I> QnnMem_register started. context 0x2 


Genie:   9636.8ms [  INFO ]  <I> QnnMem_register done. status 0x0


Genie:   9636.8ms [  INFO ]  <I> QnnMem_register started. context 0x2 


Genie:   9636.8ms [  INFO ]  <I> QnnMem_register done. status 0x0


Genie:   9636.8ms [  INFO ]  <I> QnnMem_register started. context 0x2 


Genie:   9636.8ms [  INFO ]  <I> QnnMem_register done. status 0x0


Genie:   9636.8ms [  INFO ]  <I> QnnMem_register started. context 0x2 


Genie:   9636.8ms [  INFO ]  <I> QnnMem_register done. status 0x0


Genie:   9636.8ms [  INFO ]  <I> QnnMem_register started. context 0x2 


Genie:   9636.8ms [  INFO ]  <I> QnnMem_register done. status 0x0


Genie:   9636.8ms [  INFO ]  <I> QnnMem_register started. context 0x2 


Genie:   9636.8ms [  INFO ]  <I> QnnMem_register done. status 0x0


Genie:   9636.8ms [  INFO ]  <I> QnnMem_register started. context 0x2 


Genie:   9636.8ms [  INFO ]  <I> QnnMem_register done. status 0x0


Genie:   9636.8ms [  INFO ]  <I> QnnMem_register started. context 0x2 


Genie:   9636.8ms [  INFO ]  <I> QnnMem_register done. status 0x0


Genie:   9636.8ms [  INFO ]  <I> QnnMem_register started. context 0x2 


Genie:   9636.8ms [  INFO ]  <I> QnnMem_register done. status 0x0


Genie:   9636.8ms [  INFO ]  <I> QnnMem_register started. context 0x2 


Genie:   9636.8ms [  INFO ]  <I> QnnMem_register done. status 0x0


Genie:   9636.8ms [  INFO ]  <I> QnnMem_register started. context 0x2 


Genie:   9636.8ms [  INFO ]  <I> QnnMem_register done. status 0x0


Genie:   9636.8ms [  INFO ]  <I> QnnMem_register started. context 0x2 


Genie:   9636.8ms [  INFO ]  <I> QnnMem_register done. status 0x0


Genie:   9636.8ms [  INFO ]  <I> QnnMem_register started. context 0x2 


Genie:   9636.8ms [  INFO ]  <I> QnnMem_register done. status 0x0


Genie:   9636.8ms [  INFO ]  <I> QnnMem_register started. context 0x2 


Genie:   9636.8ms [  INFO ]  <I> QnnMem_register done. status 0x0


Genie:   9636.8ms [  INFO ]  <I> QnnMem_register started. context 0x2 


Genie:   9636.8ms [  INFO ]  <I> QnnMem_register done. status 0x0


Genie:   9636.9ms [  INFO ]  <I> QnnMem_register started. context 0x2 


Genie:   9636.9ms [  INFO ]  <I> QnnMem_register done. status 0x0


Genie:   9636.9ms [  INFO ]  <I> QnnMem_register started. context 0x2 


Genie:   9636.9ms [  INFO ]  <I> QnnMem_register done. status 0x0


Genie:   9636.9ms [  INFO ]  <I> QnnMem_register started. context 0x2 


Genie:   9636.9ms [  INFO ]  <I> QnnMem_register done. status 0x0


Genie:   9636.9ms [  INFO ]  <I> QnnMem_register started. context 0x2 


Genie:   9636.9ms [  INFO ]  <I> QnnMem_register done. status 0x0


Genie:   9636.9ms [  INFO ]  <I> QnnMem_register started. context 0x2 


Genie:   9636.9ms [  INFO ]  <I> QnnMem_register done. status 0x0


Genie:   9636.9ms [  INFO ]  <I> QnnGraph_retrieve started. context = 0x2


Genie:   9636.9ms [  INFO ]  <I> Number of existing contexts: 2, graphs: 20


Genie:   9636.9ms [  INFO ]  <I> QnnGraph_retrieve done. status 0x0


Genie:   9636.9ms [  INFO ]  <I> QnnMem_register started. context 0x2 


Genie:   9636.9ms [  INFO ]  <I> QnnMem_register done. status 0x0


Genie:   9636.9ms [  INFO ]  <I> QnnMem_register started. context 0x2 


Genie:   9636.9ms [  INFO ]  <I> QnnMem_register done. status 0x0


Genie:   9636.9ms [  INFO ]  <I> QnnMem_register started. context 0x2 


Genie:   9636.9ms [  INFO ]  <I> QnnMem_register done. status 0x0


Genie:   9636.9ms [  INFO ]  <I> QnnMem_register started. context 0x2 


Genie:   9636.9ms [  INFO ]  <I> QnnMem_register done. status 0x0


Genie:   9636.9ms [  INFO ]  <I> QnnMem_register started. context 0x2 


Genie:   9636.9ms [  INFO ]  <I> QnnMem_register done. status 0x0


Genie:   9636.9ms [  INFO ]  <I> QnnMem_register started. context 0x2 


Genie:   9636.9ms [  INFO ]  <I> QnnMem_register done. status 0x0


Genie:   9637.0ms [  INFO ]  <I> QnnMem_register started. context 0x2 


Genie:   9637.0ms [  INFO ]  <I> QnnMem_register done. status 0x0


Genie:   9637.0ms [  INFO ]  <I> QnnMem_register started. context 0x2 


Genie:   9637.0ms [  INFO ]  <I> QnnMem_register done. status 0x0


Genie:   9637.0ms [  INFO ]  <I> QnnMem_register started. context 0x2 


Genie:   9637.0ms [  INFO ]  <I> QnnMem_register done. status 0x0


Genie:   9637.0ms [  INFO ]  <I> QnnMem_register started. context 0x2 


Genie:   9637.0ms [  INFO ]  <I> QnnMem_register done. status 0x0


Genie:   9637.0ms [  INFO ]  <I> QnnMem_register started. context 0x2 


Genie:   9637.0ms [  INFO ]  <I> QnnMem_register done. status 0x0


Genie:   9637.0ms [  INFO ]  <I> QnnMem_register started. context 0x2 


Genie:   9637.0ms [  INFO ]  <I> QnnMem_register done. status 0x0


Genie:   9637.0ms [  INFO ]  <I> QnnMem_register started. context 0x2 


Genie:   9637.0ms [  INFO ]  <I> QnnMem_register done. status 0x0


Genie:   9637.0ms [  INFO ]  <I> QnnMem_register started. context 0x2 


Genie:   9637.0ms [  INFO ]  <I> QnnMem_register done. status 0x0


Genie:   9637.0ms [  INFO ]  <I> QnnMem_register started. context 0x2 


Genie:   9637.1ms [  INFO ]  <I> QnnMem_register done. status 0x0


Genie:   9637.1ms [  INFO ]  <I> QnnMem_register started. context 0x2 


Genie:   9637.1ms [  INFO ]  <I> QnnMem_register done. status 0x0


Genie:   9637.1ms [  INFO ]  <I> QnnMem_register started. context 0x2 


Genie:   9637.1ms [  INFO ]  <I> QnnMem_register done. status 0x0


Genie:   9637.1ms [  INFO ]  <I> QnnMem_register started. context 0x2 


Genie:   9637.1ms [  INFO ]  <I> QnnMem_register done. status 0x0


Genie:   9637.1ms [  INFO ]  <I> QnnMem_register started. context 0x2 


Genie:   9637.1ms [  INFO ]  <I> QnnMem_register done. status 0x0


Genie:   9637.1ms [  INFO ]  <I> QnnMem_register started. context 0x2 


Genie:   9637.1ms [  INFO ]  <I> QnnMem_register done. status 0x0


Genie:   9637.1ms [  INFO ]  <I> QnnMem_register started. context 0x2 


Genie:   9637.1ms [  INFO ]  <I> QnnMem_register done. status 0x0


Genie:   9637.2ms [  INFO ]  <I> QnnMem_register started. context 0x2 


Genie:   9637.2ms [  INFO ]  <I> QnnMem_register done. status 0x0


Genie:   9637.2ms [  INFO ]  <I> QnnMem_register started. context 0x2 


Genie:   9637.2ms [  INFO ]  <I> QnnMem_register done. status 0x0


Genie:   9637.2ms [  INFO ]  <I> QnnMem_register started. context 0x2 


Genie:   9637.2ms [  INFO ]  <I> QnnMem_register done. status 0x0


Genie:   9637.2ms [  INFO ]  <I> QnnMem_register started. context 0x2 


Genie:   9637.2ms [  INFO ]  <I> QnnMem_register done. status 0x0


Genie:   9637.2ms [  INFO ]  <I> QnnMem_register started. context 0x2 


Genie:   9637.2ms [  INFO ]  <I> QnnMem_register done. status 0x0


Genie:   9637.2ms [  INFO ]  <I> QnnMem_register started. context 0x2 


Genie:   9637.2ms [  INFO ]  <I> QnnMem_register done. status 0x0


Genie:   9637.3ms [  INFO ]  <I> QnnMem_register started. context 0x2 


Genie:   9637.3ms [  INFO ]  <I> QnnMem_register done. status 0x0


Genie:   9637.3ms [  INFO ]  <I> QnnMem_register started. context 0x2 


Genie:   9637.3ms [  INFO ]  <I> QnnMem_register done. status 0x0


Genie:   9637.3ms [  INFO ]  <I> QnnMem_register started. context 0x2 


Genie:   9637.3ms [  INFO ]  <I> QnnMem_register done. status 0x0


Genie:   9637.3ms [  INFO ]  <I> QnnMem_register started. context 0x2 


Genie:   9637.3ms [  INFO ]  <I> QnnMem_register done. status 0x0


Genie:   9637.3ms [  INFO ]  <I> QnnMem_register started. context 0x2 


Genie:   9637.4ms [  INFO ]  <I> QnnMem_register done. status 0x0


Genie:   9637.4ms [  INFO ]  <I> QnnGraph_retrieve started. context = 0x2


Genie:   9637.4ms [  INFO ]  <I> Number of existing contexts: 2, graphs: 20


Genie:   9637.4ms [  INFO ]  <I> QnnGraph_retrieve done. status 0x0


Genie:   9637.5ms [  INFO ]  <I> QnnMem_register started. context 0x2 


Genie:   9637.5ms [  INFO ]  <I> QnnMem_register done. status 0x0


Genie:   9637.5ms [  INFO ]  <I> QnnMem_register started. context 0x2 


Genie:   9637.5ms [  INFO ]  <I> QnnMem_register done. status 0x0


Genie:   9637.5ms [  INFO ]  <I> QnnMem_register started. context 0x2 


Genie:   9637.5ms [  INFO ]  <I> QnnMem_register done. status 0x0


Genie:   9637.5ms [  INFO ]  <I> QnnMem_register started. context 0x2 


Genie:   9637.5ms [  INFO ]  <I> QnnMem_register done. status 0x0


Genie:   9637.5ms [  INFO ]  <I> QnnMem_register started. context 0x2 


Genie:   9637.6ms [  INFO ]  <I> QnnMem_register done. status 0x0


Genie:   9637.6ms [  INFO ]  <I> QnnMem_register started. context 0x2 


Genie:   9637.6ms [  INFO ]  <I> QnnMem_register done. status 0x0


Genie:   9637.6ms [  INFO ]  <I> QnnMem_register started. context 0x2 


Genie:   9637.6ms [  INFO ]  <I> QnnMem_register done. status 0x0


Genie:   9637.6ms [  INFO ]  <I> QnnMem_register started. context 0x2 


Genie:   9637.6ms [  INFO ]  <I> QnnMem_register done. status 0x0


Genie:   9637.6ms [  INFO ]  <I> QnnMem_register started. context 0x2 


Genie:   9637.7ms [  INFO ]  <I> QnnMem_register done. status 0x0


Genie:   9637.7ms [  INFO ]  <I> QnnMem_register started. context 0x2 


Genie:   9637.7ms [  INFO ]  <I> QnnMem_register done. status 0x0


Genie:   9637.7ms [  INFO ]  <I> QnnMem_register started. context 0x2 


Genie:   9637.7ms [  INFO ]  <I> QnnMem_register done. status 0x0


Genie:   9637.7ms [  INFO ]  <I> QnnMem_register started. context 0x2 


Genie:   9637.7ms [  INFO ]  <I> QnnMem_register done. status 0x0


Genie:   9637.7ms [  INFO ]  <I> QnnMem_register started. context 0x2 


Genie:   9637.7ms [  INFO ]  <I> QnnMem_register done. status 0x0


Genie:   9637.7ms [  INFO ]  <I> QnnMem_register started. context 0x2 


Genie:   9637.7ms [  INFO ]  <I> QnnMem_register done. status 0x0


Genie:   9637.7ms [  INFO ]  <I> QnnMem_register started. context 0x2 


Genie:   9637.8ms [  INFO ]  <I> QnnMem_register done. status 0x0


Genie:   9637.8ms [  INFO ]  <I> QnnMem_register started. context 0x2 


Genie:   9637.8ms [  INFO ]  <I> QnnMem_register done. status 0x0


Genie:   9637.8ms [  INFO ]  <I> QnnMem_register started. context 0x2 


Genie:   9637.8ms [  INFO ]  <I> QnnMem_register done. status 0x0


Genie:   9637.8ms [  INFO ]  <I> QnnMem_register started. context 0x2 


Genie:   9637.8ms [  INFO ]  <I> QnnMem_register done. status 0x0


Genie:   9637.8ms [  INFO ]  <I> QnnMem_register started. context 0x2 


Genie:   9637.8ms [  INFO ]  <I> QnnMem_register done. status 0x0


Genie:   9637.8ms [  INFO ]  <I> QnnMem_register started. context 0x2 


Genie:   9637.8ms [  INFO ]  <I> QnnMem_register done. status 0x0


Genie:   9637.8ms [  INFO ]  <I> QnnMem_register started. context 0x2 


Genie:   9637.8ms [  INFO ]  <I> QnnMem_register done. status 0x0


Genie:   9637.8ms [  INFO ]  <I> QnnMem_register started. context 0x2 


Genie:   9637.9ms [  INFO ]  <I> QnnMem_register done. status 0x0


Genie:   9637.9ms [  INFO ]  <I> QnnMem_register started. context 0x2 


Genie:   9637.9ms [  INFO ]  <I> QnnMem_register done. status 0x0


Genie:   9637.9ms [  INFO ]  <I> QnnMem_register started. context 0x2 


Genie:   9637.9ms [  INFO ]  <I> QnnMem_register done. status 0x0


Genie:   9637.9ms [  INFO ]  <I> QnnMem_register started. context 0x2 


Genie:   9637.9ms [  INFO ]  <I> QnnMem_register done. status 0x0


Genie:   9637.9ms [  INFO ]  <I> QnnMem_register started. context 0x2 


Genie:   9637.9ms [  INFO ]  <I> QnnMem_register done. status 0x0


Genie:   9637.9ms [  INFO ]  <I> QnnMem_register started. context 0x2 


Genie:   9638.0ms [  INFO ]  <I> QnnMem_register done. status 0x0


Genie:   9638.0ms [  INFO ]  <I> QnnMem_register started. context 0x2 


Genie:   9638.0ms [  INFO ]  <I> QnnMem_register done. status 0x0


Genie:   9638.0ms [  INFO ]  <I> QnnMem_register started. context 0x2 


Genie:   9638.0ms [  INFO ]  <I> QnnMem_register done. status 0x0


Genie:   9638.0ms [  INFO ]  <I> QnnMem_register started. context 0x2 


Genie:   9638.0ms [  INFO ]  <I> QnnMem_register done. status 0x0


Genie:   9638.1ms [  INFO ]  <I> QnnMem_register started. context 0x2 


Genie:   9638.1ms [  INFO ]  <I> QnnMem_register done. status 0x0


Genie:   9638.1ms [  INFO ]  <I> QnnMem_register started. context 0x2 


Genie:   9638.1ms [  INFO ]  <I> QnnMem_register done. status 0x0


Genie:   9638.1ms [  INFO ]  <I> QnnGraph_retrieve started. context = 0x2


Genie:   9638.1ms [  INFO ]  <I> Number of existing contexts: 2, graphs: 20


Genie:   9638.1ms [  INFO ]  <I> QnnGraph_retrieve done. status 0x0


Genie:   9638.2ms [  INFO ]  <I> QnnMem_register started. context 0x2 


Genie:   9638.2ms [  INFO ]  <I> QnnMem_register done. status 0x0


Genie:   9638.2ms [  INFO ]  <I> QnnMem_register started. context 0x2 


Genie:   9638.2ms [  INFO ]  <I> QnnMem_register done. status 0x0


Genie:   9638.2ms [  INFO ]  <I> QnnMem_register started. context 0x2 


Genie:   9638.3ms [  INFO ]  <I> QnnMem_register done. status 0x0


Genie:   9638.3ms [  INFO ]  <I> QnnMem_register started. context 0x2 


Genie:   9638.3ms [  INFO ]  <I> QnnMem_register done. status 0x0


Genie:   9638.3ms [  INFO ]  <I> QnnMem_register started. context 0x2 


Genie:   9638.3ms [  INFO ]  <I> QnnMem_register done. status 0x0


Genie:   9638.3ms [  INFO ]  <I> QnnMem_register started. context 0x2 


Genie:   9638.3ms [  INFO ]  <I> QnnMem_register done. status 0x0


Genie:   9638.3ms [  INFO ]  <I> QnnMem_register started. context 0x2 


Genie:   9638.3ms [  INFO ]  <I> QnnMem_register done. status 0x0


Genie:   9638.3ms [  INFO ]  <I> QnnMem_register started. context 0x2 


Genie:   9638.3ms [  INFO ]  <I> QnnMem_register done. status 0x0


Genie:   9638.3ms [  INFO ]  <I> QnnMem_register started. context 0x2 


Genie:   9638.4ms [  INFO ]  <I> QnnMem_register done. status 0x0


Genie:   9638.4ms [  INFO ]  <I> QnnMem_register started. context 0x2 


Genie:   9638.4ms [  INFO ]  <I> QnnMem_register done. status 0x0


Genie:   9638.4ms [  INFO ]  <I> QnnMem_register started. context 0x2 


Genie:   9638.4ms [  INFO ]  <I> QnnMem_register done. status 0x0


Genie:   9638.4ms [  INFO ]  <I> QnnMem_register started. context 0x2 


Genie:   9638.4ms [  INFO ]  <I> QnnMem_register done. status 0x0


Genie:   9638.4ms [  INFO ]  <I> QnnMem_register started. context 0x2 


Genie:   9638.4ms [  INFO ]  <I> QnnMem_register done. status 0x0


Genie:   9638.4ms [  INFO ]  <I> QnnMem_register started. context 0x2 


Genie:   9638.4ms [  INFO ]  <I> QnnMem_register done. status 0x0


Genie:   9638.4ms [  INFO ]  <I> QnnMem_register started. context 0x2 


Genie:   9638.5ms [  INFO ]  <I> QnnMem_register done. status 0x0


Genie:   9638.5ms [  INFO ]  <I> QnnMem_register started. context 0x2 


Genie:   9638.5ms [  INFO ]  <I> QnnMem_register done. status 0x0


Genie:   9638.5ms [  INFO ]  <I> QnnMem_register started. context 0x2 


Genie:   9638.5ms [  INFO ]  <I> QnnMem_register done. status 0x0


Genie:   9638.5ms [  INFO ]  <I> QnnMem_register started. context 0x2 


Genie:   9638.5ms [  INFO ]  <I> QnnMem_register done. status 0x0


Genie:   9638.5ms [  INFO ]  <I> QnnMem_register started. context 0x2 


Genie:   9638.6ms [  INFO ]  <I> QnnMem_register done. status 0x0


Genie:   9638.6ms [  INFO ]  <I> QnnMem_register started. context 0x2 


Genie:   9638.6ms [  INFO ]  <I> QnnMem_register done. status 0x0


Genie:   9638.6ms [  INFO ]  <I> QnnMem_register started. context 0x2 


Genie:   9638.6ms [  INFO ]  <I> QnnMem_register done. status 0x0


Genie:   9638.6ms [  INFO ]  <I> QnnMem_register started. context 0x2 


Genie:   9638.6ms [  INFO ]  <I> QnnMem_register done. status 0x0


Genie:   9638.6ms [  INFO ]  <I> QnnMem_register started. context 0x2 


Genie:   9638.6ms [  INFO ]  <I> QnnMem_register done. status 0x0


Genie:   9638.6ms [  INFO ]  <I> QnnMem_register started. context 0x2 


Genie:   9638.6ms [  INFO ]  <I> QnnMem_register done. status 0x0


Genie:   9638.6ms [  INFO ]  <I> QnnMem_register started. context 0x2 


Genie:   9638.7ms [  INFO ]  <I> QnnMem_register done. status 0x0


Genie:   9638.7ms [  INFO ]  <I> QnnMem_register started. context 0x2 


Genie:   9638.7ms [  INFO ]  <I> QnnMem_register done. status 0x0


Genie:   9638.7ms [  INFO ]  <I> QnnMem_register started. context 0x2 


Genie:   9638.7ms [  INFO ]  <I> QnnMem_register done. status 0x0


Genie:   9638.7ms [  INFO ]  <I> QnnMem_register started. context 0x2 


Genie:   9638.7ms [  INFO ]  <I> QnnMem_register done. status 0x0


Genie:   9638.7ms [  INFO ]  <I> QnnMem_register started. context 0x2 


Genie:   9638.7ms [  INFO ]  <I> QnnMem_register done. status 0x0


Genie:   9638.7ms [  INFO ]  <I> QnnMem_register started. context 0x2 


Genie:   9638.8ms [  INFO ]  <I> QnnMem_register done. status 0x0


Genie:   9638.8ms [  INFO ]  <I> QnnMem_register started. context 0x2 


Genie:   9638.8ms [  INFO ]  <I> QnnMem_register done. status 0x0


Genie:   9638.8ms [  INFO ]  <I> QnnMem_register started. context 0x2 


Genie:   9638.8ms [  INFO ]  <I> QnnMem_register done. status 0x0


Genie:   9638.8ms [  INFO ]  <I> QnnGraph_retrieve started. context = 0x2


Genie:   9638.8ms [  INFO ]  <I> Number of existing contexts: 2, graphs: 20


Genie:   9638.8ms [  INFO ]  <I> QnnGraph_retrieve done. status 0x0


Genie:   9638.9ms [  INFO ]  <I> QnnMem_register started. context 0x2 


Genie:   9638.9ms [  INFO ]  <I> QnnMem_register done. status 0x0


Genie:   9638.9ms [  INFO ]  <I> QnnMem_register started. context 0x2 


Genie:   9638.9ms [  INFO ]  <I> QnnMem_register done. status 0x0


Genie:   9638.9ms [  INFO ]  <I> QnnMem_register started. context 0x2 


Genie:   9638.9ms [  INFO ]  <I> QnnMem_register done. status 0x0


Genie:   9638.9ms [  INFO ]  <I> QnnMem_register started. context 0x2 


Genie:   9638.9ms [  INFO ]  <I> QnnMem_register done. status 0x0


Genie:   9638.9ms [  INFO ]  <I> QnnMem_register started. context 0x2 


Genie:   9638.9ms [  INFO ]  <I> QnnMem_register done. status 0x0


Genie:   9638.9ms [  INFO ]  <I> QnnMem_register started. context 0x2 


Genie:   9638.9ms [  INFO ]  <I> QnnMem_register done. status 0x0


Genie:   9638.9ms [  INFO ]  <I> QnnMem_register started. context 0x2 


Genie:   9638.9ms [  INFO ]  <I> QnnMem_register done. status 0x0


Genie:   9638.9ms [  INFO ]  <I> QnnMem_register started. context 0x2 


Genie:   9638.9ms [  INFO ]  <I> QnnMem_register done. status 0x0


Genie:   9638.9ms [  INFO ]  <I> QnnMem_register started. context 0x2 


Genie:   9639.0ms [  INFO ]  <I> QnnMem_register done. status 0x0


Genie:   9639.0ms [  INFO ]  <I> QnnMem_register started. context 0x2 


Genie:   9639.0ms [  INFO ]  <I> QnnMem_register done. status 0x0


Genie:   9639.0ms [  INFO ]  <I> QnnMem_register started. context 0x2 


Genie:   9639.0ms [  INFO ]  <I> QnnMem_register done. status 0x0


Genie:   9639.0ms [  INFO ]  <I> QnnMem_register started. context 0x2 


Genie:   9639.0ms [  INFO ]  <I> QnnMem_register done. status 0x0


Genie:   9639.0ms [  INFO ]  <I> QnnMem_register started. context 0x2 


Genie:   9639.0ms [  INFO ]  <I> QnnMem_register done. status 0x0


Genie:   9639.0ms [  INFO ]  <I> QnnMem_register started. context 0x2 


Genie:   9639.0ms [  INFO ]  <I> QnnMem_register done. status 0x0


Genie:   9639.0ms [  INFO ]  <I> QnnMem_register started. context 0x2 


Genie:   9639.0ms [  INFO ]  <I> QnnMem_register done. status 0x0


Genie:   9639.0ms [  INFO ]  <I> QnnMem_register started. context 0x2 


Genie:   9639.0ms [  INFO ]  <I> QnnMem_register done. status 0x0


Genie:   9639.0ms [  INFO ]  <I> QnnMem_register started. context 0x2 


Genie:   9639.0ms [  INFO ]  <I> QnnMem_register done. status 0x0


Genie:   9639.0ms [  INFO ]  <I> QnnMem_register started. context 0x2 


Genie:   9639.0ms [  INFO ]  <I> QnnMem_register done. status 0x0


Genie:   9639.0ms [  INFO ]  <I> QnnMem_register started. context 0x2 


Genie:   9639.0ms [  INFO ]  <I> QnnMem_register done. status 0x0


Genie:   9639.0ms [  INFO ]  <I> QnnMem_register started. context 0x2 


Genie:   9639.0ms [  INFO ]  <I> QnnMem_register done. status 0x0


Genie:   9639.0ms [  INFO ]  <I> QnnMem_register started. context 0x2 


Genie:   9639.0ms [  INFO ]  <I> QnnMem_register done. status 0x0


Genie:   9639.0ms [  INFO ]  <I> QnnMem_register started. context 0x2 


Genie:   9639.0ms [  INFO ]  <I> QnnMem_register done. status 0x0


Genie:   9639.0ms [  INFO ]  <I> QnnMem_register started. context 0x2 


Genie:   9639.1ms [  INFO ]  <I> QnnMem_register done. status 0x0


Genie:   9639.1ms [  INFO ]  <I> QnnMem_register started. context 0x2 


Genie:   9639.1ms [  INFO ]  <I> QnnMem_register done. status 0x0


Genie:   9639.1ms [  INFO ]  <I> QnnMem_register started. context 0x2 


Genie:   9639.1ms [  INFO ]  <I> QnnMem_register done. status 0x0


Genie:   9639.1ms [  INFO ]  <I> QnnMem_register started. context 0x2 


Genie:   9639.1ms [  INFO ]  <I> QnnMem_register done. status 0x0


Genie:   9639.1ms [  INFO ]  <I> QnnMem_register started. context 0x2 


Genie:   9639.1ms [  INFO ]  <I> QnnMem_register done. status 0x0


Genie:   9639.1ms [  INFO ]  <I> QnnMem_register started. context 0x2 


Genie:   9639.1ms [  INFO ]  <I> QnnMem_register done. status 0x0


Genie:   9639.1ms [  INFO ]  <I> QnnMem_register started. context 0x2 


Genie:   9639.1ms [  INFO ]  <I> QnnMem_register done. status 0x0


Genie:   9639.1ms [  INFO ]  <I> QnnMem_register started. context 0x2 


Genie:   9639.1ms [  INFO ]  <I> QnnMem_register done. status 0x0


Genie:   9639.1ms [  INFO ]  <I> QnnMem_register started. context 0x2 


Genie:   9639.1ms [  INFO ]  <I> QnnMem_register done. status 0x0


Genie:   9639.1ms [  INFO ]  <I> QnnMem_register started. context 0x2 


Genie:   9639.1ms [  INFO ]  <I> QnnMem_register done. status 0x0


Genie:   9639.1ms [  INFO ]  <I> QnnGraph_retrieve started. context = 0x2


Genie:   9639.1ms [  INFO ]  <I> Number of existing contexts: 2, graphs: 20


Genie:   9639.1ms [  INFO ]  <I> QnnGraph_retrieve done. status 0x0


Genie:   9639.2ms [  INFO ]  <I> QnnMem_register started. context 0x2 


Genie:   9639.2ms [  INFO ]  <I> QnnMem_register done. status 0x0


Genie:   9639.2ms [  INFO ]  <I> QnnMem_register started. context 0x2 


Genie:   9639.2ms [  INFO ]  <I> QnnMem_register done. status 0x0


Genie:   9639.2ms [  INFO ]  <I> QnnMem_register started. context 0x2 


Genie:   9639.2ms [  INFO ]  <I> QnnMem_register done. status 0x0


Genie:   9639.2ms [  INFO ]  <I> QnnMem_register started. context 0x2 


Genie:   9639.2ms [  INFO ]  <I> QnnMem_register done. status 0x0


Genie:   9639.2ms [  INFO ]  <I> QnnMem_register started. context 0x2 


Genie:   9639.2ms [  INFO ]  <I> QnnMem_register done. status 0x0


Genie:   9639.2ms [  INFO ]  <I> QnnMem_register started. context 0x2 


Genie:   9639.2ms [  INFO ]  <I> QnnMem_register done. status 0x0


Genie:   9639.2ms [  INFO ]  <I> QnnMem_register started. context 0x2 


Genie:   9639.2ms [  INFO ]  <I> QnnMem_register done. status 0x0


Genie:   9639.2ms [  INFO ]  <I> QnnMem_register started. context 0x2 


Genie:   9639.2ms [  INFO ]  <I> QnnMem_register done. status 0x0


Genie:   9639.2ms [  INFO ]  <I> QnnMem_register started. context 0x2 


Genie:   9639.2ms [  INFO ]  <I> QnnMem_register done. status 0x0


Genie:   9639.2ms [  INFO ]  <I> QnnMem_register started. context 0x2 


Genie:   9639.2ms [  INFO ]  <I> QnnMem_register done. status 0x0


Genie:   9639.2ms [  INFO ]  <I> QnnMem_register started. context 0x2 


Genie:   9639.2ms [  INFO ]  <I> QnnMem_register done. status 0x0


Genie:   9639.2ms [  INFO ]  <I> QnnMem_register started. context 0x2 


Genie:   9639.2ms [  INFO ]  <I> QnnMem_register done. status 0x0


Genie:   9639.2ms [  INFO ]  <I> QnnMem_register started. context 0x2 


Genie:   9639.2ms [  INFO ]  <I> QnnMem_register done. status 0x0


Genie:   9639.2ms [  INFO ]  <I> QnnMem_register started. context 0x2 


Genie:   9639.2ms [  INFO ]  <I> QnnMem_register done. status 0x0


Genie:   9639.2ms [  INFO ]  <I> QnnMem_register started. context 0x2 


Genie:   9639.3ms [  INFO ]  <I> QnnMem_register done. status 0x0


Genie:   9639.3ms [  INFO ]  <I> QnnMem_register started. context 0x2 


Genie:   9639.3ms [  INFO ]  <I> QnnMem_register done. status 0x0


Genie:   9639.3ms [  INFO ]  <I> QnnMem_register started. context 0x2 


Genie:   9639.3ms [  INFO ]  <I> QnnMem_register done. status 0x0


Genie:   9639.3ms [  INFO ]  <I> QnnMem_register started. context 0x2 


Genie:   9639.3ms [  INFO ]  <I> QnnMem_register done. status 0x0


Genie:   9639.3ms [  INFO ]  <I> QnnMem_register started. context 0x2 


Genie:   9639.3ms [  INFO ]  <I> QnnMem_register done. status 0x0


Genie:   9639.3ms [  INFO ]  <I> QnnMem_register started. context 0x2 


Genie:   9639.3ms [  INFO ]  <I> QnnMem_register done. status 0x0


Genie:   9639.3ms [  INFO ]  <I> QnnMem_register started. context 0x2 


Genie:   9639.3ms [  INFO ]  <I> QnnMem_register done. status 0x0


Genie:   9639.3ms [  INFO ]  <I> QnnMem_register started. context 0x2 


Genie:   9639.3ms [  INFO ]  <I> QnnMem_register done. status 0x0


Genie:   9639.3ms [  INFO ]  <I> QnnMem_register started. context 0x2 


Genie:   9639.3ms [  INFO ]  <I> QnnMem_register done. status 0x0


Genie:   9639.3ms [  INFO ]  <I> QnnMem_register started. context 0x2 


Genie:   9639.3ms [  INFO ]  <I> QnnMem_register done. status 0x0


Genie:   9639.3ms [  INFO ]  <I> QnnMem_register started. context 0x2 


Genie:   9639.3ms [  INFO ]  <I> QnnMem_register done. status 0x0


Genie:   9639.3ms [  INFO ]  <I> QnnMem_register started. context 0x2 


Genie:   9639.3ms [  INFO ]  <I> QnnMem_register done. status 0x0


Genie:   9639.3ms [  INFO ]  <I> QnnMem_register started. context 0x2 


Genie:   9639.3ms [  INFO ]  <I> QnnMem_register done. status 0x0


Genie:   9639.4ms [  INFO ]  <I> QnnMem_register started. context 0x2 


Genie:   9639.4ms [  INFO ]  <I> QnnMem_register done. status 0x0


Genie:   9639.4ms [  INFO ]  <I> QnnMem_register started. context 0x2 


Genie:   9639.4ms [  INFO ]  <I> QnnMem_register done. status 0x0


Genie:   9639.4ms [  INFO ]  <I> QnnMem_register started. context 0x2 


Genie:   9639.4ms [  INFO ]  <I> QnnMem_register done. status 0x0


Genie:   9639.4ms [  INFO ]  <I> QnnMem_register started. context 0x2 


Genie:   9639.4ms [  INFO ]  <I> QnnMem_register done. status 0x0


Genie:   9639.4ms [  INFO ]  <I> QnnMem_register started. context 0x2 


Genie:   9639.4ms [  INFO ]  <I> QnnMem_register done. status 0x0


Genie:   9639.4ms [  INFO ]  <I> QnnContext_createFromBinary started. backend = 0x1, device = 0x1


Genie:   9647.2ms [WARNING]  <W> Invalid number of HVX thread configuration (8) for this SoC. It should be less than or equal to 4, will clip it to the maximum supported number.


Genie:   9651.9ms [WARNING]  <W> Invalid number of HVX thread configuration (8) for this SoC. It should be less than or equal to 4, will clip it to the maximum supported number.


Genie:   9655.9ms [WARNING]  <W> Invalid number of HVX thread configuration (8) for this SoC. It should be less than or equal to 4, will clip it to the maximum supported number.


Genie:   9659.5ms [WARNING]  <W> Invalid number of HVX thread configuration (8) for this SoC. It should be less than or equal to 4, will clip it to the maximum supported number.


Genie:   9664.9ms [WARNING]  <W> Invalid number of HVX thread configuration (8) for this SoC. It should be less than or equal to 4, will clip it to the maximum supported number.


Genie:   9669.5ms [WARNING]  <W> Invalid number of HVX thread configuration (8) for this SoC. It should be less than or equal to 4, will clip it to the maximum supported number.


Genie:   9673.6ms [WARNING]  <W> Invalid number of HVX thread configuration (8) for this SoC. It should be less than or equal to 4, will clip it to the maximum supported number.


Genie:   9676.3ms [WARNING]  <W> Invalid number of HVX thread configuration (8) for this SoC. It should be less than or equal to 4, will clip it to the maximum supported number.


Genie:   9680.8ms [WARNING]  <W> Invalid number of HVX thread configuration (8) for this SoC. It should be less than or equal to 4, will clip it to the maximum supported number.


Genie:   9684.7ms [WARNING]  <W> Invalid number of HVX thread configuration (8) for this SoC. It should be less than or equal to 4, will clip it to the maximum supported number.


Genie:   9684.7ms [WARNING]  <W> m_CFBCallbackInfoObj is not initialized, return emptyList


Genie:   9684.9ms [ ERROR ]  <E> [ERROR][SetBufName][SW] status=-1


Genie:   9685.0ms [WARNING]  <W> Unable to set thread name


Genie:  10974.9ms [WARNING]  <W> setInferenceBufferForHtpExtensionSkel: not supported for DeviceId 0 coreId 0 pdId 3


Genie:  10975.0ms [WARNING]  <W> setInferenceBufferForHtpExtensionSkel not supported on this platform


Genie:  10977.8ms [WARNING]  <W> setInferenceBufferForHtpExtensionSkel: not supported for DeviceId 0 coreId 0 pdId 3


Genie:  10977.9ms [WARNING]  <W> setInferenceBufferForHtpExtensionSkel not supported on this platform


Genie:  10982.1ms [WARNING]  <W> setInferenceBufferForHtpExtensionSkel: not supported for DeviceId 0 coreId 0 pdId 3


Genie:  10982.2ms [WARNING]  <W> setInferenceBufferForHtpExtensionSkel not supported on this platform


Genie:  10986.4ms [WARNING]  <W> setInferenceBufferForHtpExtensionSkel: not supported for DeviceId 0 coreId 0 pdId 3


Genie:  10986.6ms [WARNING]  <W> setInferenceBufferForHtpExtensionSkel not supported on this platform


Genie:  10990.5ms [WARNING]  <W> setInferenceBufferForHtpExtensionSkel: not supported for DeviceId 0 coreId 0 pdId 3


Genie:  10990.6ms [WARNING]  <W> setInferenceBufferForHtpExtensionSkel not supported on this platform


Genie:  10994.5ms [WARNING]  <W> setInferenceBufferForHtpExtensionSkel: not supported for DeviceId 0 coreId 0 pdId 3


Genie:  10994.6ms [WARNING]  <W> setInferenceBufferForHtpExtensionSkel not supported on this platform


Genie:  10996.5ms [WARNING]  <W> setInferenceBufferForHtpExtensionSkel: not supported for DeviceId 0 coreId 0 pdId 3


Genie:  10996.6ms [WARNING]  <W> setInferenceBufferForHtpExtensionSkel not supported on this platform


Genie:  11000.9ms [WARNING]  <W> setInferenceBufferForHtpExtensionSkel: not supported for DeviceId 0 coreId 0 pdId 3


Genie:  11001.0ms [WARNING]  <W> setInferenceBufferForHtpExtensionSkel not supported on this platform


Genie:  11003.2ms [WARNING]  <W> setInferenceBufferForHtpExtensionSkel: not supported for DeviceId 0 coreId 0 pdId 3


Genie:  11003.3ms [WARNING]  <W> setInferenceBufferForHtpExtensionSkel not supported on this platform


Genie:  11005.6ms [WARNING]  <W> setInferenceBufferForHtpExtensionSkel: not supported for DeviceId 0 coreId 0 pdId 3


Genie:  11005.7ms [WARNING]  <W> setInferenceBufferForHtpExtensionSkel not supported on this platform


Genie:  11005.8ms [  INFO ]  <I> graph 256 weights fully shared, not packaging


Genie:  11005.8ms [  INFO ]  <I> graph 257 weights fully shared, not packaging


Genie:  11005.8ms [  INFO ]  <I> graph 258 weights fully shared, not packaging


Genie:  11005.8ms [  INFO ]  <I> graph 259 weights fully shared, not packaging


Genie:  11005.8ms [  INFO ]  <I> graph 260 weights fully shared, not packaging


Genie:  11005.8ms [  INFO ]  <I> graph 261 weights fully shared, not packaging


Genie:  11005.8ms [  INFO ]  <I> graph 262 weights fully shared, not packaging


Genie:  11005.8ms [  INFO ]  <I> graph 263 weights fully shared, not packaging


Genie:  11005.8ms [  INFO ]  <I> graph 264 weights fully shared, not packaging


Genie:  11005.8ms [  INFO ]  <I> graph 265 weights fully shared, not packaging


Genie:  11067.5ms [  INFO ]  <I> graph 256 weights fully shared, not packaging


Genie:  11067.5ms [  INFO ]  <I> graph 257 weights fully shared, not packaging


Genie:  11067.5ms [  INFO ]  <I> graph 258 weights fully shared, not packaging


Genie:  11067.5ms [  INFO ]  <I> graph 259 weights fully shared, not packaging


Genie:  11067.5ms [  INFO ]  <I> graph 260 weights fully shared, not packaging


Genie:  11067.5ms [  INFO ]  <I> graph 261 weights fully shared, not packaging


Genie:  11067.5ms [  INFO ]  <I> graph 262 weights fully shared, not packaging


Genie:  11067.5ms [  INFO ]  <I> graph 263 weights fully shared, not packaging


Genie:  11067.5ms [  INFO ]  <I> graph 264 weights fully shared, not packaging


Genie:  11067.5ms [  INFO ]  <I> graph 265 weights fully shared, not packaging


Genie:  13378.9ms [WARNING]  <W> This option (6) is only for create context from binary use case.


Genie:  13379.0ms [  INFO ]  <I> graph ar128_cl512_3_of_4 is loaded 1


Genie:  13379.0ms [  INFO ]  <I> graph ar128_cl1024_3_of_4 is loaded 1


Genie:  13379.0ms [  INFO ]  <I> graph ar128_cl2048_3_of_4 is loaded 1


Genie:  13379.0ms [  INFO ]  <I> graph ar128_cl3072_3_of_4 is loaded 1


Genie:  13379.0ms [  INFO ]  <I> graph ar128_cl4096_3_of_4 is loaded 1


Genie:  13379.0ms [  INFO ]  <I> graph ar1_cl512_3_of_4 is loaded 1


Genie:  13379.0ms [  INFO ]  <I> graph ar1_cl1024_3_of_4 is loaded 1


Genie:  13379.0ms [  INFO ]  <I> graph ar1_cl2048_3_of_4 is loaded 1


Genie:  13379.0ms [  INFO ]  <I> graph ar1_cl3072_3_of_4 is loaded 1


Genie:  13379.0ms [  INFO ]  <I> graph ar1_cl4096_3_of_4 is loaded 1


Genie:  13380.3ms [  INFO ]  <I> Number of existing contexts: 3, graphs: 30


Genie:  13380.3ms [  INFO ]  <I> QnnContext_createFromBinary done successfully. context = 0x3


Genie:  13466.9ms [  INFO ]  <I> QnnGraph_retrieve started. context = 0x3


Genie:  13466.9ms [  INFO ]  <I> Number of existing contexts: 3, graphs: 30


Genie:  13466.9ms [  INFO ]  <I> QnnGraph_retrieve done. status 0x0


Genie:  13466.9ms [  INFO ]  <I> QnnMem_register started. context 0x3 


Genie:  13565.7ms [  INFO ]  <I> QnnMem_register done. status 0x0


Genie:  13565.7ms [  INFO ]  <I> QnnMem_register started. context 0x3 


Genie:  13565.7ms [  INFO ]  <I> QnnMem_register done. status 0x0


Genie:  13565.7ms [  INFO ]  <I> QnnMem_register started. context 0x3 


Genie:  13565.7ms [  INFO ]  <I> QnnMem_register done. status 0x0


Genie:  13565.7ms [  INFO ]  <I> QnnMem_register started. context 0x3 


Genie:  13565.7ms [  INFO ]  <I> QnnMem_register done. status 0x0


Genie:  13565.7ms [  INFO ]  <I> QnnMem_register started. context 0x3 


Genie:  13565.7ms [  INFO ]  <I> QnnMem_register done. status 0x0


Genie:  13565.7ms [  INFO ]  <I> QnnMem_register started. context 0x3 


Genie:  13565.7ms [  INFO ]  <I> QnnMem_register done. status 0x0


Genie:  13565.7ms [  INFO ]  <I> QnnMem_register started. context 0x3 


Genie:  13565.7ms [  INFO ]  <I> QnnMem_register done. status 0x0


Genie:  13565.7ms [  INFO ]  <I> QnnMem_register started. context 0x3 


Genie:  13565.8ms [  INFO ]  <I> QnnMem_register done. status 0x0


Genie:  13565.8ms [  INFO ]  <I> QnnMem_register started. context 0x3 


Genie:  13565.8ms [  INFO ]  <I> QnnMem_register done. status 0x0


Genie:  13565.8ms [  INFO ]  <I> QnnMem_register started. context 0x3 


Genie:  13565.8ms [  INFO ]  <I> QnnMem_register done. status 0x0


Genie:  13565.8ms [  INFO ]  <I> QnnMem_register started. context 0x3 


Genie:  13565.8ms [  INFO ]  <I> QnnMem_register done. status 0x0


Genie:  13565.8ms [  INFO ]  <I> QnnMem_register started. context 0x3 


Genie:  13565.8ms [  INFO ]  <I> QnnMem_register done. status 0x0


Genie:  13565.8ms [  INFO ]  <I> QnnMem_register started. context 0x3 


Genie:  13565.8ms [  INFO ]  <I> QnnMem_register done. status 0x0


Genie:  13565.8ms [  INFO ]  <I> QnnMem_register started. context 0x3 


Genie:  13565.8ms [  INFO ]  <I> QnnMem_register done. status 0x0


Genie:  13565.8ms [  INFO ]  <I> QnnMem_register started. context 0x3 


Genie:  13565.8ms [  INFO ]  <I> QnnMem_register done. status 0x0


Genie:  13565.8ms [  INFO ]  <I> QnnMem_register started. context 0x3 


Genie:  13565.8ms [  INFO ]  <I> QnnMem_register done. status 0x0


Genie:  13565.8ms [  INFO ]  <I> QnnMem_register started. context 0x3 


Genie:  13565.8ms [  INFO ]  <I> QnnMem_register done. status 0x0


Genie:  13565.8ms [  INFO ]  <I> QnnMem_register started. context 0x3 


Genie:  13565.8ms [  INFO ]  <I> QnnMem_register done. status 0x0


Genie:  13565.8ms [  INFO ]  <I> QnnMem_register started. context 0x3 


Genie:  13565.8ms [  INFO ]  <I> QnnMem_register done. status 0x0


Genie:  13565.9ms [  INFO ]  <I> QnnMem_register started. context 0x3 


Genie:  13565.9ms [  INFO ]  <I> QnnMem_register done. status 0x0


Genie:  13565.9ms [  INFO ]  <I> QnnMem_register started. context 0x3 


Genie:  13565.9ms [  INFO ]  <I> QnnMem_register done. status 0x0


Genie:  13565.9ms [  INFO ]  <I> QnnMem_register started. context 0x3 


Genie:  13565.9ms [  INFO ]  <I> QnnMem_register done. status 0x0


Genie:  13565.9ms [  INFO ]  <I> QnnMem_register started. context 0x3 


Genie:  13565.9ms [  INFO ]  <I> QnnMem_register done. status 0x0


Genie:  13565.9ms [  INFO ]  <I> QnnMem_register started. context 0x3 


Genie:  13565.9ms [  INFO ]  <I> QnnMem_register done. status 0x0


Genie:  13565.9ms [  INFO ]  <I> QnnMem_register started. context 0x3 


Genie:  13565.9ms [  INFO ]  <I> QnnMem_register done. status 0x0


Genie:  13565.9ms [  INFO ]  <I> QnnMem_register started. context 0x3 


Genie:  13565.9ms [  INFO ]  <I> QnnMem_register done. status 0x0


Genie:  13565.9ms [  INFO ]  <I> QnnMem_register started. context 0x3 


Genie:  13565.9ms [  INFO ]  <I> QnnMem_register done. status 0x0


Genie:  13565.9ms [  INFO ]  <I> QnnMem_register started. context 0x3 


Genie:  13565.9ms [  INFO ]  <I> QnnMem_register done. status 0x0


Genie:  13565.9ms [  INFO ]  <I> QnnMem_register started. context 0x3 


Genie:  13565.9ms [  INFO ]  <I> QnnMem_register done. status 0x0


Genie:  13565.9ms [  INFO ]  <I> QnnMem_register started. context 0x3 


Genie:  13565.9ms [  INFO ]  <I> QnnMem_register done. status 0x0


Genie:  13565.9ms [  INFO ]  <I> QnnMem_register started. context 0x3 


Genie:  13566.0ms [  INFO ]  <I> QnnMem_register done. status 0x0


Genie:  13566.0ms [  INFO ]  <I> QnnMem_register started. context 0x3 


Genie:  13566.0ms [  INFO ]  <I> QnnMem_register done. status 0x0


Genie:  13566.0ms [  INFO ]  <I> QnnMem_register started. context 0x3 


Genie:  13567.1ms [  INFO ]  <I> QnnMem_register done. status 0x0


Genie:  13567.1ms [  INFO ]  <I> QnnMem_register started. context 0x3 


Genie:  13567.1ms [  INFO ]  <I> QnnMem_register done. status 0x0


Genie:  13567.1ms [  INFO ]  <I> QnnMem_register started. context 0x3 


Genie:  13567.2ms [  INFO ]  <I> QnnMem_register done. status 0x0


Genie:  13567.2ms [  INFO ]  <I> QnnMem_register started. context 0x3 


Genie:  13567.2ms [  INFO ]  <I> QnnMem_register done. status 0x0


Genie:  13567.2ms [  INFO ]  <I> QnnMem_register started. context 0x3 


Genie:  13567.2ms [  INFO ]  <I> QnnMem_register done. status 0x0


Genie:  13567.2ms [  INFO ]  <I> QnnMem_register started. context 0x3 


Genie:  13567.2ms [  INFO ]  <I> QnnMem_register done. status 0x0


Genie:  13567.2ms [  INFO ]  <I> QnnMem_register started. context 0x3 


Genie:  13567.2ms [  INFO ]  <I> QnnMem_register done. status 0x0


Genie:  13567.2ms [  INFO ]  <I> QnnMem_register started. context 0x3 


Genie:  13567.2ms [  INFO ]  <I> QnnMem_register done. status 0x0


Genie:  13567.2ms [  INFO ]  <I> QnnMem_register started. context 0x3 


Genie:  13567.2ms [  INFO ]  <I> QnnMem_register done. status 0x0


Genie:  13567.2ms [  INFO ]  <I> QnnMem_register started. context 0x3 


Genie:  13567.2ms [  INFO ]  <I> QnnMem_register done. status 0x0


Genie:  13567.2ms [  INFO ]  <I> QnnMem_register started. context 0x3 


Genie:  13567.2ms [  INFO ]  <I> QnnMem_register done. status 0x0


Genie:  13567.2ms [  INFO ]  <I> QnnMem_register started. context 0x3 


Genie:  13567.2ms [  INFO ]  <I> QnnMem_register done. status 0x0


Genie:  13567.2ms [  INFO ]  <I> QnnMem_register started. context 0x3 


Genie:  13567.2ms [  INFO ]  <I> QnnMem_register done. status 0x0


Genie:  13567.2ms [  INFO ]  <I> QnnMem_register started. context 0x3 


Genie:  13567.2ms [  INFO ]  <I> QnnMem_register done. status 0x0


Genie:  13567.2ms [  INFO ]  <I> QnnMem_register started. context 0x3 


Genie:  13567.2ms [  INFO ]  <I> QnnMem_register done. status 0x0


Genie:  13567.2ms [  INFO ]  <I> QnnMem_register started. context 0x3 


Genie:  13567.3ms [  INFO ]  <I> QnnMem_register done. status 0x0


Genie:  13567.3ms [  INFO ]  <I> QnnMem_register started. context 0x3 


Genie:  13567.3ms [  INFO ]  <I> QnnMem_register done. status 0x0


Genie:  13567.3ms [  INFO ]  <I> QnnMem_register started. context 0x3 


Genie:  13567.3ms [  INFO ]  <I> QnnMem_register done. status 0x0


Genie:  13567.3ms [  INFO ]  <I> QnnMem_register started. context 0x3 


Genie:  13567.3ms [  INFO ]  <I> QnnMem_register done. status 0x0


Genie:  13567.3ms [  INFO ]  <I> QnnMem_register started. context 0x3 


Genie:  13567.3ms [  INFO ]  <I> QnnMem_register done. status 0x0


Genie:  13567.3ms [  INFO ]  <I> QnnMem_register started. context 0x3 


Genie:  13567.3ms [  INFO ]  <I> QnnMem_register done. status 0x0


Genie:  13567.3ms [  INFO ]  <I> QnnMem_register started. context 0x3 


Genie:  13567.3ms [  INFO ]  <I> QnnMem_register done. status 0x0


Genie:  13567.3ms [  INFO ]  <I> QnnMem_register started. context 0x3 


Genie:  13567.3ms [  INFO ]  <I> QnnMem_register done. status 0x0


Genie:  13567.3ms [  INFO ]  <I> QnnMem_register started. context 0x3 


Genie:  13567.3ms [  INFO ]  <I> QnnMem_register done. status 0x0


Genie:  13567.3ms [  INFO ]  <I> QnnMem_register started. context 0x3 


Genie:  13567.3ms [  INFO ]  <I> QnnMem_register done. status 0x0


Genie:  13567.3ms [  INFO ]  <I> QnnMem_register started. context 0x3 


Genie:  13567.3ms [  INFO ]  <I> QnnMem_register done. status 0x0


Genie:  13567.3ms [  INFO ]  <I> QnnMem_register started. context 0x3 


Genie:  13567.4ms [  INFO ]  <I> QnnMem_register done. status 0x0


Genie:  13567.4ms [  INFO ]  <I> QnnMem_register started. context 0x3 


Genie:  13567.4ms [  INFO ]  <I> QnnMem_register done. status 0x0


Genie:  13567.4ms [  INFO ]  <I> QnnMem_register started. context 0x3 


Genie:  13567.4ms [  INFO ]  <I> QnnMem_register done. status 0x0


Genie:  13567.4ms [  INFO ]  <I> QnnMem_register started. context 0x3 


Genie:  13567.4ms [  INFO ]  <I> QnnMem_register done. status 0x0


Genie:  13567.4ms [  INFO ]  <I> QnnMem_register started. context 0x3 


Genie:  13567.4ms [  INFO ]  <I> QnnMem_register done. status 0x0


Genie:  13567.4ms [  INFO ]  <I> QnnMem_register started. context 0x3 


Genie:  13567.4ms [  INFO ]  <I> QnnMem_register done. status 0x0


Genie:  13567.4ms [  INFO ]  <I> QnnMem_register started. context 0x3 


Genie:  13567.4ms [  INFO ]  <I> QnnMem_register done. status 0x0


Genie:  13567.4ms [  INFO ]  <I> QnnMem_register started. context 0x3 


Genie:  13567.4ms [  INFO ]  <I> QnnMem_register done. status 0x0


Genie:  13567.4ms [  INFO ]  <I> QnnMem_register started. context 0x3 


Genie:  13567.4ms [  INFO ]  <I> QnnMem_register done. status 0x0


Genie:  13567.4ms [  INFO ]  <I> QnnMem_register started. context 0x3 


Genie:  13567.4ms [  INFO ]  <I> QnnMem_register done. status 0x0


Genie:  13567.4ms [  INFO ]  <I> QnnMem_register started. context 0x3 


Genie:  13568.4ms [  INFO ]  <I> QnnMem_register done. status 0x0


Genie:  13568.4ms [  INFO ]  <I> QnnGraph_retrieve started. context = 0x3


Genie:  13568.4ms [  INFO ]  <I> Number of existing contexts: 3, graphs: 30


Genie:  13568.4ms [  INFO ]  <I> QnnGraph_retrieve done. status 0x0


Genie:  13568.5ms [  INFO ]  <I> QnnMem_register started. context 0x3 


Genie:  13568.5ms [  INFO ]  <I> QnnMem_register done. status 0x0


Genie:  13568.5ms [  INFO ]  <I> QnnMem_register started. context 0x3 


Genie:  13568.5ms [  INFO ]  <I> QnnMem_register done. status 0x0


Genie:  13568.5ms [  INFO ]  <I> QnnMem_register started. context 0x3 


Genie:  13568.5ms [  INFO ]  <I> QnnMem_register done. status 0x0


Genie:  13568.5ms [  INFO ]  <I> QnnMem_register started. context 0x3 


Genie:  13568.5ms [  INFO ]  <I> QnnMem_register done. status 0x0


Genie:  13568.5ms [  INFO ]  <I> QnnMem_register started. context 0x3 


Genie:  13568.5ms [  INFO ]  <I> QnnMem_register done. status 0x0


Genie:  13568.5ms [  INFO ]  <I> QnnMem_register started. context 0x3 


Genie:  13568.5ms [  INFO ]  <I> QnnMem_register done. status 0x0


Genie:  13568.5ms [  INFO ]  <I> QnnMem_register started. context 0x3 


Genie:  13568.5ms [  INFO ]  <I> QnnMem_register done. status 0x0


Genie:  13568.5ms [  INFO ]  <I> QnnMem_register started. context 0x3 


Genie:  13568.5ms [  INFO ]  <I> QnnMem_register done. status 0x0


Genie:  13568.6ms [  INFO ]  <I> QnnMem_register started. context 0x3 


Genie:  13568.6ms [  INFO ]  <I> QnnMem_register done. status 0x0


Genie:  13568.6ms [  INFO ]  <I> QnnMem_register started. context 0x3 


Genie:  13568.6ms [  INFO ]  <I> QnnMem_register done. status 0x0


Genie:  13568.6ms [  INFO ]  <I> QnnMem_register started. context 0x3 


Genie:  13568.6ms [  INFO ]  <I> QnnMem_register done. status 0x0


Genie:  13568.6ms [  INFO ]  <I> QnnMem_register started. context 0x3 


Genie:  13568.6ms [  INFO ]  <I> QnnMem_register done. status 0x0


Genie:  13568.6ms [  INFO ]  <I> QnnMem_register started. context 0x3 


Genie:  13568.6ms [  INFO ]  <I> QnnMem_register done. status 0x0


Genie:  13568.6ms [  INFO ]  <I> QnnMem_register started. context 0x3 


Genie:  13568.6ms [  INFO ]  <I> QnnMem_register done. status 0x0


Genie:  13568.6ms [  INFO ]  <I> QnnMem_register started. context 0x3 


Genie:  13568.6ms [  INFO ]  <I> QnnMem_register done. status 0x0


Genie:  13568.6ms [  INFO ]  <I> QnnMem_register started. context 0x3 


Genie:  13568.6ms [  INFO ]  <I> QnnMem_register done. status 0x0


Genie:  13568.6ms [  INFO ]  <I> QnnMem_register started. context 0x3 


Genie:  13568.6ms [  INFO ]  <I> QnnMem_register done. status 0x0


Genie:  13568.6ms [  INFO ]  <I> QnnMem_register started. context 0x3 


Genie:  13568.6ms [  INFO ]  <I> QnnMem_register done. status 0x0


Genie:  13568.6ms [  INFO ]  <I> QnnMem_register started. context 0x3 


Genie:  13568.6ms [  INFO ]  <I> QnnMem_register done. status 0x0


Genie:  13568.7ms [  INFO ]  <I> QnnMem_register started. context 0x3 


Genie:  13568.7ms [  INFO ]  <I> QnnMem_register done. status 0x0


Genie:  13568.7ms [  INFO ]  <I> QnnMem_register started. context 0x3 


Genie:  13568.7ms [  INFO ]  <I> QnnMem_register done. status 0x0


Genie:  13568.7ms [  INFO ]  <I> QnnMem_register started. context 0x3 


Genie:  13568.7ms [  INFO ]  <I> QnnMem_register done. status 0x0


Genie:  13568.7ms [  INFO ]  <I> QnnMem_register started. context 0x3 


Genie:  13568.7ms [  INFO ]  <I> QnnMem_register done. status 0x0


Genie:  13568.8ms [  INFO ]  <I> QnnMem_register started. context 0x3 


Genie:  13568.8ms [  INFO ]  <I> QnnMem_register done. status 0x0


Genie:  13568.8ms [  INFO ]  <I> QnnMem_register started. context 0x3 


Genie:  13568.8ms [  INFO ]  <I> QnnMem_register done. status 0x0


Genie:  13568.8ms [  INFO ]  <I> QnnMem_register started. context 0x3 


Genie:  13568.8ms [  INFO ]  <I> QnnMem_register done. status 0x0


Genie:  13568.8ms [  INFO ]  <I> QnnMem_register started. context 0x3 


Genie:  13568.8ms [  INFO ]  <I> QnnMem_register done. status 0x0


Genie:  13568.8ms [  INFO ]  <I> QnnMem_register started. context 0x3 


Genie:  13568.9ms [  INFO ]  <I> QnnMem_register done. status 0x0


Genie:  13568.9ms [  INFO ]  <I> QnnMem_register started. context 0x3 


Genie:  13568.9ms [  INFO ]  <I> QnnMem_register done. status 0x0


Genie:  13568.9ms [  INFO ]  <I> QnnMem_register started. context 0x3 


Genie:  13568.9ms [  INFO ]  <I> QnnMem_register done. status 0x0


Genie:  13568.9ms [  INFO ]  <I> QnnMem_register started. context 0x3 


Genie:  13568.9ms [  INFO ]  <I> QnnMem_register done. status 0x0


Genie:  13568.9ms [  INFO ]  <I> QnnMem_register started. context 0x3 


Genie:  13568.9ms [  INFO ]  <I> QnnMem_register done. status 0x0


Genie:  13569.0ms [  INFO ]  <I> QnnGraph_retrieve started. context = 0x3


Genie:  13569.0ms [  INFO ]  <I> Number of existing contexts: 3, graphs: 30


Genie:  13569.0ms [  INFO ]  <I> QnnGraph_retrieve done. status 0x0


Genie:  13569.1ms [  INFO ]  <I> QnnMem_register started. context 0x3 


Genie:  13569.1ms [  INFO ]  <I> QnnMem_register done. status 0x0


Genie:  13569.1ms [  INFO ]  <I> QnnMem_register started. context 0x3 


Genie:  13569.1ms [  INFO ]  <I> QnnMem_register done. status 0x0


Genie:  13569.1ms [  INFO ]  <I> QnnMem_register started. context 0x3 


Genie:  13569.1ms [  INFO ]  <I> QnnMem_register done. status 0x0


Genie:  13569.1ms [  INFO ]  <I> QnnMem_register started. context 0x3 


Genie:  13569.2ms [  INFO ]  <I> QnnMem_register done. status 0x0


Genie:  13569.2ms [  INFO ]  <I> QnnMem_register started. context 0x3 


Genie:  13569.2ms [  INFO ]  <I> QnnMem_register done. status 0x0


Genie:  13569.2ms [  INFO ]  <I> QnnMem_register started. context 0x3 


Genie:  13569.2ms [  INFO ]  <I> QnnMem_register done. status 0x0


Genie:  13569.2ms [  INFO ]  <I> QnnMem_register started. context 0x3 


Genie:  13569.2ms [  INFO ]  <I> QnnMem_register done. status 0x0


Genie:  13569.2ms [  INFO ]  <I> QnnMem_register started. context 0x3 


Genie:  13569.3ms [  INFO ]  <I> QnnMem_register done. status 0x0


Genie:  13569.3ms [  INFO ]  <I> QnnMem_register started. context 0x3 


Genie:  13569.3ms [  INFO ]  <I> QnnMem_register done. status 0x0


Genie:  13569.3ms [  INFO ]  <I> QnnMem_register started. context 0x3 


Genie:  13569.3ms [  INFO ]  <I> QnnMem_register done. status 0x0


Genie:  13569.3ms [  INFO ]  <I> QnnMem_register started. context 0x3 


Genie:  13569.3ms [  INFO ]  <I> QnnMem_register done. status 0x0


Genie:  13569.3ms [  INFO ]  <I> QnnMem_register started. context 0x3 


Genie:  13569.3ms [  INFO ]  <I> QnnMem_register done. status 0x0


Genie:  13569.3ms [  INFO ]  <I> QnnMem_register started. context 0x3 


Genie:  13569.3ms [  INFO ]  <I> QnnMem_register done. status 0x0


Genie:  13569.3ms [  INFO ]  <I> QnnMem_register started. context 0x3 


Genie:  13569.3ms [  INFO ]  <I> QnnMem_register done. status 0x0


Genie:  13569.3ms [  INFO ]  <I> QnnMem_register started. context 0x3 


Genie:  13569.4ms [  INFO ]  <I> QnnMem_register done. status 0x0


Genie:  13569.4ms [  INFO ]  <I> QnnMem_register started. context 0x3 


Genie:  13569.4ms [  INFO ]  <I> QnnMem_register done. status 0x0


Genie:  13569.4ms [  INFO ]  <I> QnnMem_register started. context 0x3 


Genie:  13569.4ms [  INFO ]  <I> QnnMem_register done. status 0x0


Genie:  13569.4ms [  INFO ]  <I> QnnMem_register started. context 0x3 


Genie:  13569.4ms [  INFO ]  <I> QnnMem_register done. status 0x0


Genie:  13569.4ms [  INFO ]  <I> QnnMem_register started. context 0x3 


Genie:  13569.4ms [  INFO ]  <I> QnnMem_register done. status 0x0


Genie:  13569.4ms [  INFO ]  <I> QnnMem_register started. context 0x3 


Genie:  13569.4ms [  INFO ]  <I> QnnMem_register done. status 0x0


Genie:  13569.4ms [  INFO ]  <I> QnnMem_register started. context 0x3 


Genie:  13569.4ms [  INFO ]  <I> QnnMem_register done. status 0x0


Genie:  13569.4ms [  INFO ]  <I> QnnMem_register started. context 0x3 


Genie:  13569.4ms [  INFO ]  <I> QnnMem_register done. status 0x0


Genie:  13569.4ms [  INFO ]  <I> QnnMem_register started. context 0x3 


Genie:  13569.4ms [  INFO ]  <I> QnnMem_register done. status 0x0


Genie:  13569.4ms [  INFO ]  <I> QnnMem_register started. context 0x3 


Genie:  13569.4ms [  INFO ]  <I> QnnMem_register done. status 0x0


Genie:  13569.4ms [  INFO ]  <I> QnnMem_register started. context 0x3 


Genie:  13569.4ms [  INFO ]  <I> QnnMem_register done. status 0x0


Genie:  13569.4ms [  INFO ]  <I> QnnMem_register started. context 0x3 


Genie:  13569.4ms [  INFO ]  <I> QnnMem_register done. status 0x0


Genie:  13569.4ms [  INFO ]  <I> QnnMem_register started. context 0x3 


Genie:  13569.5ms [  INFO ]  <I> QnnMem_register done. status 0x0


Genie:  13569.5ms [  INFO ]  <I> QnnMem_register started. context 0x3 


Genie:  13569.5ms [  INFO ]  <I> QnnMem_register done. status 0x0


Genie:  13569.5ms [  INFO ]  <I> QnnMem_register started. context 0x3 


Genie:  13569.5ms [  INFO ]  <I> QnnMem_register done. status 0x0


Genie:  13569.5ms [  INFO ]  <I> QnnMem_register started. context 0x3 


Genie:  13569.5ms [  INFO ]  <I> QnnMem_register done. status 0x0


Genie:  13569.5ms [  INFO ]  <I> QnnMem_register started. context 0x3 


Genie:  13569.5ms [  INFO ]  <I> QnnMem_register done. status 0x0


Genie:  13569.5ms [  INFO ]  <I> QnnMem_register started. context 0x3 


Genie:  13569.5ms [  INFO ]  <I> QnnMem_register done. status 0x0


Genie:  13569.5ms [  INFO ]  <I> QnnGraph_retrieve started. context = 0x3


Genie:  13569.5ms [  INFO ]  <I> Number of existing contexts: 3, graphs: 30


Genie:  13569.5ms [  INFO ]  <I> QnnGraph_retrieve done. status 0x0


Genie:  13569.6ms [  INFO ]  <I> QnnMem_register started. context 0x3 


Genie:  13569.6ms [  INFO ]  <I> QnnMem_register done. status 0x0


Genie:  13569.6ms [  INFO ]  <I> QnnMem_register started. context 0x3 


Genie:  13569.6ms [  INFO ]  <I> QnnMem_register done. status 0x0


Genie:  13569.6ms [  INFO ]  <I> QnnMem_register started. context 0x3 


Genie:  13569.6ms [  INFO ]  <I> QnnMem_register done. status 0x0


Genie:  13569.7ms [  INFO ]  <I> QnnMem_register started. context 0x3 


Genie:  13569.7ms [  INFO ]  <I> QnnMem_register done. status 0x0


Genie:  13569.7ms [  INFO ]  <I> QnnMem_register started. context 0x3 


Genie:  13569.7ms [  INFO ]  <I> QnnMem_register done. status 0x0


Genie:  13569.7ms [  INFO ]  <I> QnnMem_register started. context 0x3 


Genie:  13569.7ms [  INFO ]  <I> QnnMem_register done. status 0x0


Genie:  13569.7ms [  INFO ]  <I> QnnMem_register started. context 0x3 


Genie:  13569.8ms [  INFO ]  <I> QnnMem_register done. status 0x0


Genie:  13569.8ms [  INFO ]  <I> QnnMem_register started. context 0x3 


Genie:  13569.8ms [  INFO ]  <I> QnnMem_register done. status 0x0


Genie:  13569.8ms [  INFO ]  <I> QnnMem_register started. context 0x3 


Genie:  13569.8ms [  INFO ]  <I> QnnMem_register done. status 0x0


Genie:  13569.8ms [  INFO ]  <I> QnnMem_register started. context 0x3 


Genie:  13569.8ms [  INFO ]  <I> QnnMem_register done. status 0x0


Genie:  13569.8ms [  INFO ]  <I> QnnMem_register started. context 0x3 


Genie:  13569.9ms [  INFO ]  <I> QnnMem_register done. status 0x0


Genie:  13569.9ms [  INFO ]  <I> QnnMem_register started. context 0x3 


Genie:  13569.9ms [  INFO ]  <I> QnnMem_register done. status 0x0


Genie:  13569.9ms [  INFO ]  <I> QnnMem_register started. context 0x3 


Genie:  13569.9ms [  INFO ]  <I> QnnMem_register done. status 0x0


Genie:  13569.9ms [  INFO ]  <I> QnnMem_register started. context 0x3 


Genie:  13569.9ms [  INFO ]  <I> QnnMem_register done. status 0x0


Genie:  13569.9ms [  INFO ]  <I> QnnMem_register started. context 0x3 


Genie:  13569.9ms [  INFO ]  <I> QnnMem_register done. status 0x0


Genie:  13570.0ms [  INFO ]  <I> QnnMem_register started. context 0x3 


Genie:  13570.0ms [  INFO ]  <I> QnnMem_register done. status 0x0


Genie:  13570.0ms [  INFO ]  <I> QnnMem_register started. context 0x3 


Genie:  13570.0ms [  INFO ]  <I> QnnMem_register done. status 0x0


Genie:  13570.0ms [  INFO ]  <I> QnnMem_register started. context 0x3 


Genie:  13570.0ms [  INFO ]  <I> QnnMem_register done. status 0x0


Genie:  13570.0ms [  INFO ]  <I> QnnMem_register started. context 0x3 


Genie:  13570.0ms [  INFO ]  <I> QnnMem_register done. status 0x0


Genie:  13570.0ms [  INFO ]  <I> QnnMem_register started. context 0x3 


Genie:  13570.1ms [  INFO ]  <I> QnnMem_register done. status 0x0


Genie:  13570.1ms [  INFO ]  <I> QnnMem_register started. context 0x3 


Genie:  13570.1ms [  INFO ]  <I> QnnMem_register done. status 0x0


Genie:  13570.2ms [  INFO ]  <I> QnnMem_register started. context 0x3 


Genie:  13570.2ms [  INFO ]  <I> QnnMem_register done. status 0x0


Genie:  13570.2ms [  INFO ]  <I> QnnMem_register started. context 0x3 


Genie:  13570.2ms [  INFO ]  <I> QnnMem_register done. status 0x0


Genie:  13570.2ms [  INFO ]  <I> QnnMem_register started. context 0x3 


Genie:  13570.2ms [  INFO ]  <I> QnnMem_register done. status 0x0


Genie:  13570.2ms [  INFO ]  <I> QnnMem_register started. context 0x3 


Genie:  13570.2ms [  INFO ]  <I> QnnMem_register done. status 0x0


Genie:  13570.2ms [  INFO ]  <I> QnnMem_register started. context 0x3 


Genie:  13570.2ms [  INFO ]  <I> QnnMem_register done. status 0x0


Genie:  13570.2ms [  INFO ]  <I> QnnMem_register started. context 0x3 


Genie:  13570.2ms [  INFO ]  <I> QnnMem_register done. status 0x0


Genie:  13570.2ms [  INFO ]  <I> QnnMem_register started. context 0x3 


Genie:  13570.2ms [  INFO ]  <I> QnnMem_register done. status 0x0


Genie:  13570.3ms [  INFO ]  <I> QnnMem_register started. context 0x3 


Genie:  13570.3ms [  INFO ]  <I> QnnMem_register done. status 0x0


Genie:  13570.3ms [  INFO ]  <I> QnnMem_register started. context 0x3 


Genie:  13570.3ms [  INFO ]  <I> QnnMem_register done. status 0x0


Genie:  13570.3ms [  INFO ]  <I> QnnMem_register started. context 0x3 


Genie:  13570.3ms [  INFO ]  <I> QnnMem_register done. status 0x0


Genie:  13570.3ms [  INFO ]  <I> QnnMem_register started. context 0x3 


Genie:  13570.3ms [  INFO ]  <I> QnnMem_register done. status 0x0


Genie:  13570.3ms [  INFO ]  <I> QnnGraph_retrieve started. context = 0x3


Genie:  13570.3ms [  INFO ]  <I> Number of existing contexts: 3, graphs: 30


Genie:  13570.3ms [  INFO ]  <I> QnnGraph_retrieve done. status 0x0


Genie:  13570.3ms [  INFO ]  <I> QnnMem_register started. context 0x3 


Genie:  13570.3ms [  INFO ]  <I> QnnMem_register done. status 0x0


Genie:  13570.3ms [  INFO ]  <I> QnnMem_register started. context 0x3 


Genie:  13570.4ms [  INFO ]  <I> QnnMem_register done. status 0x0


Genie:  13570.4ms [  INFO ]  <I> QnnMem_register started. context 0x3 


Genie:  13570.4ms [  INFO ]  <I> QnnMem_register done. status 0x0


Genie:  13570.4ms [  INFO ]  <I> QnnMem_register started. context 0x3 


Genie:  13570.4ms [  INFO ]  <I> QnnMem_register done. status 0x0


Genie:  13570.4ms [  INFO ]  <I> QnnMem_register started. context 0x3 


Genie:  13570.4ms [  INFO ]  <I> QnnMem_register done. status 0x0


Genie:  13570.4ms [  INFO ]  <I> QnnMem_register started. context 0x3 


Genie:  13570.4ms [  INFO ]  <I> QnnMem_register done. status 0x0


Genie:  13570.4ms [  INFO ]  <I> QnnMem_register started. context 0x3 


Genie:  13570.4ms [  INFO ]  <I> QnnMem_register done. status 0x0


Genie:  13570.4ms [  INFO ]  <I> QnnMem_register started. context 0x3 


Genie:  13570.4ms [  INFO ]  <I> QnnMem_register done. status 0x0


Genie:  13570.4ms [  INFO ]  <I> QnnMem_register started. context 0x3 


Genie:  13570.4ms [  INFO ]  <I> QnnMem_register done. status 0x0


Genie:  13570.4ms [  INFO ]  <I> QnnMem_register started. context 0x3 


Genie:  13570.4ms [  INFO ]  <I> QnnMem_register done. status 0x0


Genie:  13570.4ms [  INFO ]  <I> QnnMem_register started. context 0x3 


Genie:  13570.4ms [  INFO ]  <I> QnnMem_register done. status 0x0


Genie:  13570.4ms [  INFO ]  <I> QnnMem_register started. context 0x3 


Genie:  13570.4ms [  INFO ]  <I> QnnMem_register done. status 0x0


Genie:  13570.4ms [  INFO ]  <I> QnnMem_register started. context 0x3 


Genie:  13570.4ms [  INFO ]  <I> QnnMem_register done. status 0x0


Genie:  13570.4ms [  INFO ]  <I> QnnMem_register started. context 0x3 


Genie:  13570.5ms [  INFO ]  <I> QnnMem_register done. status 0x0


Genie:  13570.5ms [  INFO ]  <I> QnnMem_register started. context 0x3 


Genie:  13570.5ms [  INFO ]  <I> QnnMem_register done. status 0x0


Genie:  13570.5ms [  INFO ]  <I> QnnMem_register started. context 0x3 


Genie:  13570.5ms [  INFO ]  <I> QnnMem_register done. status 0x0


Genie:  13570.5ms [  INFO ]  <I> QnnMem_register started. context 0x3 


Genie:  13570.5ms [  INFO ]  <I> QnnMem_register done. status 0x0


Genie:  13570.5ms [  INFO ]  <I> QnnMem_register started. context 0x3 


Genie:  13570.5ms [  INFO ]  <I> QnnMem_register done. status 0x0


Genie:  13570.5ms [  INFO ]  <I> QnnMem_register started. context 0x3 


Genie:  13570.5ms [  INFO ]  <I> QnnMem_register done. status 0x0


Genie:  13570.5ms [  INFO ]  <I> QnnMem_register started. context 0x3 


Genie:  13570.5ms [  INFO ]  <I> QnnMem_register done. status 0x0


Genie:  13570.5ms [  INFO ]  <I> QnnMem_register started. context 0x3 


Genie:  13570.5ms [  INFO ]  <I> QnnMem_register done. status 0x0


Genie:  13570.5ms [  INFO ]  <I> QnnMem_register started. context 0x3 


Genie:  13570.5ms [  INFO ]  <I> QnnMem_register done. status 0x0


Genie:  13570.5ms [  INFO ]  <I> QnnMem_register started. context 0x3 


Genie:  13570.5ms [  INFO ]  <I> QnnMem_register done. status 0x0


Genie:  13570.5ms [  INFO ]  <I> QnnMem_register started. context 0x3 


Genie:  13570.5ms [  INFO ]  <I> QnnMem_register done. status 0x0


Genie:  13570.5ms [  INFO ]  <I> QnnMem_register started. context 0x3 


Genie:  13570.6ms [  INFO ]  <I> QnnMem_register done. status 0x0


Genie:  13570.6ms [  INFO ]  <I> QnnMem_register started. context 0x3 


Genie:  13570.6ms [  INFO ]  <I> QnnMem_register done. status 0x0


Genie:  13570.6ms [  INFO ]  <I> QnnMem_register started. context 0x3 


Genie:  13570.6ms [  INFO ]  <I> QnnMem_register done. status 0x0


Genie:  13570.6ms [  INFO ]  <I> QnnMem_register started. context 0x3 


Genie:  13570.6ms [  INFO ]  <I> QnnMem_register done. status 0x0


Genie:  13570.6ms [  INFO ]  <I> QnnMem_register started. context 0x3 


Genie:  13570.6ms [  INFO ]  <I> QnnMem_register done. status 0x0


Genie:  13570.6ms [  INFO ]  <I> QnnMem_register started. context 0x3 


Genie:  13570.6ms [  INFO ]  <I> QnnMem_register done. status 0x0


Genie:  13570.6ms [  INFO ]  <I> QnnMem_register started. context 0x3 


Genie:  13570.6ms [  INFO ]  <I> QnnMem_register done. status 0x0


Genie:  13570.6ms [  INFO ]  <I> QnnMem_register started. context 0x3 


Genie:  13570.6ms [  INFO ]  <I> QnnMem_register done. status 0x0


Genie:  13570.6ms [  INFO ]  <I> QnnGraph_retrieve started. context = 0x3


Genie:  13570.6ms [  INFO ]  <I> Number of existing contexts: 3, graphs: 30


Genie:  13570.6ms [  INFO ]  <I> QnnGraph_retrieve done. status 0x0


Genie:  13570.7ms [  INFO ]  <I> QnnMem_register started. context 0x3 


Genie:  13570.7ms [  INFO ]  <I> QnnMem_register done. status 0x0


Genie:  13570.7ms [  INFO ]  <I> QnnMem_register started. context 0x3 


Genie:  13570.7ms [  INFO ]  <I> QnnMem_register done. status 0x0


Genie:  13570.7ms [  INFO ]  <I> QnnMem_register started. context 0x3 


Genie:  13570.7ms [  INFO ]  <I> QnnMem_register done. status 0x0


Genie:  13570.7ms [  INFO ]  <I> QnnMem_register started. context 0x3 


Genie:  13570.7ms [  INFO ]  <I> QnnMem_register done. status 0x0


Genie:  13570.7ms [  INFO ]  <I> QnnMem_register started. context 0x3 


Genie:  13570.7ms [  INFO ]  <I> QnnMem_register done. status 0x0


Genie:  13570.7ms [  INFO ]  <I> QnnMem_register started. context 0x3 


Genie:  13570.7ms [  INFO ]  <I> QnnMem_register done. status 0x0


Genie:  13570.7ms [  INFO ]  <I> QnnMem_register started. context 0x3 


Genie:  13570.7ms [  INFO ]  <I> QnnMem_register done. status 0x0


Genie:  13570.7ms [  INFO ]  <I> QnnMem_register started. context 0x3 


Genie:  13570.7ms [  INFO ]  <I> QnnMem_register done. status 0x0


Genie:  13570.7ms [  INFO ]  <I> QnnMem_register started. context 0x3 


Genie:  13570.7ms [  INFO ]  <I> QnnMem_register done. status 0x0


Genie:  13570.7ms [  INFO ]  <I> QnnMem_register started. context 0x3 


Genie:  13570.7ms [  INFO ]  <I> QnnMem_register done. status 0x0


Genie:  13570.7ms [  INFO ]  <I> QnnMem_register started. context 0x3 


Genie:  13570.8ms [  INFO ]  <I> QnnMem_register done. status 0x0


Genie:  13570.8ms [  INFO ]  <I> QnnMem_register started. context 0x3 


Genie:  13570.8ms [  INFO ]  <I> QnnMem_register done. status 0x0


Genie:  13570.8ms [  INFO ]  <I> QnnMem_register started. context 0x3 


Genie:  13570.8ms [  INFO ]  <I> QnnMem_register done. status 0x0


Genie:  13570.8ms [  INFO ]  <I> QnnMem_register started. context 0x3 


Genie:  13570.8ms [  INFO ]  <I> QnnMem_register done. status 0x0


Genie:  13570.8ms [  INFO ]  <I> QnnMem_register started. context 0x3 


Genie:  13570.8ms [  INFO ]  <I> QnnMem_register done. status 0x0


Genie:  13570.8ms [  INFO ]  <I> QnnMem_register started. context 0x3 


Genie:  13570.8ms [  INFO ]  <I> QnnMem_register done. status 0x0


Genie:  13570.8ms [  INFO ]  <I> QnnMem_register started. context 0x3 


Genie:  13570.8ms [  INFO ]  <I> QnnMem_register done. status 0x0


Genie:  13570.8ms [  INFO ]  <I> QnnMem_register started. context 0x3 


Genie:  13570.8ms [  INFO ]  <I> QnnMem_register done. status 0x0


Genie:  13570.8ms [  INFO ]  <I> QnnMem_register started. context 0x3 


Genie:  13570.8ms [  INFO ]  <I> QnnMem_register done. status 0x0


Genie:  13570.8ms [  INFO ]  <I> QnnMem_register started. context 0x3 


Genie:  13570.8ms [  INFO ]  <I> QnnMem_register done. status 0x0


Genie:  13570.8ms [  INFO ]  <I> QnnMem_register started. context 0x3 


Genie:  13570.8ms [  INFO ]  <I> QnnMem_register done. status 0x0


Genie:  13570.8ms [  INFO ]  <I> QnnMem_register started. context 0x3 


Genie:  13570.9ms [  INFO ]  <I> QnnMem_register done. status 0x0


Genie:  13570.9ms [  INFO ]  <I> QnnMem_register started. context 0x3 


Genie:  13570.9ms [  INFO ]  <I> QnnMem_register done. status 0x0


Genie:  13570.9ms [  INFO ]  <I> QnnMem_register started. context 0x3 


Genie:  13570.9ms [  INFO ]  <I> QnnMem_register done. status 0x0


Genie:  13570.9ms [  INFO ]  <I> QnnMem_register started. context 0x3 


Genie:  13570.9ms [  INFO ]  <I> QnnMem_register done. status 0x0


Genie:  13570.9ms [  INFO ]  <I> QnnMem_register started. context 0x3 


Genie:  13570.9ms [  INFO ]  <I> QnnMem_register done. status 0x0


Genie:  13570.9ms [  INFO ]  <I> QnnMem_register started. context 0x3 


Genie:  13570.9ms [  INFO ]  <I> QnnMem_register done. status 0x0


Genie:  13570.9ms [  INFO ]  <I> QnnMem_register started. context 0x3 


Genie:  13570.9ms [  INFO ]  <I> QnnMem_register done. status 0x0


Genie:  13570.9ms [  INFO ]  <I> QnnMem_register started. context 0x3 


Genie:  13570.9ms [  INFO ]  <I> QnnMem_register done. status 0x0


Genie:  13570.9ms [  INFO ]  <I> QnnMem_register started. context 0x3 


Genie:  13570.9ms [  INFO ]  <I> QnnMem_register done. status 0x0


Genie:  13570.9ms [  INFO ]  <I> QnnMem_register started. context 0x3 


Genie:  13570.9ms [  INFO ]  <I> QnnMem_register done. status 0x0


Genie:  13570.9ms [  INFO ]  <I> QnnMem_register started. context 0x3 


Genie:  13570.9ms [  INFO ]  <I> QnnMem_register done. status 0x0


Genie:  13570.9ms [  INFO ]  <I> QnnGraph_retrieve started. context = 0x3


Genie:  13570.9ms [  INFO ]  <I> Number of existing contexts: 3, graphs: 30


Genie:  13571.0ms [  INFO ]  <I> QnnGraph_retrieve done. status 0x0


Genie:  13571.0ms [  INFO ]  <I> QnnMem_register started. context 0x3 


Genie:  13571.0ms [  INFO ]  <I> QnnMem_register done. status 0x0


Genie:  13571.0ms [  INFO ]  <I> QnnMem_register started. context 0x3 


Genie:  13571.0ms [  INFO ]  <I> QnnMem_register done. status 0x0


Genie:  13571.0ms [  INFO ]  <I> QnnMem_register started. context 0x3 


Genie:  13571.0ms [  INFO ]  <I> QnnMem_register done. status 0x0


Genie:  13571.0ms [  INFO ]  <I> QnnMem_register started. context 0x3 


Genie:  13571.0ms [  INFO ]  <I> QnnMem_register done. status 0x0


Genie:  13571.0ms [  INFO ]  <I> QnnMem_register started. context 0x3 


Genie:  13571.0ms [  INFO ]  <I> QnnMem_register done. status 0x0


Genie:  13571.0ms [  INFO ]  <I> QnnMem_register started. context 0x3 


Genie:  13571.0ms [  INFO ]  <I> QnnMem_register done. status 0x0


Genie:  13571.0ms [  INFO ]  <I> QnnMem_register started. context 0x3 


Genie:  13571.1ms [  INFO ]  <I> QnnMem_register done. status 0x0


Genie:  13571.1ms [  INFO ]  <I> QnnMem_register started. context 0x3 


Genie:  13571.1ms [  INFO ]  <I> QnnMem_register done. status 0x0


Genie:  13571.1ms [  INFO ]  <I> QnnMem_register started. context 0x3 


Genie:  13571.1ms [  INFO ]  <I> QnnMem_register done. status 0x0


Genie:  13571.1ms [  INFO ]  <I> QnnMem_register started. context 0x3 


Genie:  13571.1ms [  INFO ]  <I> QnnMem_register done. status 0x0


Genie:  13571.1ms [  INFO ]  <I> QnnMem_register started. context 0x3 


Genie:  13571.1ms [  INFO ]  <I> QnnMem_register done. status 0x0


Genie:  13571.1ms [  INFO ]  <I> QnnMem_register started. context 0x3 


Genie:  13571.1ms [  INFO ]  <I> QnnMem_register done. status 0x0


Genie:  13571.1ms [  INFO ]  <I> QnnMem_register started. context 0x3 


Genie:  13571.1ms [  INFO ]  <I> QnnMem_register done. status 0x0


Genie:  13571.1ms [  INFO ]  <I> QnnMem_register started. context 0x3 


Genie:  13571.1ms [  INFO ]  <I> QnnMem_register done. status 0x0


Genie:  13571.1ms [  INFO ]  <I> QnnMem_register started. context 0x3 


Genie:  13571.1ms [  INFO ]  <I> QnnMem_register done. status 0x0


Genie:  13571.1ms [  INFO ]  <I> QnnMem_register started. context 0x3 


Genie:  13571.1ms [  INFO ]  <I> QnnMem_register done. status 0x0


Genie:  13571.1ms [  INFO ]  <I> QnnMem_register started. context 0x3 


Genie:  13571.1ms [  INFO ]  <I> QnnMem_register done. status 0x0


Genie:  13571.2ms [  INFO ]  <I> QnnMem_register started. context 0x3 


Genie:  13571.2ms [  INFO ]  <I> QnnMem_register done. status 0x0


Genie:  13571.2ms [  INFO ]  <I> QnnMem_register started. context 0x3 


Genie:  13571.2ms [  INFO ]  <I> QnnMem_register done. status 0x0


Genie:  13571.2ms [  INFO ]  <I> QnnMem_register started. context 0x3 


Genie:  13571.2ms [  INFO ]  <I> QnnMem_register done. status 0x0


Genie:  13571.2ms [  INFO ]  <I> QnnMem_register started. context 0x3 


Genie:  13571.2ms [  INFO ]  <I> QnnMem_register done. status 0x0


Genie:  13571.2ms [  INFO ]  <I> QnnMem_register started. context 0x3 


Genie:  13571.2ms [  INFO ]  <I> QnnMem_register done. status 0x0


Genie:  13571.2ms [  INFO ]  <I> QnnMem_register started. context 0x3 


Genie:  13571.2ms [  INFO ]  <I> QnnMem_register done. status 0x0


Genie:  13571.2ms [  INFO ]  <I> QnnMem_register started. context 0x3 


Genie:  13571.2ms [  INFO ]  <I> QnnMem_register done. status 0x0


Genie:  13571.2ms [  INFO ]  <I> QnnMem_register started. context 0x3 


Genie:  13571.2ms [  INFO ]  <I> QnnMem_register done. status 0x0


Genie:  13571.2ms [  INFO ]  <I> QnnMem_register started. context 0x3 


Genie:  13571.2ms [  INFO ]  <I> QnnMem_register done. status 0x0


Genie:  13571.2ms [  INFO ]  <I> QnnMem_register started. context 0x3 


Genie:  13571.2ms [  INFO ]  <I> QnnMem_register done. status 0x0


Genie:  13571.2ms [  INFO ]  <I> QnnMem_register started. context 0x3 


Genie:  13571.2ms [  INFO ]  <I> QnnMem_register done. status 0x0


Genie:  13571.3ms [  INFO ]  <I> QnnMem_register started. context 0x3 


Genie:  13571.3ms [  INFO ]  <I> QnnMem_register done. status 0x0


Genie:  13571.3ms [  INFO ]  <I> QnnMem_register started. context 0x3 


Genie:  13571.3ms [  INFO ]  <I> QnnMem_register done. status 0x0


Genie:  13571.3ms [  INFO ]  <I> QnnMem_register started. context 0x3 


Genie:  13571.3ms [  INFO ]  <I> QnnMem_register done. status 0x0


Genie:  13571.3ms [  INFO ]  <I> QnnMem_register started. context 0x3 


Genie:  13571.3ms [  INFO ]  <I> QnnMem_register done. status 0x0


Genie:  13571.3ms [  INFO ]  <I> QnnGraph_retrieve started. context = 0x3


Genie:  13571.3ms [  INFO ]  <I> Number of existing contexts: 3, graphs: 30


Genie:  13571.3ms [  INFO ]  <I> QnnGraph_retrieve done. status 0x0


Genie:  13571.3ms [  INFO ]  <I> QnnMem_register started. context 0x3 


Genie:  13571.3ms [  INFO ]  <I> QnnMem_register done. status 0x0


Genie:  13571.3ms [  INFO ]  <I> QnnMem_register started. context 0x3 


Genie:  13571.3ms [  INFO ]  <I> QnnMem_register done. status 0x0


Genie:  13571.3ms [  INFO ]  <I> QnnMem_register started. context 0x3 


Genie:  13571.3ms [  INFO ]  <I> QnnMem_register done. status 0x0


Genie:  13571.3ms [  INFO ]  <I> QnnMem_register started. context 0x3 


Genie:  13571.4ms [  INFO ]  <I> QnnMem_register done. status 0x0


Genie:  13571.4ms [  INFO ]  <I> QnnMem_register started. context 0x3 


Genie:  13571.4ms [  INFO ]  <I> QnnMem_register done. status 0x0


Genie:  13571.4ms [  INFO ]  <I> QnnMem_register started. context 0x3 


Genie:  13571.4ms [  INFO ]  <I> QnnMem_register done. status 0x0


Genie:  13571.4ms [  INFO ]  <I> QnnMem_register started. context 0x3 


Genie:  13571.4ms [  INFO ]  <I> QnnMem_register done. status 0x0


Genie:  13571.4ms [  INFO ]  <I> QnnMem_register started. context 0x3 


Genie:  13571.4ms [  INFO ]  <I> QnnMem_register done. status 0x0


Genie:  13571.4ms [  INFO ]  <I> QnnMem_register started. context 0x3 


Genie:  13571.4ms [  INFO ]  <I> QnnMem_register done. status 0x0


Genie:  13571.4ms [  INFO ]  <I> QnnMem_register started. context 0x3 


Genie:  13571.4ms [  INFO ]  <I> QnnMem_register done. status 0x0


Genie:  13571.5ms [  INFO ]  <I> QnnMem_register started. context 0x3 


Genie:  13571.5ms [  INFO ]  <I> QnnMem_register done. status 0x0


Genie:  13571.5ms [  INFO ]  <I> QnnMem_register started. context 0x3 


Genie:  13571.5ms [  INFO ]  <I> QnnMem_register done. status 0x0


Genie:  13571.5ms [  INFO ]  <I> QnnMem_register started. context 0x3 


Genie:  13571.5ms [  INFO ]  <I> QnnMem_register done. status 0x0


Genie:  13571.5ms [  INFO ]  <I> QnnMem_register started. context 0x3 


Genie:  13571.5ms [  INFO ]  <I> QnnMem_register done. status 0x0


Genie:  13571.5ms [  INFO ]  <I> QnnMem_register started. context 0x3 


Genie:  13571.5ms [  INFO ]  <I> QnnMem_register done. status 0x0


Genie:  13571.5ms [  INFO ]  <I> QnnMem_register started. context 0x3 


Genie:  13571.5ms [  INFO ]  <I> QnnMem_register done. status 0x0


Genie:  13571.5ms [  INFO ]  <I> QnnMem_register started. context 0x3 


Genie:  13571.5ms [  INFO ]  <I> QnnMem_register done. status 0x0


Genie:  13571.5ms [  INFO ]  <I> QnnMem_register started. context 0x3 


Genie:  13571.5ms [  INFO ]  <I> QnnMem_register done. status 0x0


Genie:  13571.5ms [  INFO ]  <I> QnnMem_register started. context 0x3 


Genie:  13571.6ms [  INFO ]  <I> QnnMem_register done. status 0x0


Genie:  13571.6ms [  INFO ]  <I> QnnMem_register started. context 0x3 


Genie:  13571.6ms [  INFO ]  <I> QnnMem_register done. status 0x0


Genie:  13571.6ms [  INFO ]  <I> QnnMem_register started. context 0x3 


Genie:  13571.6ms [  INFO ]  <I> QnnMem_register done. status 0x0


Genie:  13571.6ms [  INFO ]  <I> QnnMem_register started. context 0x3 


Genie:  13571.6ms [  INFO ]  <I> QnnMem_register done. status 0x0


Genie:  13571.6ms [  INFO ]  <I> QnnMem_register started. context 0x3 


Genie:  13571.6ms [  INFO ]  <I> QnnMem_register done. status 0x0


Genie:  13571.6ms [  INFO ]  <I> QnnMem_register started. context 0x3 


Genie:  13571.7ms [  INFO ]  <I> QnnMem_register done. status 0x0


Genie:  13571.7ms [  INFO ]  <I> QnnMem_register started. context 0x3 


Genie:  13571.7ms [  INFO ]  <I> QnnMem_register done. status 0x0


Genie:  13571.7ms [  INFO ]  <I> QnnMem_register started. context 0x3 


Genie:  13571.7ms [  INFO ]  <I> QnnMem_register done. status 0x0


Genie:  13571.7ms [  INFO ]  <I> QnnMem_register started. context 0x3 


Genie:  13571.8ms [  INFO ]  <I> QnnMem_register done. status 0x0


Genie:  13571.8ms [  INFO ]  <I> QnnMem_register started. context 0x3 


Genie:  13571.8ms [  INFO ]  <I> QnnMem_register done. status 0x0


Genie:  13571.8ms [  INFO ]  <I> QnnMem_register started. context 0x3 


Genie:  13571.8ms [  INFO ]  <I> QnnMem_register done. status 0x0


Genie:  13571.8ms [  INFO ]  <I> QnnMem_register started. context 0x3 


Genie:  13571.8ms [  INFO ]  <I> QnnMem_register done. status 0x0


Genie:  13571.8ms [  INFO ]  <I> QnnMem_register started. context 0x3 


Genie:  13571.9ms [  INFO ]  <I> QnnMem_register done. status 0x0


Genie:  13571.9ms [  INFO ]  <I> QnnMem_register started. context 0x3 


Genie:  13571.9ms [  INFO ]  <I> QnnMem_register done. status 0x0


Genie:  13571.9ms [  INFO ]  <I> QnnGraph_retrieve started. context = 0x3


Genie:  13571.9ms [  INFO ]  <I> Number of existing contexts: 3, graphs: 30


Genie:  13571.9ms [  INFO ]  <I> QnnGraph_retrieve done. status 0x0


Genie:  13572.0ms [  INFO ]  <I> QnnMem_register started. context 0x3 


Genie:  13572.0ms [  INFO ]  <I> QnnMem_register done. status 0x0


Genie:  13572.0ms [  INFO ]  <I> QnnMem_register started. context 0x3 


Genie:  13572.1ms [  INFO ]  <I> QnnMem_register done. status 0x0


Genie:  13572.1ms [  INFO ]  <I> QnnMem_register started. context 0x3 


Genie:  13572.1ms [  INFO ]  <I> QnnMem_register done. status 0x0


Genie:  13572.1ms [  INFO ]  <I> QnnMem_register started. context 0x3 


Genie:  13572.1ms [  INFO ]  <I> QnnMem_register done. status 0x0


Genie:  13572.1ms [  INFO ]  <I> QnnMem_register started. context 0x3 


Genie:  13572.1ms [  INFO ]  <I> QnnMem_register done. status 0x0


Genie:  13572.1ms [  INFO ]  <I> QnnMem_register started. context 0x3 


Genie:  13572.2ms [  INFO ]  <I> QnnMem_register done. status 0x0


Genie:  13572.2ms [  INFO ]  <I> QnnMem_register started. context 0x3 


Genie:  13572.2ms [  INFO ]  <I> QnnMem_register done. status 0x0


Genie:  13572.2ms [  INFO ]  <I> QnnMem_register started. context 0x3 


Genie:  13572.2ms [  INFO ]  <I> QnnMem_register done. status 0x0


Genie:  13572.2ms [  INFO ]  <I> QnnMem_register started. context 0x3 


Genie:  13572.3ms [  INFO ]  <I> QnnMem_register done. status 0x0


Genie:  13572.3ms [  INFO ]  <I> QnnMem_register started. context 0x3 


Genie:  13572.3ms [  INFO ]  <I> QnnMem_register done. status 0x0


Genie:  13572.3ms [  INFO ]  <I> QnnMem_register started. context 0x3 


Genie:  13572.3ms [  INFO ]  <I> QnnMem_register done. status 0x0


Genie:  13572.3ms [  INFO ]  <I> QnnMem_register started. context 0x3 


Genie:  13572.3ms [  INFO ]  <I> QnnMem_register done. status 0x0


Genie:  13572.3ms [  INFO ]  <I> QnnMem_register started. context 0x3 


Genie:  13572.3ms [  INFO ]  <I> QnnMem_register done. status 0x0


Genie:  13572.3ms [  INFO ]  <I> QnnMem_register started. context 0x3 


Genie:  13572.3ms [  INFO ]  <I> QnnMem_register done. status 0x0


Genie:  13572.3ms [  INFO ]  <I> QnnMem_register started. context 0x3 


Genie:  13572.3ms [  INFO ]  <I> QnnMem_register done. status 0x0


Genie:  13572.3ms [  INFO ]  <I> QnnMem_register started. context 0x3 


Genie:  13572.3ms [  INFO ]  <I> QnnMem_register done. status 0x0


Genie:  13572.3ms [  INFO ]  <I> QnnMem_register started. context 0x3 


Genie:  13572.3ms [  INFO ]  <I> QnnMem_register done. status 0x0


Genie:  13572.3ms [  INFO ]  <I> QnnMem_register started. context 0x3 


Genie:  13572.3ms [  INFO ]  <I> QnnMem_register done. status 0x0


Genie:  13572.3ms [  INFO ]  <I> QnnMem_register started. context 0x3 


Genie:  13572.3ms [  INFO ]  <I> QnnMem_register done. status 0x0


Genie:  13572.3ms [  INFO ]  <I> QnnMem_register started. context 0x3 


Genie:  13572.4ms [  INFO ]  <I> QnnMem_register done. status 0x0


Genie:  13572.4ms [  INFO ]  <I> QnnMem_register started. context 0x3 


Genie:  13572.4ms [  INFO ]  <I> QnnMem_register done. status 0x0


Genie:  13572.4ms [  INFO ]  <I> QnnMem_register started. context 0x3 


Genie:  13572.4ms [  INFO ]  <I> QnnMem_register done. status 0x0


Genie:  13572.4ms [  INFO ]  <I> QnnMem_register started. context 0x3 


Genie:  13572.4ms [  INFO ]  <I> QnnMem_register done. status 0x0


Genie:  13572.4ms [  INFO ]  <I> QnnMem_register started. context 0x3 


Genie:  13572.4ms [  INFO ]  <I> QnnMem_register done. status 0x0


Genie:  13572.4ms [  INFO ]  <I> QnnMem_register started. context 0x3 


Genie:  13572.4ms [  INFO ]  <I> QnnMem_register done. status 0x0


Genie:  13572.4ms [  INFO ]  <I> QnnMem_register started. context 0x3 


Genie:  13572.4ms [  INFO ]  <I> QnnMem_register done. status 0x0


Genie:  13572.4ms [  INFO ]  <I> QnnMem_register started. context 0x3 


Genie:  13572.4ms [  INFO ]  <I> QnnMem_register done. status 0x0


Genie:  13572.4ms [  INFO ]  <I> QnnMem_register started. context 0x3 


Genie:  13572.4ms [  INFO ]  <I> QnnMem_register done. status 0x0


Genie:  13572.4ms [  INFO ]  <I> QnnMem_register started. context 0x3 


Genie:  13572.4ms [  INFO ]  <I> QnnMem_register done. status 0x0


Genie:  13572.4ms [  INFO ]  <I> QnnMem_register started. context 0x3 


Genie:  13572.5ms [  INFO ]  <I> QnnMem_register done. status 0x0


Genie:  13572.5ms [  INFO ]  <I> QnnMem_register started. context 0x3 


Genie:  13572.5ms [  INFO ]  <I> QnnMem_register done. status 0x0


Genie:  13572.5ms [  INFO ]  <I> QnnMem_register started. context 0x3 


Genie:  13572.5ms [  INFO ]  <I> QnnMem_register done. status 0x0


Genie:  13572.5ms [  INFO ]  <I> QnnGraph_retrieve started. context = 0x3


Genie:  13572.5ms [  INFO ]  <I> Number of existing contexts: 3, graphs: 30


Genie:  13572.5ms [  INFO ]  <I> QnnGraph_retrieve done. status 0x0


Genie:  13572.5ms [  INFO ]  <I> QnnMem_register started. context 0x3 


Genie:  13572.5ms [  INFO ]  <I> QnnMem_register done. status 0x0


Genie:  13572.5ms [  INFO ]  <I> QnnMem_register started. context 0x3 


Genie:  13572.6ms [  INFO ]  <I> QnnMem_register done. status 0x0


Genie:  13572.6ms [  INFO ]  <I> QnnMem_register started. context 0x3 


Genie:  13572.6ms [  INFO ]  <I> QnnMem_register done. status 0x0


Genie:  13572.6ms [  INFO ]  <I> QnnMem_register started. context 0x3 


Genie:  13572.6ms [  INFO ]  <I> QnnMem_register done. status 0x0


Genie:  13572.6ms [  INFO ]  <I> QnnMem_register started. context 0x3 


Genie:  13572.6ms [  INFO ]  <I> QnnMem_register done. status 0x0


Genie:  13572.6ms [  INFO ]  <I> QnnMem_register started. context 0x3 


Genie:  13572.7ms [  INFO ]  <I> QnnMem_register done. status 0x0


Genie:  13572.7ms [  INFO ]  <I> QnnMem_register started. context 0x3 


Genie:  13572.7ms [  INFO ]  <I> QnnMem_register done. status 0x0


Genie:  13572.7ms [  INFO ]  <I> QnnMem_register started. context 0x3 


Genie:  13572.7ms [  INFO ]  <I> QnnMem_register done. status 0x0


Genie:  13572.7ms [  INFO ]  <I> QnnMem_register started. context 0x3 


Genie:  13572.7ms [  INFO ]  <I> QnnMem_register done. status 0x0


Genie:  13572.7ms [  INFO ]  <I> QnnMem_register started. context 0x3 


Genie:  13572.8ms [  INFO ]  <I> QnnMem_register done. status 0x0


Genie:  13572.8ms [  INFO ]  <I> QnnMem_register started. context 0x3 


Genie:  13572.8ms [  INFO ]  <I> QnnMem_register done. status 0x0


Genie:  13572.8ms [  INFO ]  <I> QnnMem_register started. context 0x3 


Genie:  13572.8ms [  INFO ]  <I> QnnMem_register done. status 0x0


Genie:  13572.8ms [  INFO ]  <I> QnnMem_register started. context 0x3 


Genie:  13572.9ms [  INFO ]  <I> QnnMem_register done. status 0x0


Genie:  13572.9ms [  INFO ]  <I> QnnMem_register started. context 0x3 


Genie:  13572.9ms [  INFO ]  <I> QnnMem_register done. status 0x0


Genie:  13572.9ms [  INFO ]  <I> QnnMem_register started. context 0x3 


Genie:  13572.9ms [  INFO ]  <I> QnnMem_register done. status 0x0


Genie:  13572.9ms [  INFO ]  <I> QnnMem_register started. context 0x3 


Genie:  13572.9ms [  INFO ]  <I> QnnMem_register done. status 0x0


Genie:  13572.9ms [  INFO ]  <I> QnnMem_register started. context 0x3 


Genie:  13573.0ms [  INFO ]  <I> QnnMem_register done. status 0x0


Genie:  13573.0ms [  INFO ]  <I> QnnMem_register started. context 0x3 


Genie:  13573.0ms [  INFO ]  <I> QnnMem_register done. status 0x0


Genie:  13573.0ms [  INFO ]  <I> QnnMem_register started. context 0x3 


Genie:  13573.0ms [  INFO ]  <I> QnnMem_register done. status 0x0


Genie:  13573.0ms [  INFO ]  <I> QnnMem_register started. context 0x3 


Genie:  13573.1ms [  INFO ]  <I> QnnMem_register done. status 0x0


Genie:  13573.1ms [  INFO ]  <I> QnnMem_register started. context 0x3 


Genie:  13573.1ms [  INFO ]  <I> QnnMem_register done. status 0x0


Genie:  13573.1ms [  INFO ]  <I> QnnMem_register started. context 0x3 


Genie:  13573.1ms [  INFO ]  <I> QnnMem_register done. status 0x0


Genie:  13573.1ms [  INFO ]  <I> QnnMem_register started. context 0x3 


Genie:  13573.2ms [  INFO ]  <I> QnnMem_register done. status 0x0


Genie:  13573.2ms [  INFO ]  <I> QnnMem_register started. context 0x3 


Genie:  13573.2ms [  INFO ]  <I> QnnMem_register done. status 0x0


Genie:  13573.2ms [  INFO ]  <I> QnnMem_register started. context 0x3 


Genie:  13573.2ms [  INFO ]  <I> QnnMem_register done. status 0x0


Genie:  13573.2ms [  INFO ]  <I> QnnMem_register started. context 0x3 


Genie:  13573.2ms [  INFO ]  <I> QnnMem_register done. status 0x0


Genie:  13573.3ms [  INFO ]  <I> QnnMem_register started. context 0x3 


Genie:  13573.3ms [  INFO ]  <I> QnnMem_register done. status 0x0


Genie:  13573.3ms [  INFO ]  <I> QnnMem_register started. context 0x3 


Genie:  13573.3ms [  INFO ]  <I> QnnMem_register done. status 0x0


Genie:  13573.3ms [  INFO ]  <I> QnnMem_register started. context 0x3 


Genie:  13573.3ms [  INFO ]  <I> QnnMem_register done. status 0x0


Genie:  13573.3ms [  INFO ]  <I> QnnMem_register started. context 0x3 


Genie:  13573.3ms [  INFO ]  <I> QnnMem_register done. status 0x0


Genie:  13573.3ms [  INFO ]  <I> QnnMem_register started. context 0x3 


Genie:  13573.3ms [  INFO ]  <I> QnnMem_register done. status 0x0


Genie:  13573.3ms [  INFO ]  <I> QnnMem_register started. context 0x3 


Genie:  13573.4ms [  INFO ]  <I> QnnMem_register done. status 0x0


Genie:  13573.4ms [  INFO ]  <I> QnnContext_createFromBinary started. backend = 0x1, device = 0x1


Genie:  13573.5ms [WARNING]  <W> Invalid number of HVX thread configuration (8) for this SoC. It should be less than or equal to 4, will clip it to the maximum supported number.


Genie:  13573.5ms [WARNING]  <W> Invalid number of HVX thread configuration (8) for this SoC. It should be less than or equal to 4, will clip it to the maximum supported number.


Genie:  13573.5ms [WARNING]  <W> Invalid number of HVX thread configuration (8) for this SoC. It should be less than or equal to 4, will clip it to the maximum supported number.


Genie:  13573.5ms [WARNING]  <W> Invalid number of HVX thread configuration (8) for this SoC. It should be less than or equal to 4, will clip it to the maximum supported number.


Genie:  13573.5ms [WARNING]  <W> Invalid number of HVX thread configuration (8) for this SoC. It should be less than or equal to 4, will clip it to the maximum supported number.


Genie:  13573.6ms [WARNING]  <W> Invalid number of HVX thread configuration (8) for this SoC. It should be less than or equal to 4, will clip it to the maximum supported number.


Genie:  13573.6ms [WARNING]  <W> Invalid number of HVX thread configuration (8) for this SoC. It should be less than or equal to 4, will clip it to the maximum supported number.


Genie:  13573.6ms [WARNING]  <W> Invalid number of HVX thread configuration (8) for this SoC. It should be less than or equal to 4, will clip it to the maximum supported number.


Genie:  13573.6ms [WARNING]  <W> Invalid number of HVX thread configuration (8) for this SoC. It should be less than or equal to 4, will clip it to the maximum supported number.


Genie:  13573.7ms [WARNING]  <W> Invalid number of HVX thread configuration (8) for this SoC. It should be less than or equal to 4, will clip it to the maximum supported number.


Genie:  13573.7ms [WARNING]  <W> m_CFBCallbackInfoObj is not initialized, return emptyList


Genie:  13573.9ms [ ERROR ]  <E> [ERROR][SetBufName][SW] status=-1


Genie:  13636.0ms [WARNING]  <W> setInferenceBufferForHtpExtensionSkel: not supported for DeviceId 0 coreId 0 pdId 0


Genie:  13636.2ms [WARNING]  <W> setInferenceBufferForHtpExtensionSkel not supported on this platform


Genie:  13637.9ms [WARNING]  <W> setInferenceBufferForHtpExtensionSkel: not supported for DeviceId 0 coreId 0 pdId 0


Genie:  13637.9ms [WARNING]  <W> setInferenceBufferForHtpExtensionSkel not supported on this platform


Genie:  13639.6ms [WARNING]  <W> setInferenceBufferForHtpExtensionSkel: not supported for DeviceId 0 coreId 0 pdId 0


Genie:  13639.7ms [WARNING]  <W> setInferenceBufferForHtpExtensionSkel not supported on this platform


Genie:  13641.2ms [WARNING]  <W> setInferenceBufferForHtpExtensionSkel: not supported for DeviceId 0 coreId 0 pdId 0


Genie:  13641.2ms [WARNING]  <W> setInferenceBufferForHtpExtensionSkel not supported on this platform


Genie:  13642.9ms [WARNING]  <W> setInferenceBufferForHtpExtensionSkel: not supported for DeviceId 0 coreId 0 pdId 0


Genie:  13643.0ms [WARNING]  <W> setInferenceBufferForHtpExtensionSkel not supported on this platform


Genie:  13644.5ms [WARNING]  <W> setInferenceBufferForHtpExtensionSkel: not supported for DeviceId 0 coreId 0 pdId 0


Genie:  13644.6ms [WARNING]  <W> setInferenceBufferForHtpExtensionSkel not supported on this platform


Genie:  13646.4ms [WARNING]  <W> setInferenceBufferForHtpExtensionSkel: not supported for DeviceId 0 coreId 0 pdId 0


Genie:  13646.4ms [WARNING]  <W> setInferenceBufferForHtpExtensionSkel not supported on this platform


Genie:  13648.6ms [WARNING]  <W> setInferenceBufferForHtpExtensionSkel: not supported for DeviceId 0 coreId 0 pdId 0


Genie:  13648.7ms [WARNING]  <W> setInferenceBufferForHtpExtensionSkel not supported on this platform


Genie:  13650.5ms [WARNING]  <W> setInferenceBufferForHtpExtensionSkel: not supported for DeviceId 0 coreId 0 pdId 0


Genie:  13650.6ms [WARNING]  <W> setInferenceBufferForHtpExtensionSkel not supported on this platform


Genie:  13653.3ms [WARNING]  <W> setInferenceBufferForHtpExtensionSkel: not supported for DeviceId 0 coreId 0 pdId 0


Genie:  13653.4ms [WARNING]  <W> setInferenceBufferForHtpExtensionSkel not supported on this platform


Genie:  13653.5ms [  INFO ]  <I> graph 256 weights fully shared, not packaging


Genie:  13653.5ms [  INFO ]  <I> graph 257 weights fully shared, not packaging


Genie:  13653.5ms [  INFO ]  <I> graph 258 weights fully shared, not packaging


Genie:  13653.5ms [  INFO ]  <I> graph 259 weights fully shared, not packaging


Genie:  13653.5ms [  INFO ]  <I> graph 260 weights fully shared, not packaging


Genie:  13653.5ms [  INFO ]  <I> graph 261 weights fully shared, not packaging


Genie:  13653.5ms [  INFO ]  <I> graph 262 weights fully shared, not packaging


Genie:  13653.5ms [  INFO ]  <I> graph 263 weights fully shared, not packaging


Genie:  13653.5ms [  INFO ]  <I> graph 264 weights fully shared, not packaging


Genie:  13653.5ms [  INFO ]  <I> graph 265 weights fully shared, not packaging


Genie:  13654.5ms [  INFO ]  <I> graph 256 weights fully shared, not packaging


Genie:  13654.5ms [  INFO ]  <I> graph 257 weights fully shared, not packaging


Genie:  13654.5ms [  INFO ]  <I> graph 258 weights fully shared, not packaging


Genie:  13654.5ms [  INFO ]  <I> graph 259 weights fully shared, not packaging


Genie:  13654.5ms [  INFO ]  <I> graph 260 weights fully shared, not packaging


Genie:  13654.5ms [  INFO ]  <I> graph 261 weights fully shared, not packaging


Genie:  13654.5ms [  INFO ]  <I> graph 262 weights fully shared, not packaging


Genie:  13654.5ms [  INFO ]  <I> graph 263 weights fully shared, not packaging


Genie:  13654.5ms [  INFO ]  <I> graph 264 weights fully shared, not packaging


Genie:  13654.5ms [  INFO ]  <I> graph 265 weights fully shared, not packaging


Genie:  13757.5ms [WARNING]  <W> This option (6) is only for create context from binary use case.


Genie:  13757.6ms [  INFO ]  <I> graph ar128_cl512_4_of_4 is loaded 1


Genie:  13757.6ms [  INFO ]  <I> graph ar128_cl1024_4_of_4 is loaded 1


Genie:  13757.6ms [  INFO ]  <I> graph ar128_cl2048_4_of_4 is loaded 1


Genie:  13757.6ms [  INFO ]  <I> graph ar128_cl3072_4_of_4 is loaded 1


Genie:  13757.6ms [  INFO ]  <I> graph ar128_cl4096_4_of_4 is loaded 1


Genie:  13757.6ms [  INFO ]  <I> graph ar1_cl512_4_of_4 is loaded 1


Genie:  13757.6ms [  INFO ]  <I> graph ar1_cl1024_4_of_4 is loaded 1


Genie:  13757.6ms [  INFO ]  <I> graph ar1_cl2048_4_of_4 is loaded 1


Genie:  13757.6ms [  INFO ]  <I> graph ar1_cl3072_4_of_4 is loaded 1


Genie:  13757.6ms [  INFO ]  <I> graph ar1_cl4096_4_of_4 is loaded 1


Genie:  13758.3ms [  INFO ]  <I> Number of existing contexts: 4, graphs: 40


Genie:  13758.3ms [  INFO ]  <I> QnnContext_createFromBinary done successfully. context = 0x4


Genie:  13763.5ms [  INFO ]  <I> QnnGraph_retrieve started. context = 0x4


Genie:  13763.6ms [  INFO ]  <I> Number of existing contexts: 4, graphs: 40


Genie:  13763.6ms [  INFO ]  <I> QnnGraph_retrieve done. status 0x0


Genie:  13763.6ms [  INFO ]  <I> QnnMem_register started. context 0x4 


Genie:  13764.4ms [  INFO ]  <I> QnnMem_register done. status 0x0


Genie:  13764.5ms [  INFO ]  <I> QnnMem_register started. context 0x4 


Genie:  13767.4ms [  INFO ]  <I> QnnMem_register done. status 0x0


Genie:  13767.4ms [  INFO ]  <I> QnnGraph_retrieve started. context = 0x4


Genie:  13767.4ms [  INFO ]  <I> Number of existing contexts: 4, graphs: 40


Genie:  13767.4ms [  INFO ]  <I> QnnGraph_retrieve done. status 0x0


Genie:  13767.4ms [  INFO ]  <I> QnnGraph_retrieve started. context = 0x4


Genie:  13767.4ms [  INFO ]  <I> Number of existing contexts: 4, graphs: 40


Genie:  13767.4ms [  INFO ]  <I> QnnGraph_retrieve done. status 0x0


Genie:  13767.5ms [  INFO ]  <I> QnnGraph_retrieve started. context = 0x4


Genie:  13767.5ms [  INFO ]  <I> Number of existing contexts: 4, graphs: 40


Genie:  13767.5ms [  INFO ]  <I> QnnGraph_retrieve done. status 0x0


Genie:  13767.5ms [  INFO ]  <I> QnnGraph_retrieve started. context = 0x4


Genie:  13767.5ms [  INFO ]  <I> Number of existing contexts: 4, graphs: 40


Genie:  13767.5ms [  INFO ]  <I> QnnGraph_retrieve done. status 0x0


Genie:  13767.5ms [  INFO ]  <I> QnnGraph_retrieve started. context = 0x4


Genie:  13767.5ms [  INFO ]  <I> Number of existing contexts: 4, graphs: 40


Genie:  13767.5ms [  INFO ]  <I> QnnGraph_retrieve done. status 0x0


Genie:  13767.6ms [  INFO ]  <I> QnnGraph_retrieve started. context = 0x4


Genie:  13767.6ms [  INFO ]  <I> Number of existing contexts: 4, graphs: 40


Genie:  13767.6ms [  INFO ]  <I> QnnGraph_retrieve done. status 0x0


Genie:  13767.6ms [  INFO ]  <I> QnnGraph_retrieve started. context = 0x4


Genie:  13767.6ms [  INFO ]  <I> Number of existing contexts: 4, graphs: 40


Genie:  13767.6ms [  INFO ]  <I> QnnGraph_retrieve done. status 0x0


Genie:  13767.6ms [  INFO ]  <I> QnnGraph_retrieve started. context = 0x4


Genie:  13767.6ms [  INFO ]  <I> Number of existing contexts: 4, graphs: 40


Genie:  13767.6ms [  INFO ]  <I> QnnGraph_retrieve done. status 0x0


Genie:  13767.6ms [  INFO ]  <I> QnnGraph_retrieve started. context = 0x4


Genie:  13767.6ms [  INFO ]  <I> Number of existing contexts: 4, graphs: 40


Genie:  13767.6ms [  INFO ]  <I> QnnGraph_retrieve done. status 0x0


Genie:  11744.6ms [  INFO ] QnnDevice_getInfrastructure passed


Genie:  13767.6ms [  INFO ]  <I> htpPerfInfrastructureSetPowerConfig started for powerConfigId: 967016704



Genie:  13769.6ms [  INFO ]  <I> htpPerfInfrastructureSetPowerConfig done. status 0x0


Genie:  11746.6ms [  INFO ] Perf Infra set power config success

Genie:  13770.7ms [  INFO ] qnn-htp: model has been validated!

Genie:  13805.3ms [  INFO ] Returning from GenieDialog_create [GenieDialog.cpp:147]
[PROMPT]: <|system|>
You are a helpful assistant. Answer in a sentence.<|end|>
<|user|>
What is gravity?<|end|>
<|assistant|>


[Query Thread]: Query Function

Genie:  13805.7ms [  INFO ] Entering GenieDialog_query [GenieDialog.cpp:197]

Genie:  11783.5ms [  INFO ] QnnDevice_getInfrastructure passed


Genie:  13806.5ms [  INFO ]  <I> QnnGraph_execute started. graph = 0x1


Genie:  13806.5ms [  INFO ]  <I> htpPerfInfrastructureSetPowerConfig started for powerConfigId: 967016704



Genie:  13808.3ms [  INFO ]  <I> Graph ar128_cl512_1_of_4 execution finished with result 0


Genie:  13809.4ms [  INFO ]  <I> QnnGraph_execute done. status 0x0


Genie:  13819.4ms [  INFO ]  <I> htpPerfInfrastructureSetPowerConfig done. status 0x0


Genie:  11796.4ms [  INFO ] Perf Infra set power config success

Genie:  13819.4ms [  INFO ]  <I> QnnGraph_execute started. graph = 0xb


Genie:  13859.6ms [  INFO ]  <I> Graph ar128_cl512_2_of_4 execution finished with result 0


Genie:  13859.6ms [  INFO ]  <I> QnnGraph_execute done. status 0x0


Genie:  13859.7ms [  INFO ]  <I> QnnGraph_execute started. graph = 0x15


Genie:  13899.7ms [  INFO ]  <I> Graph ar128_cl512_3_of_4 execution finished with result 0


Genie:  13899.8ms [  INFO ]  <I> QnnGraph_execute done. status 0x0


Genie:  13899.8ms [  INFO ]  <I> QnnGraph_execute started. graph = 0x1f


Genie:  13903.9ms [  INFO ]  <I> Graph ar128_cl512_4_of_4 execution finished with result 0


Genie:  13903.9ms [  INFO ]  <I> QnnGraph_execute done. status 0x0

[BEGIN]:  Gra
Genie:  13917.6ms [  INFO ]  <I> QnnGraph_execute started. graph = 0x6


Genie:  13918.3ms [  INFO ]  <I> Graph ar1_cl512_1_of_4 execution finished with result 0


Genie:  13918.3ms [  INFO ]  <I> QnnGraph_execute done. status 0x0


Genie:  13919.2ms [  INFO ]  <I> QnnGraph_execute started. graph = 0x10


Genie:  13940.5ms [  INFO ]  <I> Graph ar1_cl512_2_of_4 execution finished with result 0


Genie:  13940.5ms [  INFO ]  <I> QnnGraph_execute done. status 0x0


Genie:  13976.7ms [  INFO ]  <I> QnnGraph_execute started. graph = 0x1a


Genie:  13997.0ms [  INFO ]  <I> Graph ar1_cl512_3_of_4 execution finished with result 0


Genie:  13997.0ms [  INFO ]  <I> QnnGraph_execute done. status 0x0


Genie:  14019.9ms [  INFO ]  <I> QnnGraph_execute started. graph = 0x24


Genie:  14022.8ms [  INFO ]  <I> Graph ar1_cl512_4_of_4 execution finished with result 0


Genie:  14022.8ms [  INFO ]  <I> QnnGraph_execute done. status 0x0

vity
Genie:  14023.0ms [  INFO ]  <I> QnnGraph_execute started. graph = 0x6


Genie:  14023.6ms [  INFO ]  <I> Graph ar1_cl512_1_of_4 execution finished with result 0


Genie:  14023.6ms [  INFO ]  <I> QnnGraph_execute done. status 0x0


Genie:  14023.6ms [  INFO ]  <I> QnnGraph_execute started. graph = 0x10


Genie:  14046.6ms [  INFO ]  <I> Graph ar1_cl512_2_of_4 execution finished with result 0


Genie:  14046.6ms [  INFO ]  <I> QnnGraph_execute done. status 0x0


Genie:  14046.7ms [  INFO ]  <I> QnnGraph_execute started. graph = 0x1a


Genie:  14066.6ms [  INFO ]  <I> Graph ar1_cl512_3_of_4 execution finished with result 0


Genie:  14066.6ms [  INFO ]  <I> QnnGraph_execute done. status 0x0


Genie:  14066.7ms [  INFO ]  <I> QnnGraph_execute started. graph = 0x24


Genie:  14069.6ms [  INFO ]  <I> Graph ar1_cl512_4_of_4 execution finished with result 0


Genie:  14069.6ms [  INFO ]  <I> QnnGraph_execute done. status 0x0

 is
Genie:  14069.8ms [  INFO ]  <I> QnnGraph_execute started. graph = 0x6


Genie:  14070.4ms [  INFO ]  <I> Graph ar1_cl512_1_of_4 execution finished with result 0


Genie:  14070.4ms [  INFO ]  <I> QnnGraph_execute done. status 0x0


Genie:  14070.5ms [  INFO ]  <I> QnnGraph_execute started. graph = 0x10


Genie:  14093.4ms [  INFO ]  <I> Graph ar1_cl512_2_of_4 execution finished with result 0


Genie:  14093.4ms [  INFO ]  <I> QnnGraph_execute done. status 0x0


Genie:  14093.5ms [  INFO ]  <I> QnnGraph_execute started. graph = 0x1a


Genie:  14113.5ms [  INFO ]  <I> Graph ar1_cl512_3_of_4 execution finished with result 0


Genie:  14113.5ms [  INFO ]  <I> QnnGraph_execute done. status 0x0


Genie:  14122.4ms [  INFO ]  <I> QnnGraph_execute started. graph = 0x24


Genie:  14125.2ms [  INFO ]  <I> Graph ar1_cl512_4_of_4 execution finished with result 0


Genie:  14125.2ms [  INFO ]  <I> QnnGraph_execute done. status 0x0

 the
Genie:  14125.6ms [  INFO ]  <I> QnnGraph_execute started. graph = 0x6


Genie:  14126.3ms [  INFO ]  <I> Graph ar1_cl512_1_of_4 execution finished with result 0


Genie:  14126.3ms [  INFO ]  <I> QnnGraph_execute done. status 0x0


Genie:  14126.3ms [  INFO ]  <I> QnnGraph_execute started. graph = 0x10


Genie:  14149.2ms [  INFO ]  <I> Graph ar1_cl512_2_of_4 execution finished with result 0


Genie:  14149.2ms [  INFO ]  <I> QnnGraph_execute done. status 0x0


Genie:  14152.8ms [  INFO ]  <I> QnnGraph_execute started. graph = 0x1a


Genie:  14172.9ms [  INFO ]  <I> Graph ar1_cl512_3_of_4 execution finished with result 0


Genie:  14172.9ms [  INFO ]  <I> QnnGraph_execute done. status 0x0


Genie:  14205.1ms [  INFO ]  <I> QnnGraph_execute started. graph = 0x24


Genie:  14207.9ms [  INFO ]  <I> Graph ar1_cl512_4_of_4 execution finished with result 0


Genie:  14207.9ms [  INFO ]  <I> QnnGraph_execute done. status 0x0

 natural
Genie:  14208.2ms [  INFO ]  <I> QnnGraph_execute started. graph = 0x6


Genie:  14208.8ms [  INFO ]  <I> Graph ar1_cl512_1_of_4 execution finished with result 0


Genie:  14208.8ms [  INFO ]  <I> QnnGraph_execute done. status 0x0


Genie:  14208.8ms [  INFO ]  <I> QnnGraph_execute started. graph = 0x10


Genie:  14232.0ms [  INFO ]  <I> Graph ar1_cl512_2_of_4 execution finished with result 0


Genie:  14232.0ms [  INFO ]  <I> QnnGraph_execute done. status 0x0


Genie:  14232.4ms [  INFO ]  <I> QnnGraph_execute started. graph = 0x1a


Genie:  14252.4ms [  INFO ]  <I> Graph ar1_cl512_3_of_4 execution finished with result 0


Genie:  14252.4ms [  INFO ]  <I> QnnGraph_execute done. status 0x0


Genie:  14283.1ms [  INFO ]  <I> QnnGraph_execute started. graph = 0x24


Genie:  14285.9ms [  INFO ]  <I> Graph ar1_cl512_4_of_4 execution finished with result 0


Genie:  14285.9ms [  INFO ]  <I> QnnGraph_execute done. status 0x0

 force
Genie:  14286.1ms [  INFO ]  <I> QnnGraph_execute started. graph = 0x6


Genie:  14286.7ms [  INFO ]  <I> Graph ar1_cl512_1_of_4 execution finished with result 0


Genie:  14286.7ms [  INFO ]  <I> QnnGraph_execute done. status 0x0


Genie:  14286.7ms [  INFO ]  <I> QnnGraph_execute started. graph = 0x10


Genie:  14309.8ms [  INFO ]  <I> Graph ar1_cl512_2_of_4 execution finished with result 0


Genie:  14309.8ms [  INFO ]  <I> QnnGraph_execute done. status 0x0


Genie:  14311.9ms [  INFO ]  <I> QnnGraph_execute started. graph = 0x1a


Genie:  14331.9ms [  INFO ]  <I> Graph ar1_cl512_3_of_4 execution finished with result 0


Genie:  14331.9ms [  INFO ]  <I> QnnGraph_execute done. status 0x0


Genie:  14347.0ms [  INFO ]  <I> QnnGraph_execute started. graph = 0x24


Genie:  14349.8ms [  INFO ]  <I> Graph ar1_cl512_4_of_4 execution finished with result 0


Genie:  14349.8ms [  INFO ]  <I> QnnGraph_execute done. status 0x0

 by
Genie:  14349.9ms [  INFO ]  <I> QnnGraph_execute started. graph = 0x6


Genie:  14350.5ms [  INFO ]  <I> Graph ar1_cl512_1_of_4 execution finished with result 0


Genie:  14350.5ms [  INFO ]  <I> QnnGraph_execute done. status 0x0


Genie:  14350.5ms [  INFO ]  <I> QnnGraph_execute started. graph = 0x10


Genie:  14372.3ms [  INFO ]  <I> Graph ar1_cl512_2_of_4 execution finished with result 0


Genie:  14372.3ms [  INFO ]  <I> QnnGraph_execute done. status 0x0


Genie:  14377.0ms [  INFO ]  <I> QnnGraph_execute started. graph = 0x1a


Genie:  14397.1ms [  INFO ]  <I> Graph ar1_cl512_3_of_4 execution finished with result 0


Genie:  14397.1ms [  INFO ]  <I> QnnGraph_execute done. status 0x0


Genie:  14405.5ms [  INFO ]  <I> QnnGraph_execute started. graph = 0x24


Genie:  14408.3ms [  INFO ]  <I> Graph ar1_cl512_4_of_4 execution finished with result 0


Genie:  14408.3ms [  INFO ]  <I> QnnGraph_execute done. status 0x0

 which
Genie:  14408.4ms [  INFO ]  <I> QnnGraph_execute started. graph = 0x6


Genie:  14409.0ms [  INFO ]  <I> Graph ar1_cl512_1_of_4 execution finished with result 0


Genie:  14409.0ms [  INFO ]  <I> QnnGraph_execute done. status 0x0


Genie:  14409.0ms [  INFO ]  <I> QnnGraph_execute started. graph = 0x10


Genie:  14430.8ms [  INFO ]  <I> Graph ar1_cl512_2_of_4 execution finished with result 0


Genie:  14430.8ms [  INFO ]  <I> QnnGraph_execute done. status 0x0


Genie:  14436.5ms [  INFO ]  <I> QnnGraph_execute started. graph = 0x1a


Genie:  14456.5ms [  INFO ]  <I> Graph ar1_cl512_3_of_4 execution finished with result 0


Genie:  14456.5ms [  INFO ]  <I> QnnGraph_execute done. status 0x0


Genie:  14456.6ms [  INFO ]  <I> QnnGraph_execute started. graph = 0x24


Genie:  14459.4ms [  INFO ]  <I> Graph ar1_cl512_4_of_4 execution finished with result 0


Genie:  14459.4ms [  INFO ]  <I> QnnGraph_execute done. status 0x0

 all
Genie:  14459.5ms [  INFO ]  <I> QnnGraph_execute started. graph = 0x6


Genie:  14460.1ms [  INFO ]  <I> Graph ar1_cl512_1_of_4 execution finished with result 0


Genie:  14460.1ms [  INFO ]  <I> QnnGraph_execute done. status 0x0


Genie:  14460.2ms [  INFO ]  <I> QnnGraph_execute started. graph = 0x10


Genie:  14481.3ms [  INFO ]  <I> Graph ar1_cl512_2_of_4 execution finished with result 0


Genie:  14481.3ms [  INFO ]  <I> QnnGraph_execute done. status 0x0


Genie:  14495.7ms [  INFO ]  <I> QnnGraph_execute started. graph = 0x1a


Genie:  14515.8ms [  INFO ]  <I> Graph ar1_cl512_3_of_4 execution finished with result 0


Genie:  14515.9ms [  INFO ]  <I> QnnGraph_execute done. status 0x0


Genie:  14557.4ms [  INFO ]  <I> QnnGraph_execute started. graph = 0x24


Genie:  14560.5ms [  INFO ]  <I> Graph ar1_cl512_4_of_4 execution finished with result 0


Genie:  14560.5ms [  INFO ]  <I> QnnGraph_execute done. status 0x0

 things
Genie:  14560.7ms [  INFO ]  <I> QnnGraph_execute started. graph = 0x6


Genie:  14561.3ms [  INFO ]  <I> Graph ar1_cl512_1_of_4 execution finished with result 0


Genie:  14561.3ms [  INFO ]  <I> QnnGraph_execute done. status 0x0


Genie:  14561.4ms [  INFO ]  <I> QnnGraph_execute started. graph = 0x10


Genie:  14584.5ms [  INFO ]  <I> Graph ar1_cl512_2_of_4 execution finished with result 0


Genie:  14584.5ms [  INFO ]  <I> QnnGraph_execute done. status 0x0


Genie:  14588.5ms [  INFO ]  <I> QnnGraph_execute started. graph = 0x1a


Genie:  14608.6ms [  INFO ]  <I> Graph ar1_cl512_3_of_4 execution finished with result 0


Genie:  14608.6ms [  INFO ]  <I> QnnGraph_execute done. status 0x0


Genie:  14608.7ms [  INFO ]  <I> QnnGraph_execute started. graph = 0x24


Genie:  14611.6ms [  INFO ]  <I> Graph ar1_cl512_4_of_4 execution finished with result 0


Genie:  14611.6ms [  INFO ]  <I> QnnGraph_execute done. status 0x0

 with
Genie:  14611.7ms [  INFO ]  <I> QnnGraph_execute started. graph = 0x6


Genie:  14612.3ms [  INFO ]  <I> Graph ar1_cl512_1_of_4 execution finished with result 0


Genie:  14612.3ms [  INFO ]  <I> QnnGraph_execute done. status 0x0


Genie:  14612.3ms [  INFO ]  <I> QnnGraph_execute started. graph = 0x10


Genie:  14634.7ms [  INFO ]  <I> Graph ar1_cl512_2_of_4 execution finished with result 0


Genie:  14634.7ms [  INFO ]  <I> QnnGraph_execute done. status 0x0


Genie:  14639.4ms [  INFO ]  <I> QnnGraph_execute started. graph = 0x1a


Genie:  14659.3ms [  INFO ]  <I> Graph ar1_cl512_3_of_4 execution finished with result 0


Genie:  14659.4ms [  INFO ]  <I> QnnGraph_execute done. status 0x0


Genie:  14679.1ms [  INFO ]  <I> QnnGraph_execute started. graph = 0x24


Genie:  14682.0ms [  INFO ]  <I> Graph ar1_cl512_4_of_4 execution finished with result 0


Genie:  14682.0ms [  INFO ]  <I> QnnGraph_execute done. status 0x0

 mass
Genie:  14682.3ms [  INFO ]  <I> QnnGraph_execute started. graph = 0x6


Genie:  14683.0ms [  INFO ]  <I> Graph ar1_cl512_1_of_4 execution finished with result 0


Genie:  14683.0ms [  INFO ]  <I> QnnGraph_execute done. status 0x0


Genie:  14683.0ms [  INFO ]  <I> QnnGraph_execute started. graph = 0x10


Genie:  14704.8ms [  INFO ]  <I> Graph ar1_cl512_2_of_4 execution finished with result 0


Genie:  14704.8ms [  INFO ]  <I> QnnGraph_execute done. status 0x0


Genie:  14727.8ms [  INFO ]  <I> QnnGraph_execute started. graph = 0x1a


Genie:  14747.8ms [  INFO ]  <I> Graph ar1_cl512_3_of_4 execution finished with result 0


Genie:  14747.8ms [  INFO ]  <I> QnnGraph_execute done. status 0x0


Genie:  14776.0ms [  INFO ]  <I> QnnGraph_execute started. graph = 0x24


Genie:  14778.8ms [  INFO ]  <I> Graph ar1_cl512_4_of_4 execution finished with result 0


Genie:  14778.8ms [  INFO ]  <I> QnnGraph_execute done. status 0x0

 attract
Genie:  14779.1ms [  INFO ]  <I> QnnGraph_execute started. graph = 0x6


Genie:  14779.7ms [  INFO ]  <I> Graph ar1_cl512_1_of_4 execution finished with result 0


Genie:  14779.7ms [  INFO ]  <I> QnnGraph_execute done. status 0x0


Genie:  14779.7ms [  INFO ]  <I> QnnGraph_execute started. graph = 0x10


Genie:  14801.5ms [  INFO ]  <I> Graph ar1_cl512_2_of_4 execution finished with result 0


Genie:  14801.5ms [  INFO ]  <I> QnnGraph_execute done. status 0x0


Genie:  14802.3ms [  INFO ]  <I> QnnGraph_execute started. graph = 0x1a


Genie:  14822.3ms [  INFO ]  <I> Graph ar1_cl512_3_of_4 execution finished with result 0


Genie:  14822.3ms [  INFO ]  <I> QnnGraph_execute done. status 0x0


Genie:  14829.9ms [  INFO ]  <I> QnnGraph_execute started. graph = 0x24


Genie:  14832.7ms [  INFO ]  <I> Graph ar1_cl512_4_of_4 execution finished with result 0


Genie:  14832.7ms [  INFO ]  <I> QnnGraph_execute done. status 0x0

 each
Genie:  14832.9ms [  INFO ]  <I> QnnGraph_execute started. graph = 0x6


Genie:  14833.5ms [  INFO ]  <I> Graph ar1_cl512_1_of_4 execution finished with result 0


Genie:  14833.5ms [  INFO ]  <I> QnnGraph_execute done. status 0x0


Genie:  14833.5ms [  INFO ]  <I> QnnGraph_execute started. graph = 0x10


Genie:  14856.0ms [  INFO ]  <I> Graph ar1_cl512_2_of_4 execution finished with result 0


Genie:  14856.0ms [  INFO ]  <I> QnnGraph_execute done. status 0x0


Genie:  14884.2ms [  INFO ]  <I> QnnGraph_execute started. graph = 0x1a


Genie:  14904.3ms [  INFO ]  <I> Graph ar1_cl512_3_of_4 execution finished with result 0


Genie:  14904.3ms [  INFO ]  <I> QnnGraph_execute done. status 0x0


Genie:  14914.2ms [  INFO ]  <I> QnnGraph_execute started. graph = 0x24


Genie:  14917.0ms [  INFO ]  <I> Graph ar1_cl512_4_of_4 execution finished with result 0


Genie:  14917.0ms [  INFO ]  <I> QnnGraph_execute done. status 0x0

 other
Genie:  14917.3ms [  INFO ]  <I> QnnGraph_execute started. graph = 0x6


Genie:  14917.9ms [  INFO ]  <I> Graph ar1_cl512_1_of_4 execution finished with result 0


Genie:  14917.9ms [  INFO ]  <I> QnnGraph_execute done. status 0x0


Genie:  14917.9ms [  INFO ]  <I> QnnGraph_execute started. graph = 0x10


Genie:  14939.6ms [  INFO ]  <I> Graph ar1_cl512_2_of_4 execution finished with result 0


Genie:  14939.6ms [  INFO ]  <I> QnnGraph_execute done. status 0x0


Genie:  14965.7ms [  INFO ]  <I> QnnGraph_execute started. graph = 0x1a


Genie:  14985.6ms [  INFO ]  <I> Graph ar1_cl512_3_of_4 execution finished with result 0


Genie:  14985.7ms [  INFO ]  <I> QnnGraph_execute done. status 0x0


Genie:  14993.2ms [  INFO ]  <I> QnnGraph_execute started. graph = 0x24


Genie:  14996.1ms [  INFO ]  <I> Graph ar1_cl512_4_of_4 execution finished with result 0


Genie:  14996.1ms [  INFO ]  <I> QnnGraph_execute done. status 0x0

,
Genie:  14996.5ms [  INFO ]  <I> QnnGraph_execute started. graph = 0x6


Genie:  14997.1ms [  INFO ]  <I> Graph ar1_cl512_1_of_4 execution finished with result 0


Genie:  14997.1ms [  INFO ]  <I> QnnGraph_execute done. status 0x0


Genie:  14997.2ms [  INFO ]  <I> QnnGraph_execute started. graph = 0x10


Genie:  15020.6ms [  INFO ]  <I> Graph ar1_cl512_2_of_4 execution finished with result 0


Genie:  15020.6ms [  INFO ]  <I> QnnGraph_execute done. status 0x0


Genie:  15021.2ms [  INFO ]  <I> QnnGraph_execute started. graph = 0x1a


Genie:  15041.1ms [  INFO ]  <I> Graph ar1_cl512_3_of_4 execution finished with result 0


Genie:  15041.2ms [  INFO ]  <I> QnnGraph_execute done. status 0x0


Genie:  15044.4ms [  INFO ]  <I> QnnGraph_execute started. graph = 0x24


Genie:  15047.4ms [  INFO ]  <I> Graph ar1_cl512_4_of_4 execution finished with result 0


Genie:  15047.4ms [  INFO ]  <I> QnnGraph_execute done. status 0x0

 commonly
Genie:  15047.8ms [  INFO ]  <I> QnnGraph_execute started. graph = 0x6


Genie:  15048.4ms [  INFO ]  <I> Graph ar1_cl512_1_of_4 execution finished with result 0


Genie:  15048.4ms [  INFO ]  <I> QnnGraph_execute done. status 0x0


Genie:  15048.4ms [  INFO ]  <I> QnnGraph_execute started. graph = 0x10


Genie:  15070.4ms [  INFO ]  <I> Graph ar1_cl512_2_of_4 execution finished with result 0


Genie:  15070.5ms [  INFO ]  <I> QnnGraph_execute done. status 0x0


Genie:  15091.1ms [  INFO ]  <I> QnnGraph_execute started. graph = 0x1a


Genie:  15111.2ms [  INFO ]  <I> Graph ar1_cl512_3_of_4 execution finished with result 0


Genie:  15111.3ms [  INFO ]  <I> QnnGraph_execute done. status 0x0


Genie:  15111.4ms [  INFO ]  <I> QnnGraph_execute started. graph = 0x24


Genie:  15114.2ms [  INFO ]  <I> Graph ar1_cl512_4_of_4 execution finished with result 0


Genie:  15114.3ms [  INFO ]  <I> QnnGraph_execute done. status 0x0

 experienced
Genie:  15114.6ms [  INFO ]  <I> QnnGraph_execute started. graph = 0x6


Genie:  15115.2ms [  INFO ]  <I> Graph ar1_cl512_1_of_4 execution finished with result 0


Genie:  15115.2ms [  INFO ]  <I> QnnGraph_execute done. status 0x0


Genie:  15115.2ms [  INFO ]  <I> QnnGraph_execute started. graph = 0x10


Genie:  15136.8ms [  INFO ]  <I> Graph ar1_cl512_2_of_4 execution finished with result 0


Genie:  15136.9ms [  INFO ]  <I> QnnGraph_execute done. status 0x0


Genie:  15139.1ms [  INFO ]  <I> QnnGraph_execute started. graph = 0x1a


Genie:  15159.0ms [  INFO ]  <I> Graph ar1_cl512_3_of_4 execution finished with result 0


Genie:  15159.0ms [  INFO ]  <I> QnnGraph_execute done. status 0x0


Genie:  15159.1ms [  INFO ]  <I> QnnGraph_execute started. graph = 0x24


Genie:  15161.9ms [  INFO ]  <I> Graph ar1_cl512_4_of_4 execution finished with result 0


Genie:  15161.9ms [  INFO ]  <I> QnnGraph_execute done. status 0x0

 as
Genie:  15162.1ms [  INFO ]  <I> QnnGraph_execute started. graph = 0x6


Genie:  15162.7ms [  INFO ]  <I> Graph ar1_cl512_1_of_4 execution finished with result 0


Genie:  15162.7ms [  INFO ]  <I> QnnGraph_execute done. status 0x0


Genie:  15162.8ms [  INFO ]  <I> QnnGraph_execute started. graph = 0x10


Genie:  15183.7ms [  INFO ]  <I> Graph ar1_cl512_2_of_4 execution finished with result 0


Genie:  15183.7ms [  INFO ]  <I> QnnGraph_execute done. status 0x0


Genie:  15238.0ms [  INFO ]  <I> QnnGraph_execute started. graph = 0x1a


Genie:  15258.0ms [  INFO ]  <I> Graph ar1_cl512_3_of_4 execution finished with result 0


Genie:  15258.0ms [  INFO ]  <I> QnnGraph_execute done. status 0x0


Genie:  15263.1ms [  INFO ]  <I> QnnGraph_execute started. graph = 0x24


Genie:  15265.9ms [  INFO ]  <I> Graph ar1_cl512_4_of_4 execution finished with result 0


Genie:  15265.9ms [  INFO ]  <I> QnnGraph_execute done. status 0x0

 the
Genie:  15266.2ms [  INFO ]  <I> QnnGraph_execute started. graph = 0x6


Genie:  15266.8ms [  INFO ]  <I> Graph ar1_cl512_1_of_4 execution finished with result 0


Genie:  15266.8ms [  INFO ]  <I> QnnGraph_execute done. status 0x0


Genie:  15266.9ms [  INFO ]  <I> QnnGraph_execute started. graph = 0x10


Genie:  15287.8ms [  INFO ]  <I> Graph ar1_cl512_2_of_4 execution finished with result 0


Genie:  15287.8ms [  INFO ]  <I> QnnGraph_execute done. status 0x0


Genie:  15295.6ms [  INFO ]  <I> QnnGraph_execute started. graph = 0x1a


Genie:  15315.5ms [  INFO ]  <I> Graph ar1_cl512_3_of_4 execution finished with result 0


Genie:  15315.5ms [  INFO ]  <I> QnnGraph_execute done. status 0x0


Genie:  15318.0ms [  INFO ]  <I> QnnGraph_execute started. graph = 0x24


Genie:  15320.8ms [  INFO ]  <I> Graph ar1_cl512_4_of_4 execution finished with result 0


Genie:  15320.8ms [  INFO ]  <I> QnnGraph_execute done. status 0x0

 pull
Genie:  15320.9ms [  INFO ]  <I> QnnGraph_execute started. graph = 0x6


Genie:  15321.5ms [  INFO ]  <I> Graph ar1_cl512_1_of_4 execution finished with result 0


Genie:  15321.5ms [  INFO ]  <I> QnnGraph_execute done. status 0x0


Genie:  15321.5ms [  INFO ]  <I> QnnGraph_execute started. graph = 0x10


Genie:  15344.0ms [  INFO ]  <I> Graph ar1_cl512_2_of_4 execution finished with result 0


Genie:  15344.0ms [  INFO ]  <I> QnnGraph_execute done. status 0x0


Genie:  15344.6ms [  INFO ]  <I> QnnGraph_execute started. graph = 0x1a


Genie:  15364.6ms [  INFO ]  <I> Graph ar1_cl512_3_of_4 execution finished with result 0


Genie:  15364.7ms [  INFO ]  <I> QnnGraph_execute done. status 0x0


Genie:  15371.2ms [  INFO ]  <I> QnnGraph_execute started. graph = 0x24


Genie:  15374.0ms [  INFO ]  <I> Graph ar1_cl512_4_of_4 execution finished with result 0


Genie:  15374.0ms [  INFO ]  <I> QnnGraph_execute done. status 0x0

 of
Genie:  15374.9ms [  INFO ]  <I> QnnGraph_execute started. graph = 0x6


Genie:  15375.5ms [  INFO ]  <I> Graph ar1_cl512_1_of_4 execution finished with result 0


Genie:  15375.5ms [  INFO ]  <I> QnnGraph_execute done. status 0x0


Genie:  15375.5ms [  INFO ]  <I> QnnGraph_execute started. graph = 0x10


Genie:  15396.5ms [  INFO ]  <I> Graph ar1_cl512_2_of_4 execution finished with result 0


Genie:  15396.5ms [  INFO ]  <I> QnnGraph_execute done. status 0x0


Genie:  15399.2ms [  INFO ]  <I> QnnGraph_execute started. graph = 0x1a


Genie:  15419.1ms [  INFO ]  <I> Graph ar1_cl512_3_of_4 execution finished with result 0


Genie:  15419.2ms [  INFO ]  <I> QnnGraph_execute done. status 0x0


Genie:  15419.2ms [  INFO ]  <I> QnnGraph_execute started. graph = 0x24


Genie:  15421.9ms [  INFO ]  <I> Graph ar1_cl512_4_of_4 execution finished with result 0


Genie:  15421.9ms [  INFO ]  <I> QnnGraph_execute done. status 0x0

 Earth
Genie:  15422.1ms [  INFO ]  <I> QnnGraph_execute started. graph = 0x6


Genie:  15422.7ms [  INFO ]  <I> Graph ar1_cl512_1_of_4 execution finished with result 0


Genie:  15422.7ms [  INFO ]  <I> QnnGraph_execute done. status 0x0


Genie:  15422.7ms [  INFO ]  <I> QnnGraph_execute started. graph = 0x10


Genie:  15445.7ms [  INFO ]  <I> Graph ar1_cl512_2_of_4 execution finished with result 0


Genie:  15445.7ms [  INFO ]  <I> QnnGraph_execute done. status 0x0


Genie:  15445.8ms [  INFO ]  <I> QnnGraph_execute started. graph = 0x1a


Genie:  15465.8ms [  INFO ]  <I> Graph ar1_cl512_3_of_4 execution finished with result 0


Genie:  15465.8ms [  INFO ]  <I> QnnGraph_execute done. status 0x0


Genie:  15469.7ms [  INFO ]  <I> QnnGraph_execute started. graph = 0x24


Genie:  15472.9ms [  INFO ]  <I> Graph ar1_cl512_4_of_4 execution finished with result 0


Genie:  15472.9ms [  INFO ]  <I> QnnGraph_execute done. status 0x0

'
Genie:  15473.2ms [  INFO ]  <I> QnnGraph_execute started. graph = 0x6


Genie:  15473.8ms [  INFO ]  <I> Graph ar1_cl512_1_of_4 execution finished with result 0


Genie:  15473.8ms [  INFO ]  <I> QnnGraph_execute done. status 0x0


Genie:  15473.8ms [  INFO ]  <I> QnnGraph_execute started. graph = 0x10


Genie:  15495.3ms [  INFO ]  <I> Graph ar1_cl512_2_of_4 execution finished with result 0


Genie:  15495.3ms [  INFO ]  <I> QnnGraph_execute done. status 0x0


Genie:  15495.9ms [  INFO ]  <I> QnnGraph_execute started. graph = 0x1a


Genie:  15515.8ms [  INFO ]  <I> Graph ar1_cl512_3_of_4 execution finished with result 0


Genie:  15515.8ms [  INFO ]  <I> QnnGraph_execute done. status 0x0


Genie:  15515.8ms [  INFO ]  <I> QnnGraph_execute started. graph = 0x24


Genie:  15518.6ms [  INFO ]  <I> Graph ar1_cl512_4_of_4 execution finished with result 0


Genie:  15518.6ms [  INFO ]  <I> QnnGraph_execute done. status 0x0

s
Genie:  15518.9ms [  INFO ]  <I> QnnGraph_execute started. graph = 0x6


Genie:  15519.5ms [  INFO ]  <I> Graph ar1_cl512_1_of_4 execution finished with result 0


Genie:  15519.5ms [  INFO ]  <I> QnnGraph_execute done. status 0x0


Genie:  15519.5ms [  INFO ]  <I> QnnGraph_execute started. graph = 0x10


Genie:  15541.5ms [  INFO ]  <I> Graph ar1_cl512_2_of_4 execution finished with result 0


Genie:  15541.5ms [  INFO ]  <I> QnnGraph_execute done. status 0x0


Genie:  15586.1ms [  INFO ]  <I> QnnGraph_execute started. graph = 0x1a


Genie:  15606.1ms [  INFO ]  <I> Graph ar1_cl512_3_of_4 execution finished with result 0


Genie:  15606.1ms [  INFO ]  <I> QnnGraph_execute done. status 0x0


Genie:  15613.4ms [  INFO ]  <I> QnnGraph_execute started. graph = 0x24


Genie:  15616.2ms [  INFO ]  <I> Graph ar1_cl512_4_of_4 execution finished with result 0


Genie:  15616.2ms [  INFO ]  <I> QnnGraph_execute done. status 0x0

 mass
Genie:  15616.4ms [  INFO ]  <I> QnnGraph_execute started. graph = 0x6


Genie:  15617.1ms [  INFO ]  <I> Graph ar1_cl512_1_of_4 execution finished with result 0


Genie:  15617.1ms [  INFO ]  <I> QnnGraph_execute done. status 0x0


Genie:  15617.1ms [  INFO ]  <I> QnnGraph_execute started. graph = 0x10


Genie:  15637.8ms [  INFO ]  <I> Graph ar1_cl512_2_of_4 execution finished with result 0


Genie:  15637.8ms [  INFO ]  <I> QnnGraph_execute done. status 0x0


Genie:  15657.6ms [  INFO ]  <I> QnnGraph_execute started. graph = 0x1a


Genie:  15677.6ms [  INFO ]  <I> Graph ar1_cl512_3_of_4 execution finished with result 0


Genie:  15677.6ms [  INFO ]  <I> QnnGraph_execute done. status 0x0


Genie:  15677.7ms [  INFO ]  <I> QnnGraph_execute started. graph = 0x24


Genie:  15680.6ms [  INFO ]  <I> Graph ar1_cl512_4_of_4 execution finished with result 0


Genie:  15680.6ms [  INFO ]  <I> QnnGraph_execute done. status 0x0

 on
Genie:  15680.7ms [  INFO ]  <I> QnnGraph_execute started. graph = 0x6


Genie:  15681.3ms [  INFO ]  <I> Graph ar1_cl512_1_of_4 execution finished with result 0


Genie:  15681.3ms [  INFO ]  <I> QnnGraph_execute done. status 0x0


Genie:  15681.4ms [  INFO ]  <I> QnnGraph_execute started. graph = 0x10


Genie:  15703.9ms [  INFO ]  <I> Graph ar1_cl512_2_of_4 execution finished with result 0


Genie:  15703.9ms [  INFO ]  <I> QnnGraph_execute done. status 0x0


Genie:  15704.7ms [  INFO ]  <I> QnnGraph_execute started. graph = 0x1a


Genie:  15724.8ms [  INFO ]  <I> Graph ar1_cl512_3_of_4 execution finished with result 0


Genie:  15724.8ms [  INFO ]  <I> QnnGraph_execute done. status 0x0


Genie:  15726.8ms [  INFO ]  <I> QnnGraph_execute started. graph = 0x24


Genie:  15729.6ms [  INFO ]  <I> Graph ar1_cl512_4_of_4 execution finished with result 0


Genie:  15729.6ms [  INFO ]  <I> QnnGraph_execute done. status 0x0

 objects
Genie:  15729.9ms [  INFO ]  <I> QnnGraph_execute started. graph = 0x6


Genie:  15730.5ms [  INFO ]  <I> Graph ar1_cl512_1_of_4 execution finished with result 0


Genie:  15730.5ms [  INFO ]  <I> QnnGraph_execute done. status 0x0


Genie:  15730.6ms [  INFO ]  <I> QnnGraph_execute started. graph = 0x10


Genie:  15751.6ms [  INFO ]  <I> Graph ar1_cl512_2_of_4 execution finished with result 0


Genie:  15751.6ms [  INFO ]  <I> QnnGraph_execute done. status 0x0


Genie:  15756.1ms [  INFO ]  <I> QnnGraph_execute started. graph = 0x1a


Genie:  15776.2ms [  INFO ]  <I> Graph ar1_cl512_3_of_4 execution finished with result 0


Genie:  15776.2ms [  INFO ]  <I> QnnGraph_execute done. status 0x0


Genie:  15778.7ms [  INFO ]  <I> QnnGraph_execute started. graph = 0x24


Genie:  15781.4ms [  INFO ]  <I> Graph ar1_cl512_4_of_4 execution finished with result 0


Genie:  15781.5ms [  INFO ]  <I> QnnGraph_execute done. status 0x0

,
Genie:  15781.6ms [  INFO ]  <I> QnnGraph_execute started. graph = 0x6


Genie:  15782.2ms [  INFO ]  <I> Graph ar1_cl512_1_of_4 execution finished with result 0


Genie:  15782.2ms [  INFO ]  <I> QnnGraph_execute done. status 0x0


Genie:  15782.3ms [  INFO ]  <I> QnnGraph_execute started. graph = 0x10


Genie:  15804.5ms [  INFO ]  <I> Graph ar1_cl512_2_of_4 execution finished with result 0


Genie:  15804.5ms [  INFO ]  <I> QnnGraph_execute done. status 0x0


Genie:  15808.4ms [  INFO ]  <I> QnnGraph_execute started. graph = 0x1a


Genie:  15828.4ms [  INFO ]  <I> Graph ar1_cl512_3_of_4 execution finished with result 0


Genie:  15828.5ms [  INFO ]  <I> QnnGraph_execute done. status 0x0


Genie:  15842.0ms [  INFO ]  <I> QnnGraph_execute started. graph = 0x24


Genie:  15844.8ms [  INFO ]  <I> Graph ar1_cl512_4_of_4 execution finished with result 0


Genie:  15844.8ms [  INFO ]  <I> QnnGraph_execute done. status 0x0

 giving
Genie:  15845.0ms [  INFO ]  <I> QnnGraph_execute started. graph = 0x6


Genie:  15845.6ms [  INFO ]  <I> Graph ar1_cl512_1_of_4 execution finished with result 0


Genie:  15845.6ms [  INFO ]  <I> QnnGraph_execute done. status 0x0


Genie:  15845.6ms [  INFO ]  <I> QnnGraph_execute started. graph = 0x10


Genie:  15867.3ms [  INFO ]  <I> Graph ar1_cl512_2_of_4 execution finished with result 0


Genie:  15867.3ms [  INFO ]  <I> QnnGraph_execute done. status 0x0


Genie:  15873.2ms [  INFO ]  <I> QnnGraph_execute started. graph = 0x1a


Genie:  15893.3ms [  INFO ]  <I> Graph ar1_cl512_3_of_4 execution finished with result 0


Genie:  15893.3ms [  INFO ]  <I> QnnGraph_execute done. status 0x0


Genie:  15893.4ms [  INFO ]  <I> QnnGraph_execute started. graph = 0x24


Genie:  15896.3ms [  INFO ]  <I> Graph ar1_cl512_4_of_4 execution finished with result 0


Genie:  15896.3ms [  INFO ]  <I> QnnGraph_execute done. status 0x0

 them
Genie:  15896.4ms [  INFO ]  <I> QnnGraph_execute started. graph = 0x6


Genie:  15897.1ms [  INFO ]  <I> Graph ar1_cl512_1_of_4 execution finished with result 0


Genie:  15897.1ms [  INFO ]  <I> QnnGraph_execute done. status 0x0


Genie:  15897.1ms [  INFO ]  <I> QnnGraph_execute started. graph = 0x10


Genie:  15919.5ms [  INFO ]  <I> Graph ar1_cl512_2_of_4 execution finished with result 0


Genie:  15919.5ms [  INFO ]  <I> QnnGraph_execute done. status 0x0


Genie:  15927.0ms [  INFO ]  <I> QnnGraph_execute started. graph = 0x1a


Genie:  15946.9ms [  INFO ]  <I> Graph ar1_cl512_3_of_4 execution finished with result 0


Genie:  15947.0ms [  INFO ]  <I> QnnGraph_execute done. status 0x0


Genie:  15947.0ms [  INFO ]  <I> QnnGraph_execute started. graph = 0x24


Genie:  15949.9ms [  INFO ]  <I> Graph ar1_cl512_4_of_4 execution finished with result 0


Genie:  15949.9ms [  INFO ]  <I> QnnGraph_execute done. status 0x0

 weight
Genie:  15950.1ms [  INFO ]  <I> QnnGraph_execute started. graph = 0x6


Genie:  15950.7ms [  INFO ]  <I> Graph ar1_cl512_1_of_4 execution finished with result 0


Genie:  15950.7ms [  INFO ]  <I> QnnGraph_execute done. status 0x0


Genie:  15950.8ms [  INFO ]  <I> QnnGraph_execute started. graph = 0x10


Genie:  15971.5ms [  INFO ]  <I> Graph ar1_cl512_2_of_4 execution finished with result 0


Genie:  15971.5ms [  INFO ]  <I> QnnGraph_execute done. status 0x0


Genie:  15978.9ms [  INFO ]  <I> QnnGraph_execute started. graph = 0x1a


Genie:  15998.8ms [  INFO ]  <I> Graph ar1_cl512_3_of_4 execution finished with result 0


Genie:  15998.9ms [  INFO ]  <I> QnnGraph_execute done. status 0x0


Genie:  16023.6ms [  INFO ]  <I> QnnGraph_execute started. graph = 0x24


Genie:  16026.4ms [  INFO ]  <I> Graph ar1_cl512_4_of_4 execution finished with result 0


Genie:  16026.4ms [  INFO ]  <I> QnnGraph_execute done. status 0x0

.
Genie:  16026.6ms [  INFO ]  <I> QnnGraph_execute started. graph = 0x6


Genie:  16027.2ms [  INFO ]  <I> Graph ar1_cl512_1_of_4 execution finished with result 0


Genie:  16027.2ms [  INFO ]  <I> QnnGraph_execute done. status 0x0


Genie:  16027.3ms [  INFO ]  <I> QnnGraph_execute started. graph = 0x10


Genie:  16049.4ms [  INFO ]  <I> Graph ar1_cl512_2_of_4 execution finished with result 0


Genie:  16049.4ms [  INFO ]  <I> QnnGraph_execute done. status 0x0


Genie:  16058.2ms [  INFO ]  <I> QnnGraph_execute started. graph = 0x1a


Genie:  16078.0ms [  INFO ]  <I> Graph ar1_cl512_3_of_4 execution finished with result 0


Genie:  16078.0ms [  INFO ]  <I> QnnGraph_execute done. status 0x0


Genie:  16103.6ms [  INFO ]  <I> QnnGraph_execute started. graph = 0x24


Genie:  16106.5ms [  INFO ]  <I> Graph ar1_cl512_4_of_4 execution finished with result 0


Genie:  16106.5ms [  INFO ]  <I> QnnGraph_execute done. status 0x0



Genie:  16106.7ms [  INFO ]  <I> QnnGraph_execute started. graph = 0x6


Genie:  16107.3ms [  INFO ]  <I> Graph ar1_cl512_1_of_4 execution finished with result 0


Genie:  16107.3ms [  INFO ]  <I> QnnGraph_execute done. status 0x0


Genie:  16107.4ms [  INFO ]  <I> QnnGraph_execute started. graph = 0x10


Genie:  16129.6ms [  INFO ]  <I> Graph ar1_cl512_2_of_4 execution finished with result 0


Genie:  16129.6ms [  INFO ]  <I> QnnGraph_execute done. status 0x0


Genie:  16133.6ms [  INFO ]  <I> QnnGraph_execute started. graph = 0x1a


Genie:  16153.5ms [  INFO ]  <I> Graph ar1_cl512_3_of_4 execution finished with result 0


Genie:  16153.5ms [  INFO ]  <I> QnnGraph_execute done. status 0x0


Genie:  16154.7ms [  INFO ]  <I> QnnGraph_execute started. graph = 0x24


Genie:  16157.5ms [  INFO ]  <I> Graph ar1_cl512_4_of_4 execution finished with result 0


Genie:  16157.5ms [  INFO ]  <I> QnnGraph_execute done. status 0x0



Genie:  16157.7ms [  INFO ]  <I> QnnGraph_execute started. graph = 0x6


Genie:  16158.3ms [  INFO ]  <I> Graph ar1_cl512_1_of_4 execution finished with result 0


Genie:  16158.3ms [  INFO ]  <I> QnnGraph_execute done. status 0x0


Genie:  16158.3ms [  INFO ]  <I> QnnGraph_execute started. graph = 0x10


Genie:  16179.9ms [  INFO ]  <I> Graph ar1_cl512_2_of_4 execution finished with result 0


Genie:  16180.0ms [  INFO ]  <I> QnnGraph_execute done. status 0x0


Genie:  16193.5ms [  INFO ]  <I> QnnGraph_execute started. graph = 0x1a


Genie:  16213.4ms [  INFO ]  <I> Graph ar1_cl512_3_of_4 execution finished with result 0


Genie:  16213.4ms [  INFO ]  <I> QnnGraph_execute done. status 0x0


Genie:  16213.5ms [  INFO ]  <I> QnnGraph_execute started. graph = 0x24


Genie:  16216.3ms [  INFO ]  <I> Graph ar1_cl512_4_of_4 execution finished with result 0


Genie:  16216.3ms [  INFO ]  <I> QnnGraph_execute done. status 0x0

---
Genie:  16216.4ms [  INFO ]  <I> QnnGraph_execute started. graph = 0x6


Genie:  16217.1ms [  INFO ]  <I> Graph ar1_cl512_1_of_4 execution finished with result 0


Genie:  16217.1ms [  INFO ]  <I> QnnGraph_execute done. status 0x0


Genie:  16217.1ms [  INFO ]  <I> QnnGraph_execute started. graph = 0x10


Genie:  16238.1ms [  INFO ]  <I> Graph ar1_cl512_2_of_4 execution finished with result 0


Genie:  16238.1ms [  INFO ]  <I> QnnGraph_execute done. status 0x0


Genie:  16255.2ms [  INFO ]  <I> QnnGraph_execute started. graph = 0x1a


Genie:  16275.3ms [  INFO ]  <I> Graph ar1_cl512_3_of_4 execution finished with result 0


Genie:  16275.3ms [  INFO ]  <I> QnnGraph_execute done. status 0x0


Genie:  16281.0ms [  INFO ]  <I> QnnGraph_execute started. graph = 0x24


Genie:  16283.8ms [  INFO ]  <I> Graph ar1_cl512_4_of_4 execution finished with result 0


Genie:  16283.8ms [  INFO ]  <I> QnnGraph_execute done. status 0x0



Genie:  16284.2ms [  INFO ]  <I> QnnGraph_execute started. graph = 0x6


Genie:  16284.8ms [  INFO ]  <I> Graph ar1_cl512_1_of_4 execution finished with result 0


Genie:  16284.8ms [  INFO ]  <I> QnnGraph_execute done. status 0x0


Genie:  16284.9ms [  INFO ]  <I> QnnGraph_execute started. graph = 0x10


Genie:  16309.0ms [  INFO ]  <I> Graph ar1_cl512_2_of_4 execution finished with result 0


Genie:  16309.0ms [  INFO ]  <I> QnnGraph_execute done. status 0x0


Genie:  16317.0ms [  INFO ]  <I> QnnGraph_execute started. graph = 0x1a


Genie:  16337.3ms [  INFO ]  <I> Graph ar1_cl512_3_of_4 execution finished with result 0


Genie:  16337.3ms [  INFO ]  <I> QnnGraph_execute done. status 0x0


Genie:  16342.7ms [  INFO ]  <I> QnnGraph_execute started. graph = 0x24


Genie:  16346.2ms [  INFO ]  <I> Graph ar1_cl512_4_of_4 execution finished with result 0


Genie:  16346.2ms [  INFO ]  <I> QnnGraph_execute done. status 0x0



Genie:  16346.4ms [  INFO ]  <I> QnnGraph_execute started. graph = 0x6


Genie:  16347.0ms [  INFO ]  <I> Graph ar1_cl512_1_of_4 execution finished with result 0


Genie:  16347.0ms [  INFO ]  <I> QnnGraph_execute done. status 0x0


Genie:  16347.1ms [  INFO ]  <I> QnnGraph_execute started. graph = 0x10


Genie:  16368.0ms [  INFO ]  <I> Graph ar1_cl512_2_of_4 execution finished with result 0


Genie:  16368.0ms [  INFO ]  <I> QnnGraph_execute done. status 0x0


Genie:  16372.1ms [  INFO ]  <I> QnnGraph_execute started. graph = 0x1a


Genie:  16392.0ms [  INFO ]  <I> Graph ar1_cl512_3_of_4 execution finished with result 0


Genie:  16392.0ms [  INFO ]  <I> QnnGraph_execute done. status 0x0


Genie:  16398.3ms [  INFO ]  <I> QnnGraph_execute started. graph = 0x24


Genie:  16401.1ms [  INFO ]  <I> Graph ar1_cl512_4_of_4 execution finished with result 0


Genie:  16401.1ms [  INFO ]  <I> QnnGraph_execute done. status 0x0

**
Genie:  16401.4ms [  INFO ]  <I> QnnGraph_execute started. graph = 0x6


Genie:  16402.0ms [  INFO ]  <I> Graph ar1_cl512_1_of_4 execution finished with result 0


Genie:  16402.0ms [  INFO ]  <I> QnnGraph_execute done. status 0x0


Genie:  16402.0ms [  INFO ]  <I> QnnGraph_execute started. graph = 0x10


Genie:  16424.2ms [  INFO ]  <I> Graph ar1_cl512_2_of_4 execution finished with result 0


Genie:  16424.2ms [  INFO ]  <I> QnnGraph_execute done. status 0x0


Genie:  16426.8ms [  INFO ]  <I> QnnGraph_execute started. graph = 0x1a


Genie:  16447.3ms [  INFO ]  <I> Graph ar1_cl512_3_of_4 execution finished with result 0


Genie:  16447.3ms [  INFO ]  <I> QnnGraph_execute done. status 0x0


Genie:  16447.7ms [  INFO ]  <I> QnnGraph_execute started. graph = 0x24


Genie:  16450.5ms [  INFO ]  <I> Graph ar1_cl512_4_of_4 execution finished with result 0


Genie:  16450.5ms [  INFO ]  <I> QnnGraph_execute done. status 0x0

Comple
Genie:  16450.9ms [  INFO ]  <I> QnnGraph_execute started. graph = 0x6


Genie:  16451.5ms [  INFO ]  <I> Graph ar1_cl512_1_of_4 execution finished with result 0


Genie:  16451.5ms [  INFO ]  <I> QnnGraph_execute done. status 0x0


Genie:  16451.5ms [  INFO ]  <I> QnnGraph_execute started. graph = 0x10


Genie:  16472.5ms [  INFO ]  <I> Graph ar1_cl512_2_of_4 execution finished with result 0


Genie:  16472.5ms [  INFO ]  <I> QnnGraph_execute done. status 0x0


Genie:  16472.5ms [  INFO ]  <I> QnnGraph_execute started. graph = 0x1a


Genie:  16492.6ms [  INFO ]  <I> Graph ar1_cl512_3_of_4 execution finished with result 0


Genie:  16492.6ms [  INFO ]  <I> QnnGraph_execute done. status 0x0


Genie:  16493.7ms [  INFO ]  <I> QnnGraph_execute started. graph = 0x24


Genie:  16496.9ms [  INFO ]  <I> Graph ar1_cl512_4_of_4 execution finished with result 0


Genie:  16496.9ms [  INFO ]  <I> QnnGraph_execute done. status 0x0

x
Genie:  16497.0ms [  INFO ]  <I> QnnGraph_execute started. graph = 0x6


Genie:  16497.6ms [  INFO ]  <I> Graph ar1_cl512_1_of_4 execution finished with result 0


Genie:  16497.6ms [  INFO ]  <I> QnnGraph_execute done. status 0x0


Genie:  16497.7ms [  INFO ]  <I> QnnGraph_execute started. graph = 0x10


Genie:  16520.0ms [  INFO ]  <I> Graph ar1_cl512_2_of_4 execution finished with result 0


Genie:  16520.0ms [  INFO ]  <I> QnnGraph_execute done. status 0x0


Genie:  16526.6ms [  INFO ]  <I> QnnGraph_execute started. graph = 0x1a


Genie:  16546.7ms [  INFO ]  <I> Graph ar1_cl512_3_of_4 execution finished with result 0


Genie:  16546.7ms [  INFO ]  <I> QnnGraph_execute done. status 0x0


Genie:  16546.9ms [  INFO ]  <I> QnnGraph_execute started. graph = 0x24


Genie:  16549.8ms [  INFO ]  <I> Graph ar1_cl512_4_of_4 execution finished with result 0


Genie:  16549.8ms [  INFO ]  <I> QnnGraph_execute done. status 0x0

 Query
Genie:  16549.9ms [  INFO ]  <I> QnnGraph_execute started. graph = 0x6


Genie:  16550.5ms [  INFO ]  <I> Graph ar1_cl512_1_of_4 execution finished with result 0


Genie:  16550.5ms [  INFO ]  <I> QnnGraph_execute done. status 0x0


Genie:  16550.5ms [  INFO ]  <I> QnnGraph_execute started. graph = 0x10


Genie:  16573.5ms [  INFO ]  <I> Graph ar1_cl512_2_of_4 execution finished with result 0


Genie:  16573.6ms [  INFO ]  <I> QnnGraph_execute done. status 0x0


Genie:  16584.1ms [  INFO ]  <I> QnnGraph_execute started. graph = 0x1a


Genie:  16604.0ms [  INFO ]  <I> Graph ar1_cl512_3_of_4 execution finished with result 0


Genie:  16604.0ms [  INFO ]  <I> QnnGraph_execute done. status 0x0


Genie:  16605.3ms [  INFO ]  <I> QnnGraph_execute started. graph = 0x24


Genie:  16608.1ms [  INFO ]  <I> Graph ar1_cl512_4_of_4 execution finished with result 0


Genie:  16608.1ms [  INFO ]  <I> QnnGraph_execute done. status 0x0

 with
Genie:  16608.5ms [  INFO ]  <I> QnnGraph_execute started. graph = 0x6


Genie:  16609.1ms [  INFO ]  <I> Graph ar1_cl512_1_of_4 execution finished with result 0


Genie:  16609.1ms [  INFO ]  <I> QnnGraph_execute done. status 0x0


Genie:  16609.1ms [  INFO ]  <I> QnnGraph_execute started. graph = 0x10


Genie:  16630.6ms [  INFO ]  <I> Graph ar1_cl512_2_of_4 execution finished with result 0


Genie:  16630.6ms [  INFO ]  <I> QnnGraph_execute done. status 0x0


Genie:  16640.3ms [  INFO ]  <I> QnnGraph_execute started. graph = 0x1a


Genie:  16660.1ms [  INFO ]  <I> Graph ar1_cl512_3_of_4 execution finished with result 0


Genie:  16660.2ms [  INFO ]  <I> QnnGraph_execute done. status 0x0


Genie:  16663.7ms [  INFO ]  <I> QnnGraph_execute started. graph = 0x24


Genie:  16666.5ms [  INFO ]  <I> Graph ar1_cl512_4_of_4 execution finished with result 0


Genie:  16666.5ms [  INFO ]  <I> QnnGraph_execute done. status 0x0

 Multiple
Genie:  16666.8ms [  INFO ]  <I> QnnGraph_execute started. graph = 0x6


Genie:  16667.4ms [  INFO ]  <I> Graph ar1_cl512_1_of_4 execution finished with result 0


Genie:  16667.4ms [  INFO ]  <I> QnnGraph_execute done. status 0x0


Genie:  16667.5ms [  INFO ]  <I> QnnGraph_execute started. graph = 0x10


Genie:  16688.2ms [  INFO ]  <I> Graph ar1_cl512_2_of_4 execution finished with result 0


Genie:  16688.2ms [  INFO ]  <I> QnnGraph_execute done. status 0x0


Genie:  16689.3ms [  INFO ]  <I> QnnGraph_execute started. graph = 0x1a


Genie:  16709.3ms [  INFO ]  <I> Graph ar1_cl512_3_of_4 execution finished with result 0


Genie:  16709.3ms [  INFO ]  <I> QnnGraph_execute done. status 0x0


Genie:  16719.5ms [  INFO ]  <I> QnnGraph_execute started. graph = 0x24


Genie:  16725.3ms [  INFO ]  <I> Graph ar1_cl512_4_of_4 execution finished with result 0


Genie:  16725.4ms [  INFO ]  <I> QnnGraph_execute done. status 0x0

 Con
Genie:  16725.6ms [  INFO ]  <I> QnnGraph_execute started. graph = 0x6


Genie:  16726.2ms [  INFO ]  <I> Graph ar1_cl512_1_of_4 execution finished with result 0


Genie:  16726.2ms [  INFO ]  <I> QnnGraph_execute done. status 0x0


Genie:  16726.3ms [  INFO ]  <I> QnnGraph_execute started. graph = 0x10


Genie:  16747.0ms [  INFO ]  <I> Graph ar1_cl512_2_of_4 execution finished with result 0


Genie:  16747.0ms [  INFO ]  <I> QnnGraph_execute done. status 0x0


Genie:  16755.2ms [  INFO ]  <I> QnnGraph_execute started. graph = 0x1a


Genie:  16775.2ms [  INFO ]  <I> Graph ar1_cl512_3_of_4 execution finished with result 0


Genie:  16775.3ms [  INFO ]  <I> QnnGraph_execute done. status 0x0


Genie:  16783.4ms [  INFO ]  <I> QnnGraph_execute started. graph = 0x24


Genie:  16786.3ms [  INFO ]  <I> Graph ar1_cl512_4_of_4 execution finished with result 0


Genie:  16786.4ms [  INFO ]  <I> QnnGraph_execute done. status 0x0

stra
Genie:  16786.7ms [  INFO ]  <I> QnnGraph_execute started. graph = 0x6


Genie:  16787.4ms [  INFO ]  <I> Graph ar1_cl512_1_of_4 execution finished with result 0


Genie:  16787.4ms [  INFO ]  <I> QnnGraph_execute done. status 0x0


Genie:  16787.4ms [  INFO ]  <I> QnnGraph_execute started. graph = 0x10


Genie:  16808.7ms [  INFO ]  <I> Graph ar1_cl512_2_of_4 execution finished with result 0


Genie:  16808.7ms [  INFO ]  <I> QnnGraph_execute done. status 0x0


Genie:  16814.4ms [  INFO ]  <I> QnnGraph_execute started. graph = 0x1a


Genie:  16834.4ms [  INFO ]  <I> Graph ar1_cl512_3_of_4 execution finished with result 0


Genie:  16834.5ms [  INFO ]  <I> QnnGraph_execute done. status 0x0


Genie:  16872.1ms [  INFO ]  <I> QnnGraph_execute started. graph = 0x24


Genie:  16874.9ms [  INFO ]  <I> Graph ar1_cl512_4_of_4 execution finished with result 0


Genie:  16875.0ms [  INFO ]  <I> QnnGraph_execute done. status 0x0

ints
Genie:  16875.1ms [  INFO ]  <I> QnnGraph_execute started. graph = 0x6


Genie:  16875.7ms [  INFO ]  <I> Graph ar1_cl512_1_of_4 execution finished with result 0


Genie:  16875.7ms [  INFO ]  <I> QnnGraph_execute done. status 0x0


Genie:  16875.7ms [  INFO ]  <I> QnnGraph_execute started. graph = 0x10


Genie:  16899.1ms [  INFO ]  <I> Graph ar1_cl512_2_of_4 execution finished with result 0


Genie:  16899.1ms [  INFO ]  <I> QnnGraph_execute done. status 0x0


Genie:  16913.1ms [  INFO ]  <I> QnnGraph_execute started. graph = 0x1a


Genie:  16933.4ms [  INFO ]  <I> Graph ar1_cl512_3_of_4 execution finished with result 0


Genie:  16933.4ms [  INFO ]  <I> QnnGraph_execute done. status 0x0


Genie:  16938.9ms [  INFO ]  <I> QnnGraph_execute started. graph = 0x24


Genie:  16941.9ms [  INFO ]  <I> Graph ar1_cl512_4_of_4 execution finished with result 0


Genie:  16941.9ms [  INFO ]  <I> QnnGraph_execute done. status 0x0

:
Genie:  16942.2ms [  INFO ]  <I> QnnGraph_execute started. graph = 0x6


Genie:  16942.9ms [  INFO ]  <I> Graph ar1_cl512_1_of_4 execution finished with result 0


Genie:  16942.9ms [  INFO ]  <I> QnnGraph_execute done. status 0x0


Genie:  16942.9ms [  INFO ]  <I> QnnGraph_execute started. graph = 0x10


Genie:  16963.8ms [  INFO ]  <I> Graph ar1_cl512_2_of_4 execution finished with result 0


Genie:  16963.8ms [  INFO ]  <I> QnnGraph_execute done. status 0x0


Genie:  16992.8ms [  INFO ]  <I> QnnGraph_execute started. graph = 0x1a


Genie:  17012.8ms [  INFO ]  <I> Graph ar1_cl512_3_of_4 execution finished with result 0


Genie:  17012.9ms [  INFO ]  <I> QnnGraph_execute done. status 0x0


Genie:  17029.3ms [  INFO ]  <I> QnnGraph_execute started. graph = 0x24


Genie:  17032.2ms [  INFO ]  <I> Graph ar1_cl512_4_of_4 execution finished with result 0


Genie:  17032.2ms [  INFO ]  <I> QnnGraph_execute done. status 0x0

**
Genie:  17032.4ms [  INFO ]  <I> QnnGraph_execute started. graph = 0x6


Genie:  17033.0ms [  INFO ]  <I> Graph ar1_cl512_1_of_4 execution finished with result 0


Genie:  17033.0ms [  INFO ]  <I> QnnGraph_execute done. status 0x0


Genie:  17033.0ms [  INFO ]  <I> QnnGraph_execute started. graph = 0x10


Genie:  17053.8ms [  INFO ]  <I> Graph ar1_cl512_2_of_4 execution finished with result 0


Genie:  17053.8ms [  INFO ]  <I> QnnGraph_execute done. status 0x0


Genie:  17064.9ms [  INFO ]  <I> QnnGraph_execute started. graph = 0x1a


Genie:  17084.8ms [  INFO ]  <I> Graph ar1_cl512_3_of_4 execution finished with result 0


Genie:  17084.8ms [  INFO ]  <I> QnnGraph_execute done. status 0x0


Genie:  17084.8ms [  INFO ]  <I> QnnGraph_execute started. graph = 0x24


Genie:  17087.6ms [  INFO ]  <I> Graph ar1_cl512_4_of_4 execution finished with result 0


Genie:  17087.7ms [  INFO ]  <I> QnnGraph_execute done. status 0x0



Genie:  17087.9ms [  INFO ]  <I> QnnGraph_execute started. graph = 0x6


Genie:  17088.5ms [  INFO ]  <I> Graph ar1_cl512_1_of_4 execution finished with result 0


Genie:  17088.5ms [  INFO ]  <I> QnnGraph_execute done. status 0x0


Genie:  17088.5ms [  INFO ]  <I> QnnGraph_execute started. graph = 0x10


Genie:  17110.2ms [  INFO ]  <I> Graph ar1_cl512_2_of_4 execution finished with result 0


Genie:  17110.2ms [  INFO ]  <I> QnnGraph_execute done. status 0x0


Genie:  17115.1ms [  INFO ]  <I> QnnGraph_execute started. graph = 0x1a


Genie:  17135.1ms [  INFO ]  <I> Graph ar1_cl512_3_of_4 execution finished with result 0


Genie:  17135.1ms [  INFO ]  <I> QnnGraph_execute done. status 0x0


Genie:  17135.9ms [  INFO ]  <I> QnnGraph_execute started. graph = 0x24


Genie:  17138.8ms [  INFO ]  <I> Graph ar1_cl512_4_of_4 execution finished with result 0


Genie:  17138.8ms [  INFO ]  <I> QnnGraph_execute done. status 0x0



Genie:  17139.1ms [  INFO ]  <I> QnnGraph_execute started. graph = 0x6


Genie:  17139.7ms [  INFO ]  <I> Graph ar1_cl512_1_of_4 execution finished with result 0


Genie:  17139.7ms [  INFO ]  <I> QnnGraph_execute done. status 0x0


Genie:  17139.7ms [  INFO ]  <I> QnnGraph_execute started. graph = 0x10


Genie:  17162.9ms [  INFO ]  <I> Graph ar1_cl512_2_of_4 execution finished with result 0


Genie:  17162.9ms [  INFO ]  <I> QnnGraph_execute done. status 0x0


Genie:  17172.0ms [  INFO ]  <I> QnnGraph_execute started. graph = 0x1a


Genie:  17192.0ms [  INFO ]  <I> Graph ar1_cl512_3_of_4 execution finished with result 0


Genie:  17192.0ms [  INFO ]  <I> QnnGraph_execute done. status 0x0


Genie:  17194.9ms [  INFO ]  <I> QnnGraph_execute started. graph = 0x24


Genie:  17197.7ms [  INFO ]  <I> Graph ar1_cl512_4_of_4 execution finished with result 0


Genie:  17197.7ms [  INFO ]  <I> QnnGraph_execute done. status 0x0

G
Genie:  17197.9ms [  INFO ]  <I> QnnGraph_execute started. graph = 0x6


Genie:  17198.6ms [  INFO ]  <I> Graph ar1_cl512_1_of_4 execution finished with result 0


Genie:  17198.6ms [  INFO ]  <I> QnnGraph_execute done. status 0x0


Genie:  17198.6ms [  INFO ]  <I> QnnGraph_execute started. graph = 0x10


Genie:  17220.4ms [  INFO ]  <I> Graph ar1_cl512_2_of_4 execution finished with result 0


Genie:  17220.5ms [  INFO ]  <I> QnnGraph_execute done. status 0x0


Genie:  17220.5ms [  INFO ]  <I> QnnGraph_execute started. graph = 0x1a


Genie:  17240.4ms [  INFO ]  <I> Graph ar1_cl512_3_of_4 execution finished with result 0


Genie:  17240.4ms [  INFO ]  <I> QnnGraph_execute done. status 0x0


Genie:  17253.3ms [  INFO ]  <I> QnnGraph_execute started. graph = 0x24


Genie:  17256.1ms [  INFO ]  <I> Graph ar1_cl512_4_of_4 execution finished with result 0


Genie:  17256.1ms [  INFO ]  <I> QnnGraph_execute done. status 0x0

iven
Genie:  17256.3ms [  INFO ]  <I> QnnGraph_execute started. graph = 0x6


Genie:  17256.9ms [  INFO ]  <I> Graph ar1_cl512_1_of_4 execution finished with result 0


Genie:  17256.9ms [  INFO ]  <I> QnnGraph_execute done. status 0x0


Genie:  17256.9ms [  INFO ]  <I> QnnGraph_execute started. graph = 0x10


Genie:  17279.1ms [  INFO ]  <I> Graph ar1_cl512_2_of_4 execution finished with result 0


Genie:  17279.2ms [  INFO ]  <I> QnnGraph_execute done. status 0x0


Genie:  17315.9ms [  INFO ]  <I> QnnGraph_execute started. graph = 0x1a


Genie:  17335.9ms [  INFO ]  <I> Graph ar1_cl512_3_of_4 execution finished with result 0


Genie:  17336.0ms [  INFO ]  <I> QnnGraph_execute done. status 0x0


Genie:  17339.5ms [  INFO ]  <I> QnnGraph_execute started. graph = 0x24


Genie:  17342.2ms [  INFO ]  <I> Graph ar1_cl512_4_of_4 execution finished with result 0


Genie:  17342.2ms [  INFO ]  <I> QnnGraph_execute done. status 0x0

 a
Genie:  17342.5ms [  INFO ]  <I> QnnGraph_execute started. graph = 0x6


Genie:  17343.1ms [  INFO ]  <I> Graph ar1_cl512_1_of_4 execution finished with result 0


Genie:  17343.1ms [  INFO ]  <I> QnnGraph_execute done. status 0x0


Genie:  17343.1ms [  INFO ]  <I> QnnGraph_execute started. graph = 0x10


Genie:  17363.9ms [  INFO ]  <I> Graph ar1_cl512_2_of_4 execution finished with result 0


Genie:  17363.9ms [  INFO ]  <I> QnnGraph_execute done. status 0x0


Genie:  17372.4ms [  INFO ]  <I> QnnGraph_execute started. graph = 0x1a


Genie:  17392.5ms [  INFO ]  <I> Graph ar1_cl512_3_of_4 execution finished with result 0


Genie:  17392.6ms [  INFO ]  <I> QnnGraph_execute done. status 0x0


Genie:  17402.2ms [  INFO ]  <I> QnnGraph_execute started. graph = 0x24


Genie:  17405.0ms [  INFO ]  <I> Graph ar1_cl512_4_of_4 execution finished with result 0


Genie:  17405.0ms [  INFO ]  <I> QnnGraph_execute done. status 0x0

 scenario
Genie:  17405.2ms [  INFO ]  <I> QnnGraph_execute started. graph = 0x6


Genie:  17405.8ms [  INFO ]  <I> Graph ar1_cl512_1_of_4 execution finished with result 0


Genie:  17405.8ms [  INFO ]  <I> QnnGraph_execute done. status 0x0


Genie:  17405.8ms [  INFO ]  <I> QnnGraph_execute started. graph = 0x10


Genie:  17427.9ms [  INFO ]  <I> Graph ar1_cl512_2_of_4 execution finished with result 0


Genie:  17427.9ms [  INFO ]  <I> QnnGraph_execute done. status 0x0


Genie:  17465.3ms [  INFO ]  <I> QnnGraph_execute started. graph = 0x1a


Genie:  17485.4ms [  INFO ]  <I> Graph ar1_cl512_3_of_4 execution finished with result 0


Genie:  17485.4ms [  INFO ]  <I> QnnGraph_execute done. status 0x0


Genie:  17559.0ms [  INFO ]  <I> QnnGraph_execute started. graph = 0x24


Genie:  17561.9ms [  INFO ]  <I> Graph ar1_cl512_4_of_4 execution finished with result 0


Genie:  17561.9ms [  INFO ]  <I> QnnGraph_execute done. status 0x0

 where
Genie:  17562.3ms [  INFO ]  <I> QnnGraph_execute started. graph = 0x6


Genie:  17562.9ms [  INFO ]  <I> Graph ar1_cl512_1_of_4 execution finished with result 0


Genie:  17563.0ms [  INFO ]  <I> QnnGraph_execute done. status 0x0


Genie:  17563.0ms [  INFO ]  <I> QnnGraph_execute started. graph = 0x10


Genie:  17585.3ms [  INFO ]  <I> Graph ar1_cl512_2_of_4 execution finished with result 0


Genie:  17585.3ms [  INFO ]  <I> QnnGraph_execute done. status 0x0


Genie:  17605.4ms [  INFO ]  <I> QnnGraph_execute started. graph = 0x1a


Genie:  17625.5ms [  INFO ]  <I> Graph ar1_cl512_3_of_4 execution finished with result 0


Genie:  17625.5ms [  INFO ]  <I> QnnGraph_execute done. status 0x0


Genie:  17635.7ms [  INFO ]  <I> QnnGraph_execute started. graph = 0x24


Genie:  17638.5ms [  INFO ]  <I> Graph ar1_cl512_4_of_4 execution finished with result 0


Genie:  17638.5ms [  INFO ]  <I> QnnGraph_execute done. status 0x0

 you
Genie:  17638.8ms [  INFO ]  <I> QnnGraph_execute started. graph = 0x6


Genie:  17639.4ms [  INFO ]  <I> Graph ar1_cl512_1_of_4 execution finished with result 0


Genie:  17639.4ms [  INFO ]  <I> QnnGraph_execute done. status 0x0


Genie:  17639.4ms [  INFO ]  <I> QnnGraph_execute started. graph = 0x10


Genie:  17661.0ms [  INFO ]  <I> Graph ar1_cl512_2_of_4 execution finished with result 0


Genie:  17661.0ms [  INFO ]  <I> QnnGraph_execute done. status 0x0


Genie:  17685.5ms [  INFO ]  <I> QnnGraph_execute started. graph = 0x1a


Genie:  17705.6ms [  INFO ]  <I> Graph ar1_cl512_3_of_4 execution finished with result 0


Genie:  17705.6ms [  INFO ]  <I> QnnGraph_execute done. status 0x0


Genie:  17705.9ms [  INFO ]  <I> QnnGraph_execute started. graph = 0x24


Genie:  17708.8ms [  INFO ]  <I> Graph ar1_cl512_4_of_4 execution finished with result 0


Genie:  17708.8ms [  INFO ]  <I> QnnGraph_execute done. status 0x0

 are
Genie:  17709.1ms [  INFO ]  <I> QnnGraph_execute started. graph = 0x6


Genie:  17709.7ms [  INFO ]  <I> Graph ar1_cl512_1_of_4 execution finished with result 0


Genie:  17709.7ms [  INFO ]  <I> QnnGraph_execute done. status 0x0


Genie:  17709.8ms [  INFO ]  <I> QnnGraph_execute started. graph = 0x10


Genie:  17732.1ms [  INFO ]  <I> Graph ar1_cl512_2_of_4 execution finished with result 0


Genie:  17732.1ms [  INFO ]  <I> QnnGraph_execute done. status 0x0


Genie:  17733.6ms [  INFO ]  <I> QnnGraph_execute started. graph = 0x1a


Genie:  17753.6ms [  INFO ]  <I> Graph ar1_cl512_3_of_4 execution finished with result 0


Genie:  17753.6ms [  INFO ]  <I> QnnGraph_execute done. status 0x0


Genie:  17798.6ms [  INFO ]  <I> QnnGraph_execute started. graph = 0x24


Genie:  17801.5ms [  INFO ]  <I> Graph ar1_cl512_4_of_4 execution finished with result 0


Genie:  17801.5ms [  INFO ]  <I> QnnGraph_execute done. status 0x0

 asked
Genie:  17801.7ms [  INFO ]  <I> QnnGraph_execute started. graph = 0x6


Genie:  17802.3ms [  INFO ]  <I> Graph ar1_cl512_1_of_4 execution finished with result 0


Genie:  17802.3ms [  INFO ]  <I> QnnGraph_execute done. status 0x0


Genie:  17802.3ms [  INFO ]  <I> QnnGraph_execute started. graph = 0x10


Genie:  17824.0ms [  INFO ]  <I> Graph ar1_cl512_2_of_4 execution finished with result 0


Genie:  17824.0ms [  INFO ]  <I> QnnGraph_execute done. status 0x0


Genie:  17836.1ms [  INFO ]  <I> QnnGraph_execute started. graph = 0x1a


Genie:  17855.9ms [  INFO ]  <I> Graph ar1_cl512_3_of_4 execution finished with result 0


Genie:  17855.9ms [  INFO ]  <I> QnnGraph_execute done. status 0x0


Genie:  17856.8ms [  INFO ]  <I> QnnGraph_execute started. graph = 0x24


Genie:  17859.6ms [  INFO ]  <I> Graph ar1_cl512_4_of_4 execution finished with result 0


Genie:  17859.7ms [  INFO ]  <I> QnnGraph_execute done. status 0x0

 to
Genie:  17859.8ms [  INFO ]  <I> QnnGraph_execute started. graph = 0x6


Genie:  17860.4ms [  INFO ]  <I> Graph ar1_cl512_1_of_4 execution finished with result 0


Genie:  17860.4ms [  INFO ]  <I> QnnGraph_execute done. status 0x0


Genie:  17860.5ms [  INFO ]  <I> QnnGraph_execute started. graph = 0x10


Genie:  17882.6ms [  INFO ]  <I> Graph ar1_cl512_2_of_4 execution finished with result 0


Genie:  17882.6ms [  INFO ]  <I> QnnGraph_execute done. status 0x0


Genie:  17906.7ms [  INFO ]  <I> QnnGraph_execute started. graph = 0x1a


Genie:  17927.1ms [  INFO ]  <I> Graph ar1_cl512_3_of_4 execution finished with result 0


Genie:  17927.1ms [  INFO ]  <I> QnnGraph_execute done. status 0x0


Genie:  17927.2ms [  INFO ]  <I> QnnGraph_execute started. graph = 0x24


Genie:  17930.4ms [  INFO ]  <I> Graph ar1_cl512_4_of_4 execution finished with result 0


Genie:  17930.4ms [  INFO ]  <I> QnnGraph_execute done. status 0x0

 provide
Genie:  17930.8ms [  INFO ]  <I> QnnGraph_execute started. graph = 0x6


Genie:  17931.4ms [  INFO ]  <I> Graph ar1_cl512_1_of_4 execution finished with result 0


Genie:  17931.4ms [  INFO ]  <I> QnnGraph_execute done. status 0x0


Genie:  17931.6ms [  INFO ]  <I> QnnGraph_execute started. graph = 0x10


Genie:  17954.7ms [  INFO ]  <I> Graph ar1_cl512_2_of_4 execution finished with result 0


Genie:  17954.7ms [  INFO ]  <I> QnnGraph_execute done. status 0x0


Genie:  17957.4ms [  INFO ]  <I> QnnGraph_execute started. graph = 0x1a


Genie:  17977.3ms [  INFO ]  <I> Graph ar1_cl512_3_of_4 execution finished with result 0


Genie:  17977.3ms [  INFO ]  <I> QnnGraph_execute done. status 0x0


Genie:  17979.9ms [  INFO ]  <I> QnnGraph_execute started. graph = 0x24


Genie:  17982.8ms [  INFO ]  <I> Graph ar1_cl512_4_of_4 execution finished with result 0


Genie:  17982.8ms [  INFO ]  <I> QnnGraph_execute done. status 0x0

 a
Genie:  17983.2ms [  INFO ]  <I> QnnGraph_execute started. graph = 0x6


Genie:  17983.8ms [  INFO ]  <I> Graph ar1_cl512_1_of_4 execution finished with result 0


Genie:  17983.8ms [  INFO ]  <I> QnnGraph_execute done. status 0x0


Genie:  17984.0ms [  INFO ]  <I> QnnGraph_execute started. graph = 0x10


Genie:  18008.5ms [  INFO ]  <I> Graph ar1_cl512_2_of_4 execution finished with result 0


Genie:  18008.7ms [  INFO ]  <I> QnnGraph_execute done. status 0x0


Genie:  18020.3ms [  INFO ]  <I> QnnGraph_execute started. graph = 0x1a


Genie:  18042.0ms [  INFO ]  <I> Graph ar1_cl512_3_of_4 execution finished with result 0


Genie:  18042.0ms [  INFO ]  <I> QnnGraph_execute done. status 0x0


Genie:  18042.6ms [  INFO ]  <I> QnnGraph_execute started. graph = 0x24


Genie:  18045.6ms [  INFO ]  <I> Graph ar1_cl512_4_of_4 execution finished with result 0


Genie:  18045.6ms [  INFO ]  <I> QnnGraph_execute done. status 0x0

 compreh
Genie:  18045.7ms [  INFO ]  <I> QnnGraph_execute started. graph = 0x6


Genie:  18046.9ms [  INFO ]  <I> Graph ar1_cl512_1_of_4 execution finished with result 0


Genie:  18047.0ms [  INFO ]  <I> QnnGraph_execute done. status 0x0


Genie:  18047.0ms [  INFO ]  <I> QnnGraph_execute started. graph = 0x10


Genie:  18091.1ms [  INFO ]  <I> Graph ar1_cl512_2_of_4 execution finished with result 0


Genie:  18091.1ms [  INFO ]  <I> QnnGraph_execute done. status 0x0


Genie:  18091.3ms [  INFO ]  <I> QnnGraph_execute started. graph = 0x1a


Genie:  18137.8ms [  INFO ]  <I> Graph ar1_cl512_3_of_4 execution finished with result 0


Genie:  18137.9ms [  INFO ]  <I> QnnGraph_execute done. status 0x0


Genie:  18172.1ms [  INFO ]  <I> QnnGraph_execute started. graph = 0x24


Genie:  18177.5ms [  INFO ]  <I> Graph ar1_cl512_4_of_4 execution finished with result 0


Genie:  18177.6ms [  INFO ]  <I> QnnGraph_execute done. status 0x0

ensive
Genie:  18178.4ms [  INFO ]  <I> QnnGraph_execute started. graph = 0x6


Genie:  18196.2ms [  INFO ]  <I> Graph ar1_cl512_1_of_4 execution finished with result 0


Genie:  18196.2ms [  INFO ]  <I> QnnGraph_execute done. status 0x0


Genie:  18196.3ms [  INFO ]  <I> QnnGraph_execute started. graph = 0x10


Genie:  18218.9ms [  INFO ]  <I> Graph ar1_cl512_2_of_4 execution finished with result 0


Genie:  18218.9ms [  INFO ]  <I> QnnGraph_execute done. status 0x0


Genie:  18228.3ms [  INFO ]  <I> QnnGraph_execute started. graph = 0x1a


Genie:  18250.2ms [  INFO ]  <I> Graph ar1_cl512_3_of_4 execution finished with result 0


Genie:  18250.2ms [  INFO ]  <I> QnnGraph_execute done. status 0x0


Genie:  18250.3ms [  INFO ]  <I> QnnGraph_execute started. graph = 0x24


Genie:  18255.1ms [  INFO ]  <I> Graph ar1_cl512_4_of_4 execution finished with result 0


Genie:  18255.2ms [  INFO ]  <I> QnnGraph_execute done. status 0x0

 explanation
Genie:  18255.3ms [  INFO ]  <I> QnnGraph_execute started. graph = 0x6


Genie:  18256.0ms [  INFO ]  <I> Graph ar1_cl512_1_of_4 execution finished with result 0


Genie:  18256.0ms [  INFO ]  <I> QnnGraph_execute done. status 0x0


Genie:  18256.0ms [  INFO ]  <I> QnnGraph_execute started. graph = 0x10


Genie:  18288.9ms [  INFO ]  <I> Graph ar1_cl512_2_of_4 execution finished with result 0


Genie:  18288.9ms [  INFO ]  <I> QnnGraph_execute done. status 0x0


Genie:  18299.4ms [  INFO ]  <I> QnnGraph_execute started. graph = 0x1a


Genie:  18344.7ms [  INFO ]  <I> Graph ar1_cl512_3_of_4 execution finished with result 0


Genie:  18344.8ms [  INFO ]  <I> QnnGraph_execute done. status 0x0


Genie:  18356.3ms [  INFO ]  <I> QnnGraph_execute started. graph = 0x24


Genie:  18359.2ms [  INFO ]  <I> Graph ar1_cl512_4_of_4 execution finished with result 0


Genie:  18359.2ms [  INFO ]  <I> QnnGraph_execute done. status 0x0

,
Genie:  18364.4ms [  INFO ]  <I> QnnGraph_execute started. graph = 0x6


Genie:  18365.0ms [  INFO ]  <I> Graph ar1_cl512_1_of_4 execution finished with result 0


Genie:  18365.0ms [  INFO ]  <I> QnnGraph_execute done. status 0x0


Genie:  18365.1ms [  INFO ]  <I> QnnGraph_execute started. graph = 0x10


Genie:  18400.6ms [  INFO ]  <I> Graph ar1_cl512_2_of_4 execution finished with result 0


Genie:  18400.6ms [  INFO ]  <I> QnnGraph_execute done. status 0x0


Genie:  18432.4ms [  INFO ]  <I> QnnGraph_execute started. graph = 0x1a


Genie:  18465.5ms [  INFO ]  <I> Graph ar1_cl512_3_of_4 execution finished with result 0


Genie:  18465.5ms [  INFO ]  <I> QnnGraph_execute done. status 0x0


Genie:  18465.6ms [  INFO ]  <I> QnnGraph_execute started. graph = 0x24


Genie:  18468.5ms [  INFO ]  <I> Graph ar1_cl512_4_of_4 execution finished with result 0


Genie:  18468.5ms [  INFO ]  <I> QnnGraph_execute done. status 0x0

 answer
Genie:  18468.9ms [  INFO ]  <I> QnnGraph_execute started. graph = 0x6


Genie:  18469.6ms [  INFO ]  <I> Graph ar1_cl512_1_of_4 execution finished with result 0


Genie:  18469.6ms [  INFO ]  <I> QnnGraph_execute done. status 0x0


Genie:  18469.6ms [  INFO ]  <I> QnnGraph_execute started. graph = 0x10


Genie:  18490.6ms [  INFO ]  <I> Graph ar1_cl512_2_of_4 execution finished with result 0


Genie:  18490.7ms [  INFO ]  <I> QnnGraph_execute done. status 0x0


Genie:  18490.8ms [  INFO ]  <I> QnnGraph_execute started. graph = 0x1a


Genie:  18511.0ms [  INFO ]  <I> Graph ar1_cl512_3_of_4 execution finished with result 0


Genie:  18511.1ms [  INFO ]  <I> QnnGraph_execute done. status 0x0


Genie:  18517.9ms [  INFO ]  <I> QnnGraph_execute started. graph = 0x24


Genie:  18520.8ms [  INFO ]  <I> Graph ar1_cl512_4_of_4 execution finished with result 0


Genie:  18520.8ms [  INFO ]  <I> QnnGraph_execute done. status 0x0

 the
Genie:  18520.9ms [  INFO ]  <I> QnnGraph_execute started. graph = 0x6


Genie:  18521.6ms [  INFO ]  <I> Graph ar1_cl512_1_of_4 execution finished with result 0


Genie:  18521.6ms [  INFO ]  <I> QnnGraph_execute done. status 0x0


Genie:  18521.6ms [  INFO ]  <I> QnnGraph_execute started. graph = 0x10


Genie:  18544.3ms [  INFO ]  <I> Graph ar1_cl512_2_of_4 execution finished with result 0


Genie:  18544.3ms [  INFO ]  <I> QnnGraph_execute done. status 0x0


Genie:  18550.4ms [  INFO ]  <I> QnnGraph_execute started. graph = 0x1a


Genie:  18570.4ms [  INFO ]  <I> Graph ar1_cl512_3_of_4 execution finished with result 0


Genie:  18570.4ms [  INFO ]  <I> QnnGraph_execute done. status 0x0


Genie:  18597.6ms [  INFO ]  <I> QnnGraph_execute started. graph = 0x24


Genie:  18600.5ms [  INFO ]  <I> Graph ar1_cl512_4_of_4 execution finished with result 0


Genie:  18600.5ms [  INFO ]  <I> QnnGraph_execute done. status 0x0

 following
Genie:  18600.8ms [  INFO ]  <I> QnnGraph_execute started. graph = 0x6


Genie:  18601.4ms [  INFO ]  <I> Graph ar1_cl512_1_of_4 execution finished with result 0


Genie:  18601.4ms [  INFO ]  <I> QnnGraph_execute done. status 0x0


Genie:  18601.4ms [  INFO ]  <I> QnnGraph_execute started. graph = 0x10


Genie:  18624.0ms [  INFO ]  <I> Graph ar1_cl512_2_of_4 execution finished with result 0


Genie:  18624.1ms [  INFO ]  <I> QnnGraph_execute done. status 0x0


Genie:  18652.8ms [  INFO ]  <I> QnnGraph_execute started. graph = 0x1a


Genie:  18672.9ms [  INFO ]  <I> Graph ar1_cl512_3_of_4 execution finished with result 0


Genie:  18672.9ms [  INFO ]  <I> QnnGraph_execute done. status 0x0


Genie:  18672.9ms [  INFO ]  <I> QnnGraph_execute started. graph = 0x24


Genie:  18675.7ms [  INFO ]  <I> Graph ar1_cl512_4_of_4 execution finished with result 0


Genie:  18675.8ms [  INFO ]  <I> QnnGraph_execute done. status 0x0

:
Genie:  18676.0ms [  INFO ]  <I> QnnGraph_execute started. graph = 0x6


Genie:  18676.6ms [  INFO ]  <I> Graph ar1_cl512_1_of_4 execution finished with result 0


Genie:  18676.6ms [  INFO ]  <I> QnnGraph_execute done. status 0x0


Genie:  18676.6ms [  INFO ]  <I> QnnGraph_execute started. graph = 0x10


Genie:  18697.6ms [  INFO ]  <I> Graph ar1_cl512_2_of_4 execution finished with result 0


Genie:  18697.6ms [  INFO ]  <I> QnnGraph_execute done. status 0x0


Genie:  18702.2ms [  INFO ]  <I> QnnGraph_execute started. graph = 0x1a


Genie:  18722.1ms [  INFO ]  <I> Graph ar1_cl512_3_of_4 execution finished with result 0


Genie:  18722.1ms [  INFO ]  <I> QnnGraph_execute done. status 0x0


Genie:  18732.7ms [  INFO ]  <I> QnnGraph_execute started. graph = 0x24


Genie:  18735.6ms [  INFO ]  <I> Graph ar1_cl512_4_of_4 execution finished with result 0


Genie:  18735.6ms [  INFO ]  <I> QnnGraph_execute done. status 0x0



Genie:  18735.8ms [  INFO ]  <I> QnnGraph_execute started. graph = 0x6


Genie:  18736.4ms [  INFO ]  <I> Graph ar1_cl512_1_of_4 execution finished with result 0


Genie:  18736.4ms [  INFO ]  <I> QnnGraph_execute done. status 0x0


Genie:  18736.4ms [  INFO ]  <I> QnnGraph_execute started. graph = 0x10


Genie:  18758.3ms [  INFO ]  <I> Graph ar1_cl512_2_of_4 execution finished with result 0


Genie:  18758.3ms [  INFO ]  <I> QnnGraph_execute done. status 0x0


Genie:  18770.7ms [  INFO ]  <I> QnnGraph_execute started. graph = 0x1a


Genie:  18793.3ms [  INFO ]  <I> Graph ar1_cl512_3_of_4 execution finished with result 0


Genie:  18793.3ms [  INFO ]  <I> QnnGraph_execute done. status 0x0


Genie:  18794.3ms [  INFO ]  <I> QnnGraph_execute started. graph = 0x24


Genie:  18797.3ms [  INFO ]  <I> Graph ar1_cl512_4_of_4 execution finished with result 0


Genie:  18797.3ms [  INFO ]  <I> QnnGraph_execute done. status 0x0



Genie:  18797.5ms [  INFO ]  <I> QnnGraph_execute started. graph = 0x6


Genie:  18798.1ms [  INFO ]  <I> Graph ar1_cl512_1_of_4 execution finished with result 0


Genie:  18798.1ms [  INFO ]  <I> QnnGraph_execute done. status 0x0


Genie:  18798.1ms [  INFO ]  <I> QnnGraph_execute started. graph = 0x10


Genie:  18820.9ms [  INFO ]  <I> Graph ar1_cl512_2_of_4 execution finished with result 0


Genie:  18820.9ms [  INFO ]  <I> QnnGraph_execute done. status 0x0


Genie:  18831.8ms [  INFO ]  <I> QnnGraph_execute started. graph = 0x1a


Genie:  18852.3ms [  INFO ]  <I> Graph ar1_cl512_3_of_4 execution finished with result 0


Genie:  18852.3ms [  INFO ]  <I> QnnGraph_execute done. status 0x0


Genie:  18852.5ms [  INFO ]  <I> QnnGraph_execute started. graph = 0x24


Genie:  18855.3ms [  INFO ]  <I> Graph ar1_cl512_4_of_4 execution finished with result 0


Genie:  18855.3ms [  INFO ]  <I> QnnGraph_execute done. status 0x0

In
Genie:  18855.6ms [  INFO ]  <I> QnnGraph_execute started. graph = 0x6


Genie:  18856.2ms [  INFO ]  <I> Graph ar1_cl512_1_of_4 execution finished with result 0


Genie:  18856.2ms [  INFO ]  <I> QnnGraph_execute done. status 0x0


Genie:  18856.2ms [  INFO ]  <I> QnnGraph_execute started. graph = 0x10


Genie:  18878.3ms [  INFO ]  <I> Graph ar1_cl512_2_of_4 execution finished with result 0


Genie:  18878.3ms [  INFO ]  <I> QnnGraph_execute done. status 0x0


Genie:  18878.6ms [  INFO ]  <I> QnnGraph_execute started. graph = 0x1a


Genie:  18898.6ms [  INFO ]  <I> Graph ar1_cl512_3_of_4 execution finished with result 0


Genie:  18898.6ms [  INFO ]  <I> QnnGraph_execute done. status 0x0


Genie:  18898.7ms [  INFO ]  <I> QnnGraph_execute started. graph = 0x24


Genie:  18901.5ms [  INFO ]  <I> Graph ar1_cl512_4_of_4 execution finished with result 0


Genie:  18901.6ms [  INFO ]  <I> QnnGraph_execute done. status 0x0

 a
Genie:  18901.8ms [  INFO ]  <I> QnnGraph_execute started. graph = 0x6


Genie:  18902.5ms [  INFO ]  <I> Graph ar1_cl512_1_of_4 execution finished with result 0


Genie:  18902.5ms [  INFO ]  <I> QnnGraph_execute done. status 0x0


Genie:  18902.8ms [  INFO ]  <I> QnnGraph_execute started. graph = 0x10


Genie:  18925.7ms [  INFO ]  <I> Graph ar1_cl512_2_of_4 execution finished with result 0


Genie:  18925.8ms [  INFO ]  <I> QnnGraph_execute done. status 0x0


Genie:  18930.4ms [  INFO ]  <I> QnnGraph_execute started. graph = 0x1a


Genie:  18950.8ms [  INFO ]  <I> Graph ar1_cl512_3_of_4 execution finished with result 0


Genie:  18950.8ms [  INFO ]  <I> QnnGraph_execute done. status 0x0


Genie:  18950.9ms [  INFO ]  <I> QnnGraph_execute started. graph = 0x24


Genie:  18953.7ms [  INFO ]  <I> Graph ar1_cl512_4_of_4 execution finished with result 0


Genie:  18953.7ms [  INFO ]  <I> QnnGraph_execute done. status 0x0

 theoretical
Genie:  18954.0ms [  INFO ]  <I> QnnGraph_execute started. graph = 0x6


Genie:  18954.6ms [  INFO ]  <I> Graph ar1_cl512_1_of_4 execution finished with result 0


Genie:  18954.6ms [  INFO ]  <I> QnnGraph_execute done. status 0x0


Genie:  18954.7ms [  INFO ]  <I> QnnGraph_execute started. graph = 0x10


Genie:  18982.9ms [  INFO ]  <I> Graph ar1_cl512_2_of_4 execution finished with result 0


Genie:  18982.9ms [  INFO ]  <I> QnnGraph_execute done. status 0x0


Genie:  18989.7ms [  INFO ]  <I> QnnGraph_execute started. graph = 0x1a


Genie:  19011.7ms [  INFO ]  <I> Graph ar1_cl512_3_of_4 execution finished with result 0


Genie:  19011.7ms [  INFO ]  <I> QnnGraph_execute done. status 0x0


Genie:  19040.2ms [  INFO ]  <I> QnnGraph_execute started. graph = 0x24


Genie:  19044.6ms [  INFO ]  <I> Graph ar1_cl512_4_of_4 execution finished with result 0


Genie:  19044.6ms [  INFO ]  <I> QnnGraph_execute done. status 0x0

 discussion
Genie:  19044.9ms [  INFO ]  <I> QnnGraph_execute started. graph = 0x6


Genie:  19045.6ms [  INFO ]  <I> Graph ar1_cl512_1_of_4 execution finished with result 0


Genie:  19045.6ms [  INFO ]  <I> QnnGraph_execute done. status 0x0


Genie:  19045.8ms [  INFO ]  <I> QnnGraph_execute started. graph = 0x10


Genie:  19069.3ms [  INFO ]  <I> Graph ar1_cl512_2_of_4 execution finished with result 0


Genie:  19069.3ms [  INFO ]  <I> QnnGraph_execute done. status 0x0


Genie:  19101.3ms [  INFO ]  <I> QnnGraph_execute started. graph = 0x1a


Genie:  19121.4ms [  INFO ]  <I> Graph ar1_cl512_3_of_4 execution finished with result 0


Genie:  19121.5ms [  INFO ]  <I> QnnGraph_execute done. status 0x0


Genie:  19129.0ms [  INFO ]  <I> QnnGraph_execute started. graph = 0x24


Genie:  19131.9ms [  INFO ]  <I> Graph ar1_cl512_4_of_4 execution finished with result 0


Genie:  19131.9ms [  INFO ]  <I> QnnGraph_execute done. status 0x0

 on
Genie:  19132.2ms [  INFO ]  <I> QnnGraph_execute started. graph = 0x6


Genie:  19132.8ms [  INFO ]  <I> Graph ar1_cl512_1_of_4 execution finished with result 0


Genie:  19132.8ms [  INFO ]  <I> QnnGraph_execute done. status 0x0


Genie:  19132.8ms [  INFO ]  <I> QnnGraph_execute started. graph = 0x10


Genie:  19153.7ms [  INFO ]  <I> Graph ar1_cl512_2_of_4 execution finished with result 0


Genie:  19153.8ms [  INFO ]  <I> QnnGraph_execute done. status 0x0


Genie:  19164.0ms [  INFO ]  <I> QnnGraph_execute started. graph = 0x1a


Genie:  19186.0ms [  INFO ]  <I> Graph ar1_cl512_3_of_4 execution finished with result 0


Genie:  19186.1ms [  INFO ]  <I> QnnGraph_execute done. status 0x0


Genie:  19187.9ms [  INFO ]  <I> QnnGraph_execute started. graph = 0x24


Genie:  19190.8ms [  INFO ]  <I> Graph ar1_cl512_4_of_4 execution finished with result 0


Genie:  19190.8ms [  INFO ]  <I> QnnGraph_execute done. status 0x0

 modern
Genie:  19191.0ms [  INFO ]  <I> QnnGraph_execute started. graph = 0x6


Genie:  19191.7ms [  INFO ]  <I> Graph ar1_cl512_1_of_4 execution finished with result 0


Genie:  19191.7ms [  INFO ]  <I> QnnGraph_execute done. status 0x0


Genie:  19192.1ms [  INFO ]  <I> QnnGraph_execute started. graph = 0x10


Genie:  19212.9ms [  INFO ]  <I> Graph ar1_cl512_2_of_4 execution finished with result 0


Genie:  19213.0ms [  INFO ]  <I> QnnGraph_execute done. status 0x0


Genie:  19213.1ms [  INFO ]  <I> QnnGraph_execute started. graph = 0x1a


Genie:  19233.2ms [  INFO ]  <I> Graph ar1_cl512_3_of_4 execution finished with result 0


Genie:  19233.3ms [  INFO ]  <I> QnnGraph_execute done. status 0x0


Genie:  19234.3ms [  INFO ]  <I> QnnGraph_execute started. graph = 0x24


Genie:  19237.2ms [  INFO ]  <I> Graph ar1_cl512_4_of_4 execution finished with result 0


Genie:  19237.2ms [  INFO ]  <I> QnnGraph_execute done. status 0x0

 physics
Genie:  19237.8ms [  INFO ]  <I> QnnGraph_execute started. graph = 0x6


Genie:  19238.4ms [  INFO ]  <I> Graph ar1_cl512_1_of_4 execution finished with result 0


Genie:  19238.4ms [  INFO ]  <I> QnnGraph_execute done. status 0x0


Genie:  19238.5ms [  INFO ]  <I> QnnGraph_execute started. graph = 0x10


Genie:  19259.4ms [  INFO ]  <I> Graph ar1_cl512_2_of_4 execution finished with result 0


Genie:  19259.4ms [  INFO ]  <I> QnnGraph_execute done. status 0x0


Genie:  19259.4ms [  INFO ]  <I> QnnGraph_execute started. graph = 0x1a


Genie:  19279.3ms [  INFO ]  <I> Graph ar1_cl512_3_of_4 execution finished with result 0


Genie:  19279.4ms [  INFO ]  <I> QnnGraph_execute done. status 0x0


Genie:  19300.0ms [  INFO ]  <I> QnnGraph_execute started. graph = 0x24


Genie:  19302.9ms [  INFO ]  <I> Graph ar1_cl512_4_of_4 execution finished with result 0


Genie:  19302.9ms [  INFO ]  <I> QnnGraph_execute done. status 0x0

,
Genie:  19303.2ms [  INFO ]  <I> QnnGraph_execute started. graph = 0x6


Genie:  19303.8ms [  INFO ]  <I> Graph ar1_cl512_1_of_4 execution finished with result 0


Genie:  19303.8ms [  INFO ]  <I> QnnGraph_execute done. status 0x0


Genie:  19303.8ms [  INFO ]  <I> QnnGraph_execute started. graph = 0x10


Genie:  19325.5ms [  INFO ]  <I> Graph ar1_cl512_2_of_4 execution finished with result 0


Genie:  19325.5ms [  INFO ]  <I> QnnGraph_execute done. status 0x0


Genie:  19344.5ms [  INFO ]  <I> QnnGraph_execute started. graph = 0x1a


Genie:  19364.4ms [  INFO ]  <I> Graph ar1_cl512_3_of_4 execution finished with result 0


Genie:  19364.5ms [  INFO ]  <I> QnnGraph_execute done. status 0x0


Genie:  19365.0ms [  INFO ]  <I> QnnGraph_execute started. graph = 0x24


Genie:  19367.9ms [  INFO ]  <I> Graph ar1_cl512_4_of_4 execution finished with result 0


Genie:  19367.9ms [  INFO ]  <I> QnnGraph_execute done. status 0x0

 describe
Genie:  19368.2ms [  INFO ]  <I> QnnGraph_execute started. graph = 0x6


Genie:  19368.8ms [  INFO ]  <I> Graph ar1_cl512_1_of_4 execution finished with result 0


Genie:  19368.8ms [  INFO ]  <I> QnnGraph_execute done. status 0x0


Genie:  19368.8ms [  INFO ]  <I> QnnGraph_execute started. graph = 0x10


Genie:  19391.6ms [  INFO ]  <I> Graph ar1_cl512_2_of_4 execution finished with result 0


Genie:  19391.7ms [  INFO ]  <I> QnnGraph_execute done. status 0x0


Genie:  19393.8ms [  INFO ]  <I> QnnGraph_execute started. graph = 0x1a


Genie:  19413.9ms [  INFO ]  <I> Graph ar1_cl512_3_of_4 execution finished with result 0


Genie:  19414.0ms [  INFO ]  <I> QnnGraph_execute done. status 0x0


Genie:  19414.0ms [  INFO ]  <I> QnnGraph_execute started. graph = 0x24


Genie:  19417.0ms [  INFO ]  <I> Graph ar1_cl512_4_of_4 execution finished with result 0


Genie:  19417.0ms [  INFO ]  <I> QnnGraph_execute done. status 0x0

 the
Genie:  19417.2ms [  INFO ]  <I> QnnGraph_execute started. graph = 0x6


Genie:  19417.8ms [  INFO ]  <I> Graph ar1_cl512_1_of_4 execution finished with result 0


Genie:  19417.8ms [  INFO ]  <I> QnnGraph_execute done. status 0x0


Genie:  19417.8ms [  INFO ]  <I> QnnGraph_execute started. graph = 0x10


Genie:  19440.7ms [  INFO ]  <I> Graph ar1_cl512_2_of_4 execution finished with result 0


Genie:  19440.7ms [  INFO ]  <I> QnnGraph_execute done. status 0x0


Genie:  19440.9ms [  INFO ]  <I> QnnGraph_execute started. graph = 0x1a


Genie:  19461.1ms [  INFO ]  <I> Graph ar1_cl512_3_of_4 execution finished with result 0


Genie:  19461.1ms [  INFO ]  <I> QnnGraph_execute done. status 0x0


Genie:  19466.3ms [  INFO ]  <I> QnnGraph_execute started. graph = 0x24


Genie:  19469.3ms [  INFO ]  <I> Graph ar1_cl512_4_of_4 execution finished with result 0


Genie:  19469.3ms [  INFO ]  <I> QnnGraph_execute done. status 0x0

 concept
Genie:  19469.5ms [  INFO ]  <I> QnnGraph_execute started. graph = 0x6


Genie:  19470.1ms [  INFO ]  <I> Graph ar1_cl512_1_of_4 execution finished with result 0


Genie:  19470.1ms [  INFO ]  <I> QnnGraph_execute done. status 0x0


Genie:  19470.1ms [  INFO ]  <I> QnnGraph_execute started. graph = 0x10


Genie:  19491.0ms [  INFO ]  <I> Graph ar1_cl512_2_of_4 execution finished with result 0


Genie:  19491.0ms [  INFO ]  <I> QnnGraph_execute done. status 0x0


Genie:  19525.8ms [  INFO ]  <I> QnnGraph_execute started. graph = 0x1a


Genie:  19545.8ms [  INFO ]  <I> Graph ar1_cl512_3_of_4 execution finished with result 0


Genie:  19545.8ms [  INFO ]  <I> QnnGraph_execute done. status 0x0


Genie:  19550.1ms [  INFO ]  <I> QnnGraph_execute started. graph = 0x24


Genie:  19553.0ms [  INFO ]  <I> Graph ar1_cl512_4_of_4 execution finished with result 0


Genie:  19553.0ms [  INFO ]  <I> QnnGraph_execute done. status 0x0

 of
Genie:  19553.3ms [  INFO ]  <I> QnnGraph_execute started. graph = 0x6


Genie:  19553.9ms [  INFO ]  <I> Graph ar1_cl512_1_of_4 execution finished with result 0


Genie:  19553.9ms [  INFO ]  <I> QnnGraph_execute done. status 0x0


Genie:  19553.9ms [  INFO ]  <I> QnnGraph_execute started. graph = 0x10


Genie:  19575.4ms [  INFO ]  <I> Graph ar1_cl512_2_of_4 execution finished with result 0


Genie:  19575.4ms [  INFO ]  <I> QnnGraph_execute done. status 0x0


Genie:  19615.3ms [  INFO ]  <I> QnnGraph_execute started. graph = 0x1a


Genie:  19635.4ms [  INFO ]  <I> Graph ar1_cl512_3_of_4 execution finished with result 0


Genie:  19635.4ms [  INFO ]  <I> QnnGraph_execute done. status 0x0


Genie:  19660.0ms [  INFO ]  <I> QnnGraph_execute started. graph = 0x24


Genie:  19662.9ms [  INFO ]  <I> Graph ar1_cl512_4_of_4 execution finished with result 0


Genie:  19662.9ms [  INFO ]  <I> QnnGraph_execute done. status 0x0

 gravit
Genie:  19663.1ms [  INFO ]  <I> QnnGraph_execute started. graph = 0x6


Genie:  19663.7ms [  INFO ]  <I> Graph ar1_cl512_1_of_4 execution finished with result 0


Genie:  19663.7ms [  INFO ]  <I> QnnGraph_execute done. status 0x0


Genie:  19663.7ms [  INFO ]  <I> QnnGraph_execute started. graph = 0x10


Genie:  19685.3ms [  INFO ]  <I> Graph ar1_cl512_2_of_4 execution finished with result 0


Genie:  19685.4ms [  INFO ]  <I> QnnGraph_execute done. status 0x0


Genie:  19688.6ms [  INFO ]  <I> QnnGraph_execute started. graph = 0x1a


Genie:  19708.7ms [  INFO ]  <I> Graph ar1_cl512_3_of_4 execution finished with result 0


Genie:  19708.8ms [  INFO ]  <I> QnnGraph_execute done. status 0x0


Genie:  19715.2ms [  INFO ]  <I> QnnGraph_execute started. graph = 0x24


Genie:  19718.1ms [  INFO ]  <I> Graph ar1_cl512_4_of_4 execution finished with result 0


Genie:  19718.1ms [  INFO ]  <I> QnnGraph_execute done. status 0x0

ational
Genie:  19718.5ms [  INFO ]  <I> QnnGraph_execute started. graph = 0x6


Genie:  19719.2ms [  INFO ]  <I> Graph ar1_cl512_1_of_4 execution finished with result 0


Genie:  19719.2ms [  INFO ]  <I> QnnGraph_execute done. status 0x0


Genie:  19719.2ms [  INFO ]  <I> QnnGraph_execute started. graph = 0x10


Genie:  19739.8ms [  INFO ]  <I> Graph ar1_cl512_2_of_4 execution finished with result 0


Genie:  19739.9ms [  INFO ]  <I> QnnGraph_execute done. status 0x0


Genie:  19740.0ms [  INFO ]  <I> QnnGraph_execute started. graph = 0x1a


Genie:  19760.1ms [  INFO ]  <I> Graph ar1_cl512_3_of_4 execution finished with result 0


Genie:  19760.1ms [  INFO ]  <I> QnnGraph_execute done. status 0x0


Genie:  19778.8ms [  INFO ]  <I> QnnGraph_execute started. graph = 0x24


Genie:  19781.6ms [  INFO ]  <I> Graph ar1_cl512_4_of_4 execution finished with result 0


Genie:  19781.7ms [  INFO ]  <I> QnnGraph_execute done. status 0x0

 waves
Genie:  19781.8ms [  INFO ]  <I> QnnGraph_execute started. graph = 0x6


Genie:  19782.4ms [  INFO ]  <I> Graph ar1_cl512_1_of_4 execution finished with result 0


Genie:  19782.4ms [  INFO ]  <I> QnnGraph_execute done. status 0x0


Genie:  19782.5ms [  INFO ]  <I> QnnGraph_execute started. graph = 0x10


Genie:  19804.8ms [  INFO ]  <I> Graph ar1_cl512_2_of_4 execution finished with result 0


Genie:  19804.8ms [  INFO ]  <I> QnnGraph_execute done. status 0x0


[Action Thread]: SIGNAL ABORT Function

Genie:  19811.6ms [  INFO ] Entering GenieDialog_signal [GenieDialog.cpp:798]

Genie:  19811.6ms [  INFO ] Returning from GenieDialog_signal [GenieDialog.cpp:798]

Genie:  19812.1ms [  INFO ]  <I> QnnGraph_execute started. graph = 0x1a


Genie:  19832.0ms [  INFO ]  <I> Graph ar1_cl512_3_of_4 execution finished with result 0


Genie:  19832.0ms [  INFO ]  <I> QnnGraph_execute done. status 0x0


Genie:  19832.4ms [  INFO ]  <I> QnnGraph_execute started. graph = 0x24


Genie:  19835.3ms [  INFO ]  <I> Graph ar1_cl512_4_of_4 execution finished with result 0


Genie:  19835.3ms [  INFO ]  <I> QnnGraph_execute done. status 0x0

,[END]

Genie:  19835.5ms [  INFO ] Returning from GenieDialog_query [GenieDialog.cpp:197]
Query successfully aborted

Genie:  19843.1ms [  INFO ] Entering GenieDialog_free [GenieDialog.cpp:763]

Genie:  19843.1ms [  INFO ] Returning from GenieDialog_free [GenieDialog.cpp:763]

Genie:  19848.9ms [  INFO ]  <I> QnnMem_deRegister started


Genie:  19848.9ms [  INFO ]  <I> QnnMem_deRegister done. status 0x0


Genie:  19849.0ms [  INFO ]  <I> QnnMem_deRegister started


Genie:  19849.0ms [  INFO ]  <I> QnnMem_deRegister done. status 0x0


Genie:  19849.0ms [  INFO ]  <I> QnnMem_deRegister started


Genie:  19849.0ms [  INFO ]  <I> QnnMem_deRegister done. status 0x0


Genie:  19849.0ms [  INFO ]  <I> QnnMem_deRegister started


Genie:  19849.0ms [  INFO ]  <I> QnnMem_deRegister done. status 0x0


Genie:  19849.0ms [  INFO ]  <I> QnnMem_deRegister started


Genie:  19849.0ms [  INFO ]  <I> QnnMem_deRegister done. status 0x0


Genie:  19849.0ms [  INFO ]  <I> QnnMem_deRegister started


Genie:  19849.0ms [  INFO ]  <I> QnnMem_deRegister done. status 0x0


Genie:  19849.0ms [  INFO ]  <I> QnnMem_deRegister started


Genie:  19849.0ms [  INFO ]  <I> QnnMem_deRegister done. status 0x0


Genie:  19849.0ms [  INFO ]  <I> QnnMem_deRegister started


Genie:  19855.8ms [  INFO ]  <I> QnnMem_deRegister done. status 0x0


Genie:  19855.8ms [  INFO ]  <I> QnnMem_deRegister started


Genie:  19855.8ms [  INFO ]  <I> QnnMem_deRegister done. status 0x0


Genie:  19855.8ms [  INFO ]  <I> QnnMem_deRegister started


Genie:  19855.9ms [  INFO ]  <I> QnnMem_deRegister done. status 0x0


Genie:  19855.9ms [  INFO ]  <I> QnnMem_deRegister started


Genie:  19855.9ms [  INFO ]  <I> QnnMem_deRegister done. status 0x0


Genie:  19855.9ms [  INFO ]  <I> QnnMem_deRegister started


Genie:  19856.2ms [  INFO ]  <I> QnnMem_deRegister done. status 0x0


Genie:  19856.3ms [  INFO ]  <I> QnnMem_deRegister started


Genie:  19856.3ms [  INFO ]  <I> QnnMem_deRegister done. status 0x0


Genie:  19856.3ms [  INFO ]  <I> QnnMem_deRegister started


Genie:  19856.3ms [  INFO ]  <I> QnnMem_deRegister done. status 0x0


Genie:  19856.3ms [  INFO ]  <I> QnnMem_deRegister started


Genie:  19856.3ms [  INFO ]  <I> QnnMem_deRegister done. status 0x0


Genie:  19856.3ms [  INFO ]  <I> QnnMem_deRegister started


Genie:  19856.3ms [  INFO ]  <I> QnnMem_deRegister done. status 0x0


Genie:  19856.3ms [  INFO ]  <I> QnnMem_deRegister started


Genie:  19856.3ms [  INFO ]  <I> QnnMem_deRegister done. status 0x0


Genie:  19856.3ms [  INFO ]  <I> QnnMem_deRegister started


Genie:  19856.3ms [  INFO ]  <I> QnnMem_deRegister done. status 0x0


Genie:  19856.3ms [  INFO ]  <I> QnnMem_deRegister started


Genie:  19856.3ms [  INFO ]  <I> QnnMem_deRegister done. status 0x0


Genie:  19856.3ms [  INFO ]  <I> QnnMem_deRegister started


Genie:  19856.3ms [  INFO ]  <I> QnnMem_deRegister done. status 0x0


Genie:  19856.4ms [  INFO ]  <I> QnnMem_deRegister started


Genie:  19856.4ms [  INFO ]  <I> QnnMem_deRegister done. status 0x0


Genie:  19856.4ms [  INFO ]  <I> QnnMem_deRegister started


Genie:  19856.4ms [  INFO ]  <I> QnnMem_deRegister done. status 0x0


Genie:  19856.4ms [  INFO ]  <I> QnnMem_deRegister started


Genie:  19856.4ms [  INFO ]  <I> QnnMem_deRegister done. status 0x0


Genie:  19856.4ms [  INFO ]  <I> QnnMem_deRegister started


Genie:  19856.4ms [  INFO ]  <I> QnnMem_deRegister done. status 0x0


Genie:  19856.4ms [  INFO ]  <I> QnnMem_deRegister started


Genie:  19856.4ms [  INFO ]  <I> QnnMem_deRegister done. status 0x0


Genie:  19856.4ms [  INFO ]  <I> QnnMem_deRegister started


Genie:  19856.4ms [  INFO ]  <I> QnnMem_deRegister done. status 0x0


Genie:  19856.4ms [  INFO ]  <I> QnnMem_deRegister started


Genie:  19856.4ms [  INFO ]  <I> QnnMem_deRegister done. status 0x0


Genie:  19856.4ms [  INFO ]  <I> QnnMem_deRegister started


Genie:  19856.4ms [  INFO ]  <I> QnnMem_deRegister done. status 0x0


Genie:  19856.4ms [  INFO ]  <I> QnnMem_deRegister started


Genie:  19856.4ms [  INFO ]  <I> QnnMem_deRegister done. status 0x0


Genie:  19856.4ms [  INFO ]  <I> QnnMem_deRegister started


Genie:  19856.4ms [  INFO ]  <I> QnnMem_deRegister done. status 0x0


Genie:  19856.5ms [  INFO ]  <I> QnnMem_deRegister started


Genie:  19856.5ms [  INFO ]  <I> QnnMem_deRegister done. status 0x0


Genie:  19856.5ms [  INFO ]  <I> QnnMem_deRegister started


Genie:  19856.5ms [  INFO ]  <I> QnnMem_deRegister done. status 0x0


Genie:  19856.5ms [  INFO ]  <I> QnnMem_deRegister started


Genie:  19856.5ms [  INFO ]  <I> QnnMem_deRegister done. status 0x0


Genie:  19856.5ms [  INFO ]  <I> QnnMem_deRegister started


Genie:  19857.0ms [  INFO ]  <I> QnnMem_deRegister done. status 0x0


Genie:  19857.0ms [  INFO ]  <I> QnnMem_deRegister started


Genie:  19857.0ms [  INFO ]  <I> QnnMem_deRegister done. status 0x0


Genie:  19857.0ms [  INFO ]  <I> QnnMem_deRegister started


Genie:  19857.0ms [  INFO ]  <I> QnnMem_deRegister done. status 0x0


Genie:  19857.0ms [  INFO ]  <I> QnnMem_deRegister started


Genie:  19857.0ms [  INFO ]  <I> QnnMem_deRegister done. status 0x0


Genie:  19857.0ms [  INFO ]  <I> QnnMem_deRegister started


Genie:  19857.0ms [  INFO ]  <I> QnnMem_deRegister done. status 0x0


Genie:  19857.0ms [  INFO ]  <I> QnnMem_deRegister started


Genie:  19857.0ms [  INFO ]  <I> QnnMem_deRegister done. status 0x0


Genie:  19857.0ms [  INFO ]  <I> QnnMem_deRegister started


Genie:  19857.0ms [  INFO ]  <I> QnnMem_deRegister done. status 0x0


Genie:  19857.0ms [  INFO ]  <I> QnnMem_deRegister started


Genie:  19857.0ms [  INFO ]  <I> QnnMem_deRegister done. status 0x0


Genie:  19857.0ms [  INFO ]  <I> QnnMem_deRegister started


Genie:  19857.0ms [  INFO ]  <I> QnnMem_deRegister done. status 0x0


Genie:  19857.0ms [  INFO ]  <I> QnnMem_deRegister started


Genie:  19857.0ms [  INFO ]  <I> QnnMem_deRegister done. status 0x0


Genie:  19857.0ms [  INFO ]  <I> QnnMem_deRegister started


Genie:  19857.0ms [  INFO ]  <I> QnnMem_deRegister done. status 0x0


Genie:  19857.0ms [  INFO ]  <I> QnnMem_deRegister started


Genie:  19857.0ms [  INFO ]  <I> QnnMem_deRegister done. status 0x0


Genie:  19857.0ms [  INFO ]  <I> QnnMem_deRegister started


Genie:  19857.0ms [  INFO ]  <I> QnnMem_deRegister done. status 0x0


Genie:  19857.1ms [  INFO ]  <I> QnnMem_deRegister started


Genie:  19857.1ms [  INFO ]  <I> QnnMem_deRegister done. status 0x0


Genie:  19857.1ms [  INFO ]  <I> QnnMem_deRegister started


Genie:  19857.1ms [  INFO ]  <I> QnnMem_deRegister done. status 0x0


Genie:  19857.1ms [  INFO ]  <I> QnnMem_deRegister started


Genie:  19857.1ms [  INFO ]  <I> QnnMem_deRegister done. status 0x0


Genie:  19857.1ms [  INFO ]  <I> QnnMem_deRegister started


Genie:  19857.1ms [  INFO ]  <I> QnnMem_deRegister done. status 0x0


Genie:  19857.1ms [  INFO ]  <I> QnnMem_deRegister started


Genie:  19857.1ms [  INFO ]  <I> QnnMem_deRegister done. status 0x0


Genie:  19857.1ms [  INFO ]  <I> QnnMem_deRegister started


Genie:  19857.1ms [  INFO ]  <I> QnnMem_deRegister done. status 0x0


Genie:  19857.1ms [  INFO ]  <I> QnnMem_deRegister started


Genie:  19857.1ms [  INFO ]  <I> QnnMem_deRegister done. status 0x0


Genie:  19857.1ms [  INFO ]  <I> QnnMem_deRegister started


Genie:  19857.1ms [  INFO ]  <I> QnnMem_deRegister done. status 0x0


Genie:  19857.1ms [  INFO ]  <I> QnnMem_deRegister started


Genie:  19857.1ms [  INFO ]  <I> QnnMem_deRegister done. status 0x0


Genie:  19857.1ms [  INFO ]  <I> QnnMem_deRegister started


Genie:  19857.1ms [  INFO ]  <I> QnnMem_deRegister done. status 0x0


Genie:  19857.1ms [  INFO ]  <I> QnnMem_deRegister started


Genie:  19857.1ms [  INFO ]  <I> QnnMem_deRegister done. status 0x0


Genie:  19857.1ms [  INFO ]  <I> QnnMem_deRegister started


Genie:  19857.1ms [  INFO ]  <I> QnnMem_deRegister done. status 0x0


Genie:  19857.1ms [  INFO ]  <I> QnnMem_deRegister started


Genie:  19857.1ms [  INFO ]  <I> QnnMem_deRegister done. status 0x0


Genie:  19857.1ms [  INFO ]  <I> QnnMem_deRegister started


Genie:  19857.1ms [  INFO ]  <I> QnnMem_deRegister done. status 0x0


Genie:  19857.1ms [  INFO ]  <I> QnnMem_deRegister started


Genie:  19857.1ms [  INFO ]  <I> QnnMem_deRegister done. status 0x0


Genie:  19857.1ms [  INFO ]  <I> QnnMem_deRegister started


Genie:  19857.1ms [  INFO ]  <I> QnnMem_deRegister done. status 0x0


Genie:  19857.1ms [  INFO ]  <I> QnnMem_deRegister started


Genie:  19857.1ms [  INFO ]  <I> QnnMem_deRegister done. status 0x0


Genie:  19857.1ms [  INFO ]  <I> QnnMem_deRegister started


Genie:  19857.1ms [  INFO ]  <I> QnnMem_deRegister done. status 0x0


Genie:  19857.1ms [  INFO ]  <I> QnnMem_deRegister started


Genie:  19857.1ms [  INFO ]  <I> QnnMem_deRegister done. status 0x0


Genie:  19857.1ms [  INFO ]  <I> QnnMem_deRegister started


Genie:  19857.1ms [  INFO ]  <I> QnnMem_deRegister done. status 0x0


Genie:  19857.1ms [  INFO ]  <I> QnnMem_deRegister started


Genie:  19857.1ms [  INFO ]  <I> QnnMem_deRegister done. status 0x0


Genie:  19857.1ms [  INFO ]  <I> QnnMem_deRegister started


Genie:  19857.1ms [  INFO ]  <I> QnnMem_deRegister done. status 0x0


Genie:  19857.1ms [  INFO ]  <I> QnnMem_deRegister started


Genie:  19857.1ms [  INFO ]  <I> QnnMem_deRegister done. status 0x0


Genie:  19857.1ms [  INFO ]  <I> QnnMem_deRegister started


Genie:  19857.1ms [  INFO ]  <I> QnnMem_deRegister done. status 0x0


Genie:  19857.1ms [  INFO ]  <I> QnnMem_deRegister started


Genie:  19857.1ms [  INFO ]  <I> QnnMem_deRegister done. status 0x0


Genie:  19857.2ms [  INFO ]  <I> QnnMem_deRegister started


Genie:  19857.2ms [  INFO ]  <I> QnnMem_deRegister done. status 0x0


Genie:  19857.2ms [  INFO ]  <I> QnnMem_deRegister started


Genie:  19857.2ms [  INFO ]  <I> QnnMem_deRegister done. status 0x0


Genie:  19857.2ms [  INFO ]  <I> QnnMem_deRegister started


Genie:  19857.2ms [  INFO ]  <I> QnnMem_deRegister done. status 0x0


Genie:  19857.2ms [  INFO ]  <I> QnnMem_deRegister started


Genie:  19857.2ms [  INFO ]  <I> QnnMem_deRegister done. status 0x0


Genie:  19857.2ms [  INFO ]  <I> QnnMem_deRegister started


Genie:  19857.2ms [  INFO ]  <I> QnnMem_deRegister done. status 0x0


Genie:  19857.2ms [  INFO ]  <I> QnnMem_deRegister started


Genie:  19857.2ms [  INFO ]  <I> QnnMem_deRegister done. status 0x0


Genie:  19857.2ms [  INFO ]  <I> QnnMem_deRegister started


Genie:  19857.2ms [  INFO ]  <I> QnnMem_deRegister done. status 0x0


Genie:  19857.2ms [  INFO ]  <I> QnnMem_deRegister started


Genie:  19857.2ms [  INFO ]  <I> QnnMem_deRegister done. status 0x0


Genie:  19857.2ms [  INFO ]  <I> QnnMem_deRegister started


Genie:  19857.2ms [  INFO ]  <I> QnnMem_deRegister done. status 0x0


Genie:  19857.2ms [  INFO ]  <I> QnnMem_deRegister started


Genie:  19857.2ms [  INFO ]  <I> QnnMem_deRegister done. status 0x0


Genie:  19857.2ms [  INFO ]  <I> QnnMem_deRegister started


Genie:  19857.2ms [  INFO ]  <I> QnnMem_deRegister done. status 0x0


Genie:  19857.2ms [  INFO ]  <I> QnnMem_deRegister started


Genie:  19857.2ms [  INFO ]  <I> QnnMem_deRegister done. status 0x0


Genie:  19857.2ms [  INFO ]  <I> QnnMem_deRegister started


Genie:  19857.2ms [  INFO ]  <I> QnnMem_deRegister done. status 0x0


Genie:  19857.2ms [  INFO ]  <I> QnnMem_deRegister started


Genie:  19857.2ms [  INFO ]  <I> QnnMem_deRegister done. status 0x0


Genie:  19857.2ms [  INFO ]  <I> QnnMem_deRegister started


Genie:  19857.2ms [  INFO ]  <I> QnnMem_deRegister done. status 0x0


Genie:  19857.2ms [  INFO ]  <I> QnnMem_deRegister started


Genie:  19857.2ms [  INFO ]  <I> QnnMem_deRegister done. status 0x0


Genie:  19857.2ms [  INFO ]  <I> QnnMem_deRegister started


Genie:  19857.2ms [  INFO ]  <I> QnnMem_deRegister done. status 0x0


Genie:  19857.2ms [  INFO ]  <I> QnnMem_deRegister started


Genie:  19857.2ms [  INFO ]  <I> QnnMem_deRegister done. status 0x0


Genie:  19857.2ms [  INFO ]  <I> QnnMem_deRegister started


Genie:  19857.2ms [  INFO ]  <I> QnnMem_deRegister done. status 0x0


Genie:  19857.2ms [  INFO ]  <I> QnnMem_deRegister started


Genie:  19857.2ms [  INFO ]  <I> QnnMem_deRegister done. status 0x0


Genie:  19857.2ms [  INFO ]  <I> QnnMem_deRegister started


Genie:  19857.2ms [  INFO ]  <I> QnnMem_deRegister done. status 0x0


Genie:  19857.2ms [  INFO ]  <I> QnnMem_deRegister started


Genie:  19857.2ms [  INFO ]  <I> QnnMem_deRegister done. status 0x0


Genie:  19857.2ms [  INFO ]  <I> QnnMem_deRegister started


Genie:  19857.2ms [  INFO ]  <I> QnnMem_deRegister done. status 0x0


Genie:  19857.2ms [  INFO ]  <I> QnnMem_deRegister started


Genie:  19857.2ms [  INFO ]  <I> QnnMem_deRegister done. status 0x0


Genie:  19857.2ms [  INFO ]  <I> QnnMem_deRegister started


Genie:  19857.2ms [  INFO ]  <I> QnnMem_deRegister done. status 0x0


Genie:  19857.2ms [  INFO ]  <I> QnnMem_deRegister started


Genie:  19857.2ms [  INFO ]  <I> QnnMem_deRegister done. status 0x0


Genie:  19857.3ms [  INFO ]  <I> QnnMem_deRegister started


Genie:  19857.3ms [  INFO ]  <I> QnnMem_deRegister done. status 0x0


Genie:  19857.3ms [  INFO ]  <I> QnnMem_deRegister started


Genie:  19857.3ms [  INFO ]  <I> QnnMem_deRegister done. status 0x0


Genie:  19857.3ms [  INFO ]  <I> QnnMem_deRegister started


Genie:  19857.3ms [  INFO ]  <I> QnnMem_deRegister done. status 0x0


Genie:  19857.3ms [  INFO ]  <I> QnnMem_deRegister started


Genie:  19857.3ms [  INFO ]  <I> QnnMem_deRegister done. status 0x0


Genie:  19857.3ms [  INFO ]  <I> QnnMem_deRegister started


Genie:  19857.3ms [  INFO ]  <I> QnnMem_deRegister done. status 0x0


Genie:  19857.3ms [  INFO ]  <I> QnnMem_deRegister started


Genie:  19857.3ms [  INFO ]  <I> QnnMem_deRegister done. status 0x0


Genie:  19857.3ms [  INFO ]  <I> QnnMem_deRegister started


Genie:  19857.3ms [  INFO ]  <I> QnnMem_deRegister done. status 0x0


Genie:  19857.3ms [  INFO ]  <I> QnnMem_deRegister started


Genie:  19857.3ms [  INFO ]  <I> QnnMem_deRegister done. status 0x0


Genie:  19857.3ms [  INFO ]  <I> QnnMem_deRegister started


Genie:  19857.3ms [  INFO ]  <I> QnnMem_deRegister done. status 0x0


Genie:  19857.3ms [  INFO ]  <I> QnnMem_deRegister started


Genie:  19857.3ms [  INFO ]  <I> QnnMem_deRegister done. status 0x0


Genie:  19857.3ms [  INFO ]  <I> QnnMem_deRegister started


Genie:  19857.3ms [  INFO ]  <I> QnnMem_deRegister done. status 0x0


Genie:  19857.3ms [  INFO ]  <I> QnnMem_deRegister started


Genie:  19857.3ms [  INFO ]  <I> QnnMem_deRegister done. status 0x0


Genie:  19857.3ms [  INFO ]  <I> QnnMem_deRegister started


Genie:  19857.3ms [  INFO ]  <I> QnnMem_deRegister done. status 0x0


Genie:  19857.3ms [  INFO ]  <I> QnnMem_deRegister started


Genie:  19857.3ms [  INFO ]  <I> QnnMem_deRegister done. status 0x0


Genie:  19857.3ms [  INFO ]  <I> QnnMem_deRegister started


Genie:  19857.3ms [  INFO ]  <I> QnnMem_deRegister done. status 0x0


Genie:  19857.3ms [  INFO ]  <I> QnnMem_deRegister started


Genie:  19857.3ms [  INFO ]  <I> QnnMem_deRegister done. status 0x0


Genie:  19857.3ms [  INFO ]  <I> QnnMem_deRegister started


Genie:  19857.3ms [  INFO ]  <I> QnnMem_deRegister done. status 0x0


Genie:  19857.3ms [  INFO ]  <I> QnnMem_deRegister started


Genie:  19857.3ms [  INFO ]  <I> QnnMem_deRegister done. status 0x0


Genie:  19857.3ms [  INFO ]  <I> QnnMem_deRegister started


Genie:  19857.3ms [  INFO ]  <I> QnnMem_deRegister done. status 0x0


Genie:  19857.3ms [  INFO ]  <I> QnnMem_deRegister started


Genie:  19857.3ms [  INFO ]  <I> QnnMem_deRegister done. status 0x0


Genie:  19857.3ms [  INFO ]  <I> QnnMem_deRegister started


Genie:  19857.3ms [  INFO ]  <I> QnnMem_deRegister done. status 0x0


Genie:  19857.3ms [  INFO ]  <I> QnnMem_deRegister started


Genie:  19857.3ms [  INFO ]  <I> QnnMem_deRegister done. status 0x0


Genie:  19857.3ms [  INFO ]  <I> QnnMem_deRegister started


Genie:  19857.3ms [  INFO ]  <I> QnnMem_deRegister done. status 0x0


Genie:  19857.3ms [  INFO ]  <I> QnnMem_deRegister started


Genie:  19857.3ms [  INFO ]  <I> QnnMem_deRegister done. status 0x0


Genie:  19857.3ms [  INFO ]  <I> QnnMem_deRegister started


Genie:  19857.3ms [  INFO ]  <I> QnnMem_deRegister done. status 0x0


Genie:  19857.3ms [  INFO ]  <I> QnnMem_deRegister started


Genie:  19857.3ms [  INFO ]  <I> QnnMem_deRegister done. status 0x0


Genie:  19857.3ms [  INFO ]  <I> QnnMem_deRegister started


Genie:  19857.3ms [  INFO ]  <I> QnnMem_deRegister done. status 0x0


Genie:  19857.4ms [  INFO ]  <I> QnnMem_deRegister started


Genie:  19857.4ms [  INFO ]  <I> QnnMem_deRegister done. status 0x0


Genie:  19857.4ms [  INFO ]  <I> QnnMem_deRegister started


Genie:  19857.4ms [  INFO ]  <I> QnnMem_deRegister done. status 0x0


Genie:  19857.4ms [  INFO ]  <I> QnnMem_deRegister started


Genie:  19857.4ms [  INFO ]  <I> QnnMem_deRegister done. status 0x0


Genie:  19857.4ms [  INFO ]  <I> QnnMem_deRegister started


Genie:  19857.4ms [  INFO ]  <I> QnnMem_deRegister done. status 0x0


Genie:  19857.4ms [  INFO ]  <I> QnnMem_deRegister started


Genie:  19857.4ms [  INFO ]  <I> QnnMem_deRegister done. status 0x0


Genie:  19857.4ms [  INFO ]  <I> QnnMem_deRegister started


Genie:  19857.4ms [  INFO ]  <I> QnnMem_deRegister done. status 0x0


Genie:  19857.4ms [  INFO ]  <I> QnnMem_deRegister started


Genie:  19857.4ms [  INFO ]  <I> QnnMem_deRegister done. status 0x0


Genie:  19857.4ms [  INFO ]  <I> QnnMem_deRegister started


Genie:  19857.4ms [  INFO ]  <I> QnnMem_deRegister done. status 0x0


Genie:  19857.4ms [  INFO ]  <I> QnnMem_deRegister started


Genie:  19857.4ms [  INFO ]  <I> QnnMem_deRegister done. status 0x0


Genie:  19857.4ms [  INFO ]  <I> QnnMem_deRegister started


Genie:  19857.4ms [  INFO ]  <I> QnnMem_deRegister done. status 0x0


Genie:  19857.4ms [  INFO ]  <I> QnnMem_deRegister started


Genie:  19857.4ms [  INFO ]  <I> QnnMem_deRegister done. status 0x0


Genie:  19857.4ms [  INFO ]  <I> QnnMem_deRegister started


Genie:  19857.4ms [  INFO ]  <I> QnnMem_deRegister done. status 0x0


Genie:  19857.4ms [  INFO ]  <I> QnnMem_deRegister started


Genie:  19857.4ms [  INFO ]  <I> QnnMem_deRegister done. status 0x0


Genie:  19857.4ms [  INFO ]  <I> QnnMem_deRegister started


Genie:  19857.4ms [  INFO ]  <I> QnnMem_deRegister done. status 0x0


Genie:  19857.4ms [  INFO ]  <I> QnnMem_deRegister started


Genie:  19857.4ms [  INFO ]  <I> QnnMem_deRegister done. status 0x0


Genie:  19857.4ms [  INFO ]  <I> QnnMem_deRegister started


Genie:  19857.4ms [  INFO ]  <I> QnnMem_deRegister done. status 0x0


Genie:  19857.4ms [  INFO ]  <I> QnnMem_deRegister started


Genie:  19857.4ms [  INFO ]  <I> QnnMem_deRegister done. status 0x0


Genie:  19857.4ms [  INFO ]  <I> QnnMem_deRegister started


Genie:  19857.4ms [  INFO ]  <I> QnnMem_deRegister done. status 0x0


Genie:  19857.4ms [  INFO ]  <I> QnnMem_deRegister started


Genie:  19857.4ms [  INFO ]  <I> QnnMem_deRegister done. status 0x0


Genie:  19857.4ms [  INFO ]  <I> QnnMem_deRegister started


Genie:  19857.4ms [  INFO ]  <I> QnnMem_deRegister done. status 0x0


Genie:  19857.4ms [  INFO ]  <I> QnnMem_deRegister started


Genie:  19857.4ms [  INFO ]  <I> QnnMem_deRegister done. status 0x0


Genie:  19857.4ms [  INFO ]  <I> QnnMem_deRegister started


Genie:  19857.4ms [  INFO ]  <I> QnnMem_deRegister done. status 0x0


Genie:  19857.4ms [  INFO ]  <I> QnnMem_deRegister started


Genie:  19857.4ms [  INFO ]  <I> QnnMem_deRegister done. status 0x0


Genie:  19857.4ms [  INFO ]  <I> QnnMem_deRegister started


Genie:  19857.4ms [  INFO ]  <I> QnnMem_deRegister done. status 0x0


Genie:  19857.4ms [  INFO ]  <I> QnnMem_deRegister started


Genie:  19857.9ms [  INFO ]  <I> QnnMem_deRegister done. status 0x0


Genie:  19857.9ms [  INFO ]  <I> QnnMem_deRegister started


Genie:  19857.9ms [  INFO ]  <I> QnnMem_deRegister done. status 0x0


Genie:  19857.9ms [  INFO ]  <I> QnnMem_deRegister started


Genie:  19857.9ms [  INFO ]  <I> QnnMem_deRegister done. status 0x0


Genie:  19857.9ms [  INFO ]  <I> QnnMem_deRegister started


Genie:  19857.9ms [  INFO ]  <I> QnnMem_deRegister done. status 0x0


Genie:  19857.9ms [  INFO ]  <I> QnnMem_deRegister started


Genie:  19857.9ms [  INFO ]  <I> QnnMem_deRegister done. status 0x0


Genie:  19857.9ms [  INFO ]  <I> QnnMem_deRegister started


Genie:  19858.0ms [  INFO ]  <I> QnnMem_deRegister done. status 0x0


Genie:  19858.0ms [  INFO ]  <I> QnnMem_deRegister started


Genie:  19858.0ms [  INFO ]  <I> QnnMem_deRegister done. status 0x0


Genie:  19858.0ms [  INFO ]  <I> QnnMem_deRegister started


Genie:  19858.1ms [  INFO ]  <I> QnnMem_deRegister done. status 0x0


Genie:  19858.1ms [  INFO ]  <I> QnnMem_deRegister started


Genie:  19858.1ms [  INFO ]  <I> QnnMem_deRegister done. status 0x0


Genie:  19858.1ms [  INFO ]  <I> QnnMem_deRegister started


Genie:  19858.1ms [  INFO ]  <I> QnnMem_deRegister done. status 0x0


Genie:  19858.1ms [  INFO ]  <I> QnnMem_deRegister started


Genie:  19858.1ms [  INFO ]  <I> QnnMem_deRegister done. status 0x0


Genie:  19858.1ms [  INFO ]  <I> QnnMem_deRegister started


Genie:  19858.1ms [  INFO ]  <I> QnnMem_deRegister done. status 0x0


Genie:  19858.1ms [  INFO ]  <I> QnnMem_deRegister started


Genie:  19858.1ms [  INFO ]  <I> QnnMem_deRegister done. status 0x0


Genie:  19858.1ms [  INFO ]  <I> QnnMem_deRegister started


Genie:  19858.1ms [  INFO ]  <I> QnnMem_deRegister done. status 0x0


Genie:  19858.1ms [  INFO ]  <I> QnnMem_deRegister started


Genie:  19858.1ms [  INFO ]  <I> QnnMem_deRegister done. status 0x0


Genie:  19858.1ms [  INFO ]  <I> QnnMem_deRegister started


Genie:  19858.1ms [  INFO ]  <I> QnnMem_deRegister done. status 0x0


Genie:  19858.1ms [  INFO ]  <I> QnnMem_deRegister started


Genie:  19858.2ms [  INFO ]  <I> QnnMem_deRegister done. status 0x0


Genie:  19858.2ms [  INFO ]  <I> QnnMem_deRegister started


Genie:  19858.2ms [  INFO ]  <I> QnnMem_deRegister done. status 0x0


Genie:  19858.2ms [  INFO ]  <I> QnnMem_deRegister started


Genie:  19858.2ms [  INFO ]  <I> QnnMem_deRegister done. status 0x0


Genie:  19858.2ms [  INFO ]  <I> QnnMem_deRegister started


Genie:  19858.2ms [  INFO ]  <I> QnnMem_deRegister done. status 0x0


Genie:  19858.2ms [  INFO ]  <I> QnnMem_deRegister started


Genie:  19858.2ms [  INFO ]  <I> QnnMem_deRegister done. status 0x0


Genie:  19858.2ms [  INFO ]  <I> QnnMem_deRegister started


Genie:  19858.2ms [  INFO ]  <I> QnnMem_deRegister done. status 0x0


Genie:  19858.2ms [  INFO ]  <I> QnnMem_deRegister started


Genie:  19858.2ms [  INFO ]  <I> QnnMem_deRegister done. status 0x0


Genie:  19858.2ms [  INFO ]  <I> QnnMem_deRegister started


Genie:  19858.2ms [  INFO ]  <I> QnnMem_deRegister done. status 0x0


Genie:  19858.2ms [  INFO ]  <I> QnnMem_deRegister started


Genie:  19858.2ms [  INFO ]  <I> QnnMem_deRegister done. status 0x0


Genie:  19858.2ms [  INFO ]  <I> QnnMem_deRegister started


Genie:  19858.2ms [  INFO ]  <I> QnnMem_deRegister done. status 0x0


Genie:  19858.2ms [  INFO ]  <I> QnnMem_deRegister started


Genie:  19858.2ms [  INFO ]  <I> QnnMem_deRegister done. status 0x0


Genie:  19858.2ms [  INFO ]  <I> QnnMem_deRegister started


Genie:  19858.3ms [  INFO ]  <I> QnnMem_deRegister done. status 0x0


Genie:  19858.3ms [  INFO ]  <I> QnnMem_deRegister started


Genie:  19858.3ms [  INFO ]  <I> QnnMem_deRegister done. status 0x0


Genie:  19858.3ms [  INFO ]  <I> QnnMem_deRegister started


Genie:  19858.3ms [  INFO ]  <I> QnnMem_deRegister done. status 0x0


Genie:  19858.3ms [  INFO ]  <I> QnnMem_deRegister started


Genie:  19858.3ms [  INFO ]  <I> QnnMem_deRegister done. status 0x0


Genie:  19858.3ms [  INFO ]  <I> QnnMem_deRegister started


Genie:  19858.3ms [  INFO ]  <I> QnnMem_deRegister done. status 0x0


Genie:  19858.3ms [  INFO ]  <I> QnnMem_deRegister started


Genie:  19858.3ms [  INFO ]  <I> QnnMem_deRegister done. status 0x0


Genie:  19858.3ms [  INFO ]  <I> QnnMem_deRegister started


Genie:  19858.3ms [  INFO ]  <I> QnnMem_deRegister done. status 0x0


Genie:  19858.3ms [  INFO ]  <I> QnnMem_deRegister started


Genie:  19858.3ms [  INFO ]  <I> QnnMem_deRegister done. status 0x0


Genie:  19858.3ms [  INFO ]  <I> QnnMem_deRegister started


Genie:  19858.3ms [  INFO ]  <I> QnnMem_deRegister done. status 0x0


Genie:  19858.3ms [  INFO ]  <I> QnnMem_deRegister started


Genie:  19858.3ms [  INFO ]  <I> QnnMem_deRegister done. status 0x0


Genie:  19858.3ms [  INFO ]  <I> QnnMem_deRegister started


Genie:  19858.3ms [  INFO ]  <I> QnnMem_deRegister done. status 0x0


Genie:  19858.4ms [  INFO ]  <I> QnnMem_deRegister started


Genie:  19858.4ms [  INFO ]  <I> QnnMem_deRegister done. status 0x0


Genie:  19858.4ms [  INFO ]  <I> QnnMem_deRegister started


Genie:  19858.4ms [  INFO ]  <I> QnnMem_deRegister done. status 0x0


Genie:  19858.4ms [  INFO ]  <I> QnnMem_deRegister started


Genie:  19858.4ms [  INFO ]  <I> QnnMem_deRegister done. status 0x0


Genie:  19858.4ms [  INFO ]  <I> QnnMem_deRegister started


Genie:  19858.4ms [  INFO ]  <I> QnnMem_deRegister done. status 0x0


Genie:  19858.4ms [  INFO ]  <I> QnnMem_deRegister started


Genie:  19858.4ms [  INFO ]  <I> QnnMem_deRegister done. status 0x0


Genie:  19858.4ms [  INFO ]  <I> QnnMem_deRegister started


Genie:  19858.4ms [  INFO ]  <I> QnnMem_deRegister done. status 0x0


Genie:  19858.4ms [  INFO ]  <I> QnnMem_deRegister started


Genie:  19858.4ms [  INFO ]  <I> QnnMem_deRegister done. status 0x0


Genie:  19858.4ms [  INFO ]  <I> QnnMem_deRegister started


Genie:  19858.4ms [  INFO ]  <I> QnnMem_deRegister done. status 0x0


Genie:  19858.4ms [  INFO ]  <I> QnnMem_deRegister started


Genie:  19858.4ms [  INFO ]  <I> QnnMem_deRegister done. status 0x0


Genie:  19858.5ms [  INFO ]  <I> QnnMem_deRegister started


Genie:  19858.5ms [  INFO ]  <I> QnnMem_deRegister done. status 0x0


Genie:  19858.5ms [  INFO ]  <I> QnnMem_deRegister started


Genie:  19858.5ms [  INFO ]  <I> QnnMem_deRegister done. status 0x0


Genie:  19858.5ms [  INFO ]  <I> QnnMem_deRegister started


Genie:  19858.5ms [  INFO ]  <I> QnnMem_deRegister done. status 0x0


Genie:  19858.5ms [  INFO ]  <I> QnnMem_deRegister started


Genie:  19858.5ms [  INFO ]  <I> QnnMem_deRegister done. status 0x0


Genie:  19858.5ms [  INFO ]  <I> QnnMem_deRegister started


Genie:  19858.5ms [  INFO ]  <I> QnnMem_deRegister done. status 0x0


Genie:  19858.5ms [  INFO ]  <I> QnnMem_deRegister started


Genie:  19858.5ms [  INFO ]  <I> QnnMem_deRegister done. status 0x0


Genie:  19858.5ms [  INFO ]  <I> QnnMem_deRegister started


Genie:  19858.5ms [  INFO ]  <I> QnnMem_deRegister done. status 0x0


Genie:  19858.5ms [  INFO ]  <I> QnnMem_deRegister started


Genie:  19858.5ms [  INFO ]  <I> QnnMem_deRegister done. status 0x0


Genie:  19858.5ms [  INFO ]  <I> QnnMem_deRegister started


Genie:  19858.5ms [  INFO ]  <I> QnnMem_deRegister done. status 0x0


Genie:  19858.5ms [  INFO ]  <I> QnnMem_deRegister started


Genie:  19858.5ms [  INFO ]  <I> QnnMem_deRegister done. status 0x0


Genie:  19858.5ms [  INFO ]  <I> QnnMem_deRegister started


Genie:  19858.6ms [  INFO ]  <I> QnnMem_deRegister done. status 0x0


Genie:  19858.6ms [  INFO ]  <I> QnnMem_deRegister started


Genie:  19858.6ms [  INFO ]  <I> QnnMem_deRegister done. status 0x0


Genie:  19858.6ms [  INFO ]  <I> QnnMem_deRegister started


Genie:  19858.6ms [  INFO ]  <I> QnnMem_deRegister done. status 0x0


Genie:  19858.6ms [  INFO ]  <I> QnnMem_deRegister started


Genie:  19858.6ms [  INFO ]  <I> QnnMem_deRegister done. status 0x0


Genie:  19858.6ms [  INFO ]  <I> QnnMem_deRegister started


Genie:  19858.6ms [  INFO ]  <I> QnnMem_deRegister done. status 0x0


Genie:  19858.6ms [  INFO ]  <I> QnnMem_deRegister started


Genie:  19858.6ms [  INFO ]  <I> QnnMem_deRegister done. status 0x0


Genie:  19858.6ms [  INFO ]  <I> QnnMem_deRegister started


Genie:  19858.6ms [  INFO ]  <I> QnnMem_deRegister done. status 0x0


Genie:  19858.6ms [  INFO ]  <I> QnnMem_deRegister started


Genie:  19858.6ms [  INFO ]  <I> QnnMem_deRegister done. status 0x0


Genie:  19858.6ms [  INFO ]  <I> QnnMem_deRegister started


Genie:  19858.6ms [  INFO ]  <I> QnnMem_deRegister done. status 0x0


Genie:  19858.6ms [  INFO ]  <I> QnnMem_deRegister started


Genie:  19858.6ms [  INFO ]  <I> QnnMem_deRegister done. status 0x0


Genie:  19858.6ms [  INFO ]  <I> QnnMem_deRegister started


Genie:  19858.6ms [  INFO ]  <I> QnnMem_deRegister done. status 0x0


Genie:  19858.6ms [  INFO ]  <I> QnnMem_deRegister started


Genie:  19858.6ms [  INFO ]  <I> QnnMem_deRegister done. status 0x0


Genie:  19858.7ms [  INFO ]  <I> QnnMem_deRegister started


Genie:  19858.7ms [  INFO ]  <I> QnnMem_deRegister done. status 0x0


Genie:  19858.7ms [  INFO ]  <I> QnnMem_deRegister started


Genie:  19858.7ms [  INFO ]  <I> QnnMem_deRegister done. status 0x0


Genie:  19858.7ms [  INFO ]  <I> QnnMem_deRegister started


Genie:  19858.7ms [  INFO ]  <I> QnnMem_deRegister done. status 0x0


Genie:  19858.7ms [  INFO ]  <I> QnnMem_deRegister started


Genie:  19858.7ms [  INFO ]  <I> QnnMem_deRegister done. status 0x0


Genie:  19858.7ms [  INFO ]  <I> QnnMem_deRegister started


Genie:  19858.7ms [  INFO ]  <I> QnnMem_deRegister done. status 0x0


Genie:  19858.7ms [  INFO ]  <I> QnnMem_deRegister started


Genie:  19858.7ms [  INFO ]  <I> QnnMem_deRegister done. status 0x0


Genie:  19858.7ms [  INFO ]  <I> QnnMem_deRegister started


Genie:  19858.7ms [  INFO ]  <I> QnnMem_deRegister done. status 0x0


Genie:  19858.7ms [  INFO ]  <I> QnnMem_deRegister started


Genie:  19858.7ms [  INFO ]  <I> QnnMem_deRegister done. status 0x0


Genie:  19858.7ms [  INFO ]  <I> QnnMem_deRegister started


Genie:  19858.7ms [  INFO ]  <I> QnnMem_deRegister done. status 0x0


Genie:  19858.8ms [  INFO ]  <I> QnnMem_deRegister started


Genie:  19858.8ms [  INFO ]  <I> QnnMem_deRegister done. status 0x0


Genie:  19858.8ms [  INFO ]  <I> QnnMem_deRegister started


Genie:  19858.8ms [  INFO ]  <I> QnnMem_deRegister done. status 0x0


Genie:  19858.8ms [  INFO ]  <I> QnnMem_deRegister started


Genie:  19858.8ms [  INFO ]  <I> QnnMem_deRegister done. status 0x0


Genie:  19858.8ms [  INFO ]  <I> QnnMem_deRegister started


Genie:  19858.8ms [  INFO ]  <I> QnnMem_deRegister done. status 0x0


Genie:  19858.8ms [  INFO ]  <I> QnnMem_deRegister started


Genie:  19858.8ms [  INFO ]  <I> QnnMem_deRegister done. status 0x0


Genie:  19858.8ms [  INFO ]  <I> QnnMem_deRegister started


Genie:  19858.8ms [  INFO ]  <I> QnnMem_deRegister done. status 0x0


Genie:  19858.8ms [  INFO ]  <I> QnnMem_deRegister started


Genie:  19858.8ms [  INFO ]  <I> QnnMem_deRegister done. status 0x0


Genie:  19858.8ms [  INFO ]  <I> QnnMem_deRegister started


Genie:  19858.8ms [  INFO ]  <I> QnnMem_deRegister done. status 0x0


Genie:  19858.8ms [  INFO ]  <I> QnnMem_deRegister started


Genie:  19858.8ms [  INFO ]  <I> QnnMem_deRegister done. status 0x0


Genie:  19858.8ms [  INFO ]  <I> QnnMem_deRegister started


Genie:  19858.9ms [  INFO ]  <I> QnnMem_deRegister done. status 0x0


Genie:  19858.9ms [  INFO ]  <I> QnnMem_deRegister started


Genie:  19858.9ms [  INFO ]  <I> QnnMem_deRegister done. status 0x0


Genie:  19858.9ms [  INFO ]  <I> QnnMem_deRegister started


Genie:  19858.9ms [  INFO ]  <I> QnnMem_deRegister done. status 0x0


Genie:  19858.9ms [  INFO ]  <I> QnnMem_deRegister started


Genie:  19858.9ms [  INFO ]  <I> QnnMem_deRegister done. status 0x0


Genie:  19858.9ms [  INFO ]  <I> QnnMem_deRegister started


Genie:  19858.9ms [  INFO ]  <I> QnnMem_deRegister done. status 0x0


Genie:  19858.9ms [  INFO ]  <I> QnnMem_deRegister started


Genie:  19858.9ms [  INFO ]  <I> QnnMem_deRegister done. status 0x0


Genie:  19858.9ms [  INFO ]  <I> QnnMem_deRegister started


Genie:  19858.9ms [  INFO ]  <I> QnnMem_deRegister done. status 0x0


Genie:  19858.9ms [  INFO ]  <I> QnnMem_deRegister started


Genie:  19858.9ms [  INFO ]  <I> QnnMem_deRegister done. status 0x0


Genie:  19858.9ms [  INFO ]  <I> QnnMem_deRegister started


Genie:  19858.9ms [  INFO ]  <I> QnnMem_deRegister done. status 0x0


Genie:  19858.9ms [  INFO ]  <I> QnnMem_deRegister started


Genie:  19858.9ms [  INFO ]  <I> QnnMem_deRegister done. status 0x0


Genie:  19858.9ms [  INFO ]  <I> QnnMem_deRegister started


Genie:  19858.9ms [  INFO ]  <I> QnnMem_deRegister done. status 0x0


Genie:  19858.9ms [  INFO ]  <I> QnnMem_deRegister started


Genie:  19859.0ms [  INFO ]  <I> QnnMem_deRegister done. status 0x0


Genie:  19859.0ms [  INFO ]  <I> QnnMem_deRegister started


Genie:  19859.0ms [  INFO ]  <I> QnnMem_deRegister done. status 0x0


Genie:  19859.0ms [  INFO ]  <I> QnnMem_deRegister started


Genie:  19859.0ms [  INFO ]  <I> QnnMem_deRegister done. status 0x0


Genie:  19859.0ms [  INFO ]  <I> QnnMem_deRegister started


Genie:  19859.0ms [  INFO ]  <I> QnnMem_deRegister done. status 0x0


Genie:  19859.0ms [  INFO ]  <I> QnnMem_deRegister started


Genie:  19859.0ms [  INFO ]  <I> QnnMem_deRegister done. status 0x0


Genie:  19859.0ms [  INFO ]  <I> QnnMem_deRegister started


Genie:  19859.0ms [  INFO ]  <I> QnnMem_deRegister done. status 0x0


Genie:  19859.0ms [  INFO ]  <I> QnnMem_deRegister started


Genie:  19859.0ms [  INFO ]  <I> QnnMem_deRegister done. status 0x0


Genie:  19859.0ms [  INFO ]  <I> QnnMem_deRegister started


Genie:  19859.0ms [  INFO ]  <I> QnnMem_deRegister done. status 0x0


Genie:  19859.0ms [  INFO ]  <I> QnnMem_deRegister started


Genie:  19859.0ms [  INFO ]  <I> QnnMem_deRegister done. status 0x0


Genie:  19859.0ms [  INFO ]  <I> QnnMem_deRegister started


Genie:  19859.0ms [  INFO ]  <I> QnnMem_deRegister done. status 0x0


Genie:  19859.1ms [  INFO ]  <I> QnnMem_deRegister started


Genie:  19859.1ms [  INFO ]  <I> QnnMem_deRegister done. status 0x0


Genie:  19859.1ms [  INFO ]  <I> QnnMem_deRegister started


Genie:  19859.1ms [  INFO ]  <I> QnnMem_deRegister done. status 0x0


Genie:  19859.1ms [  INFO ]  <I> QnnMem_deRegister started


Genie:  19859.1ms [  INFO ]  <I> QnnMem_deRegister done. status 0x0


Genie:  19859.1ms [  INFO ]  <I> QnnMem_deRegister started


Genie:  19859.1ms [  INFO ]  <I> QnnMem_deRegister done. status 0x0


Genie:  19859.1ms [  INFO ]  <I> QnnMem_deRegister started


Genie:  19859.1ms [  INFO ]  <I> QnnMem_deRegister done. status 0x0


Genie:  19859.1ms [  INFO ]  <I> QnnMem_deRegister started


Genie:  19859.1ms [  INFO ]  <I> QnnMem_deRegister done. status 0x0


Genie:  19859.1ms [  INFO ]  <I> QnnMem_deRegister started


Genie:  19859.1ms [  INFO ]  <I> QnnMem_deRegister done. status 0x0


Genie:  19859.1ms [  INFO ]  <I> QnnMem_deRegister started


Genie:  19859.1ms [  INFO ]  <I> QnnMem_deRegister done. status 0x0


Genie:  19859.1ms [  INFO ]  <I> QnnMem_deRegister started


Genie:  19859.1ms [  INFO ]  <I> QnnMem_deRegister done. status 0x0


Genie:  19859.1ms [  INFO ]  <I> QnnMem_deRegister started


Genie:  19859.1ms [  INFO ]  <I> QnnMem_deRegister done. status 0x0


Genie:  19859.1ms [  INFO ]  <I> QnnMem_deRegister started


Genie:  19859.2ms [  INFO ]  <I> QnnMem_deRegister done. status 0x0


Genie:  19859.2ms [  INFO ]  <I> QnnMem_deRegister started


Genie:  19859.2ms [  INFO ]  <I> QnnMem_deRegister done. status 0x0


Genie:  19859.2ms [  INFO ]  <I> QnnMem_deRegister started


Genie:  19859.2ms [  INFO ]  <I> QnnMem_deRegister done. status 0x0


Genie:  19859.2ms [  INFO ]  <I> QnnMem_deRegister started


Genie:  19859.2ms [  INFO ]  <I> QnnMem_deRegister done. status 0x0


Genie:  19859.2ms [  INFO ]  <I> QnnMem_deRegister started


Genie:  19859.2ms [  INFO ]  <I> QnnMem_deRegister done. status 0x0


Genie:  19859.2ms [  INFO ]  <I> QnnMem_deRegister started


Genie:  19859.2ms [  INFO ]  <I> QnnMem_deRegister done. status 0x0


Genie:  19859.2ms [  INFO ]  <I> QnnMem_deRegister started


Genie:  19859.2ms [  INFO ]  <I> QnnMem_deRegister done. status 0x0


Genie:  19859.2ms [  INFO ]  <I> QnnMem_deRegister started


Genie:  19859.2ms [  INFO ]  <I> QnnMem_deRegister done. status 0x0


Genie:  19859.2ms [  INFO ]  <I> QnnMem_deRegister started


Genie:  19859.2ms [  INFO ]  <I> QnnMem_deRegister done. status 0x0


Genie:  19859.2ms [  INFO ]  <I> QnnMem_deRegister started


Genie:  19859.3ms [  INFO ]  <I> QnnMem_deRegister done. status 0x0


Genie:  19859.3ms [  INFO ]  <I> QnnMem_deRegister started


Genie:  19859.3ms [  INFO ]  <I> QnnMem_deRegister done. status 0x0


Genie:  19859.3ms [  INFO ]  <I> QnnMem_deRegister started


Genie:  19859.3ms [  INFO ]  <I> QnnMem_deRegister done. status 0x0


Genie:  19859.3ms [  INFO ]  <I> QnnMem_deRegister started


Genie:  19859.3ms [  INFO ]  <I> QnnMem_deRegister done. status 0x0


Genie:  19859.3ms [  INFO ]  <I> QnnMem_deRegister started


Genie:  19859.3ms [  INFO ]  <I> QnnMem_deRegister done. status 0x0


Genie:  19859.3ms [  INFO ]  <I> QnnMem_deRegister started


Genie:  19859.3ms [  INFO ]  <I> QnnMem_deRegister done. status 0x0


Genie:  19859.3ms [  INFO ]  <I> QnnMem_deRegister started


Genie:  19859.3ms [  INFO ]  <I> QnnMem_deRegister done. status 0x0


Genie:  19859.3ms [  INFO ]  <I> QnnMem_deRegister started


Genie:  19859.3ms [  INFO ]  <I> QnnMem_deRegister done. status 0x0


Genie:  19859.3ms [  INFO ]  <I> QnnMem_deRegister started


Genie:  19859.3ms [  INFO ]  <I> QnnMem_deRegister done. status 0x0


Genie:  19859.3ms [  INFO ]  <I> QnnMem_deRegister started


Genie:  19859.4ms [  INFO ]  <I> QnnMem_deRegister done. status 0x0


Genie:  19859.4ms [  INFO ]  <I> QnnMem_deRegister started


Genie:  19859.4ms [  INFO ]  <I> QnnMem_deRegister done. status 0x0


Genie:  19859.4ms [  INFO ]  <I> QnnMem_deRegister started


Genie:  19859.4ms [  INFO ]  <I> QnnMem_deRegister done. status 0x0


Genie:  19859.4ms [  INFO ]  <I> QnnMem_deRegister started


Genie:  19859.4ms [  INFO ]  <I> QnnMem_deRegister done. status 0x0


Genie:  19859.4ms [  INFO ]  <I> QnnMem_deRegister started


Genie:  19859.4ms [  INFO ]  <I> QnnMem_deRegister done. status 0x0


Genie:  19859.4ms [  INFO ]  <I> QnnMem_deRegister started


Genie:  19859.4ms [  INFO ]  <I> QnnMem_deRegister done. status 0x0


Genie:  19859.4ms [  INFO ]  <I> QnnMem_deRegister started


Genie:  19859.4ms [  INFO ]  <I> QnnMem_deRegister done. status 0x0


Genie:  19859.4ms [  INFO ]  <I> QnnMem_deRegister started


Genie:  19859.4ms [  INFO ]  <I> QnnMem_deRegister done. status 0x0


Genie:  19859.4ms [  INFO ]  <I> QnnMem_deRegister started


Genie:  19859.4ms [  INFO ]  <I> QnnMem_deRegister done. status 0x0


Genie:  19859.4ms [  INFO ]  <I> QnnMem_deRegister started


Genie:  19859.4ms [  INFO ]  <I> QnnMem_deRegister done. status 0x0


Genie:  19859.4ms [  INFO ]  <I> QnnMem_deRegister started


Genie:  19859.4ms [  INFO ]  <I> QnnMem_deRegister done. status 0x0


Genie:  19859.4ms [  INFO ]  <I> QnnMem_deRegister started


Genie:  19859.5ms [  INFO ]  <I> QnnMem_deRegister done. status 0x0


Genie:  19859.5ms [  INFO ]  <I> QnnMem_deRegister started


Genie:  19859.5ms [  INFO ]  <I> QnnMem_deRegister done. status 0x0


Genie:  19859.5ms [  INFO ]  <I> QnnMem_deRegister started


Genie:  19859.5ms [  INFO ]  <I> QnnMem_deRegister done. status 0x0


Genie:  19859.5ms [  INFO ]  <I> QnnMem_deRegister started


Genie:  19859.5ms [  INFO ]  <I> QnnMem_deRegister done. status 0x0


Genie:  19859.5ms [  INFO ]  <I> QnnMem_deRegister started


Genie:  19859.5ms [  INFO ]  <I> QnnMem_deRegister done. status 0x0


Genie:  19859.5ms [  INFO ]  <I> QnnMem_deRegister started


Genie:  19859.5ms [  INFO ]  <I> QnnMem_deRegister done. status 0x0


Genie:  19859.5ms [  INFO ]  <I> QnnMem_deRegister started


Genie:  19859.5ms [  INFO ]  <I> QnnMem_deRegister done. status 0x0


Genie:  19859.5ms [  INFO ]  <I> QnnMem_deRegister started


Genie:  19859.5ms [  INFO ]  <I> QnnMem_deRegister done. status 0x0


Genie:  19859.5ms [  INFO ]  <I> QnnMem_deRegister started


Genie:  19859.5ms [  INFO ]  <I> QnnMem_deRegister done. status 0x0


Genie:  19859.5ms [  INFO ]  <I> QnnMem_deRegister started


Genie:  19859.5ms [  INFO ]  <I> QnnMem_deRegister done. status 0x0


Genie:  19859.5ms [  INFO ]  <I> QnnMem_deRegister started


Genie:  19859.5ms [  INFO ]  <I> QnnMem_deRegister done. status 0x0


Genie:  19859.5ms [  INFO ]  <I> QnnMem_deRegister started


Genie:  19859.6ms [  INFO ]  <I> QnnMem_deRegister done. status 0x0


Genie:  19859.6ms [  INFO ]  <I> QnnMem_deRegister started


Genie:  19859.6ms [  INFO ]  <I> QnnMem_deRegister done. status 0x0


Genie:  19859.6ms [  INFO ]  <I> QnnMem_deRegister started


Genie:  19859.6ms [  INFO ]  <I> QnnMem_deRegister done. status 0x0


Genie:  19859.6ms [  INFO ]  <I> QnnMem_deRegister started


Genie:  19859.6ms [  INFO ]  <I> QnnMem_deRegister done. status 0x0


Genie:  19859.6ms [  INFO ]  <I> QnnMem_deRegister started


Genie:  19859.6ms [  INFO ]  <I> QnnMem_deRegister done. status 0x0


Genie:  19859.6ms [  INFO ]  <I> QnnMem_deRegister started


Genie:  19859.6ms [  INFO ]  <I> QnnMem_deRegister done. status 0x0


Genie:  19859.6ms [  INFO ]  <I> QnnMem_deRegister started


Genie:  19859.7ms [  INFO ]  <I> QnnMem_deRegister done. status 0x0


Genie:  19859.7ms [  INFO ]  <I> QnnMem_deRegister started


Genie:  19859.7ms [  INFO ]  <I> QnnMem_deRegister done. status 0x0


Genie:  19859.7ms [  INFO ]  <I> QnnMem_deRegister started


Genie:  19859.7ms [  INFO ]  <I> QnnMem_deRegister done. status 0x0


Genie:  19859.7ms [  INFO ]  <I> QnnMem_deRegister started


Genie:  19859.7ms [  INFO ]  <I> QnnMem_deRegister done. status 0x0


Genie:  19859.7ms [  INFO ]  <I> QnnMem_deRegister started


Genie:  19859.7ms [  INFO ]  <I> QnnMem_deRegister done. status 0x0


Genie:  19859.7ms [  INFO ]  <I> QnnMem_deRegister started


Genie:  19859.7ms [  INFO ]  <I> QnnMem_deRegister done. status 0x0


Genie:  19859.7ms [  INFO ]  <I> QnnMem_deRegister started


Genie:  19859.7ms [  INFO ]  <I> QnnMem_deRegister done. status 0x0


Genie:  19859.7ms [  INFO ]  <I> QnnMem_deRegister started


Genie:  19859.7ms [  INFO ]  <I> QnnMem_deRegister done. status 0x0


Genie:  19859.7ms [  INFO ]  <I> QnnMem_deRegister started


Genie:  19859.7ms [  INFO ]  <I> QnnMem_deRegister done. status 0x0


Genie:  19859.7ms [  INFO ]  <I> QnnMem_deRegister started


Genie:  19859.7ms [  INFO ]  <I> QnnMem_deRegister done. status 0x0


Genie:  19859.7ms [  INFO ]  <I> QnnMem_deRegister started


Genie:  19859.7ms [  INFO ]  <I> QnnMem_deRegister done. status 0x0


Genie:  19859.7ms [  INFO ]  <I> QnnMem_deRegister started


Genie:  19859.7ms [  INFO ]  <I> QnnMem_deRegister done. status 0x0


Genie:  19859.8ms [  INFO ]  <I> QnnMem_deRegister started


Genie:  19859.8ms [  INFO ]  <I> QnnMem_deRegister done. status 0x0


Genie:  19859.8ms [  INFO ]  <I> QnnMem_deRegister started


Genie:  19859.8ms [  INFO ]  <I> QnnMem_deRegister done. status 0x0


Genie:  19859.8ms [  INFO ]  <I> QnnMem_deRegister started


Genie:  19859.8ms [  INFO ]  <I> QnnMem_deRegister done. status 0x0


Genie:  19859.8ms [  INFO ]  <I> QnnMem_deRegister started


Genie:  19859.8ms [  INFO ]  <I> QnnMem_deRegister done. status 0x0


Genie:  19859.8ms [  INFO ]  <I> QnnMem_deRegister started


Genie:  19860.4ms [  INFO ]  <I> QnnMem_deRegister done. status 0x0


Genie:  19860.4ms [  INFO ]  <I> QnnMem_deRegister started


Genie:  19860.4ms [  INFO ]  <I> QnnMem_deRegister done. status 0x0


Genie:  19860.4ms [  INFO ]  <I> QnnMem_deRegister started


Genie:  19860.4ms [  INFO ]  <I> QnnMem_deRegister done. status 0x0


Genie:  19860.4ms [  INFO ]  <I> QnnMem_deRegister started


Genie:  19860.4ms [  INFO ]  <I> QnnMem_deRegister done. status 0x0


Genie:  19860.5ms [  INFO ]  <I> QnnMem_deRegister started


Genie:  19860.5ms [  INFO ]  <I> QnnMem_deRegister done. status 0x0


Genie:  19860.5ms [  INFO ]  <I> QnnMem_deRegister started


Genie:  19860.5ms [  INFO ]  <I> QnnMem_deRegister done. status 0x0


Genie:  19860.5ms [  INFO ]  <I> QnnMem_deRegister started


Genie:  19860.5ms [  INFO ]  <I> QnnMem_deRegister done. status 0x0


Genie:  19860.5ms [  INFO ]  <I> QnnMem_deRegister started


Genie:  19860.5ms [  INFO ]  <I> QnnMem_deRegister done. status 0x0


Genie:  19860.5ms [  INFO ]  <I> QnnMem_deRegister started


Genie:  19860.5ms [  INFO ]  <I> QnnMem_deRegister done. status 0x0


Genie:  19860.5ms [  INFO ]  <I> QnnMem_deRegister started


Genie:  19860.5ms [  INFO ]  <I> QnnMem_deRegister done. status 0x0


Genie:  19860.5ms [  INFO ]  <I> QnnMem_deRegister started


Genie:  19860.5ms [  INFO ]  <I> QnnMem_deRegister done. status 0x0


Genie:  19860.5ms [  INFO ]  <I> QnnMem_deRegister started


Genie:  19860.5ms [  INFO ]  <I> QnnMem_deRegister done. status 0x0


Genie:  19860.5ms [  INFO ]  <I> QnnMem_deRegister started


Genie:  19860.5ms [  INFO ]  <I> QnnMem_deRegister done. status 0x0


Genie:  19860.5ms [  INFO ]  <I> QnnMem_deRegister started


Genie:  19860.5ms [  INFO ]  <I> QnnMem_deRegister done. status 0x0


Genie:  19860.5ms [  INFO ]  <I> QnnMem_deRegister started


Genie:  19860.6ms [  INFO ]  <I> QnnMem_deRegister done. status 0x0


Genie:  19860.6ms [  INFO ]  <I> QnnMem_deRegister started


Genie:  19860.6ms [  INFO ]  <I> QnnMem_deRegister done. status 0x0


Genie:  19860.6ms [  INFO ]  <I> QnnMem_deRegister started


Genie:  19860.6ms [  INFO ]  <I> QnnMem_deRegister done. status 0x0


Genie:  19860.6ms [  INFO ]  <I> QnnMem_deRegister started


Genie:  19860.6ms [  INFO ]  <I> QnnMem_deRegister done. status 0x0


Genie:  19860.6ms [  INFO ]  <I> QnnMem_deRegister started


Genie:  19860.6ms [  INFO ]  <I> QnnMem_deRegister done. status 0x0


Genie:  19860.6ms [  INFO ]  <I> QnnMem_deRegister started


Genie:  19860.6ms [  INFO ]  <I> QnnMem_deRegister done. status 0x0


Genie:  19860.6ms [  INFO ]  <I> QnnMem_deRegister started


Genie:  19860.6ms [  INFO ]  <I> QnnMem_deRegister done. status 0x0


Genie:  19860.6ms [  INFO ]  <I> QnnMem_deRegister started


Genie:  19860.6ms [  INFO ]  <I> QnnMem_deRegister done. status 0x0


Genie:  19860.6ms [  INFO ]  <I> QnnMem_deRegister started


Genie:  19860.6ms [  INFO ]  <I> QnnMem_deRegister done. status 0x0


Genie:  19860.6ms [  INFO ]  <I> QnnMem_deRegister started


Genie:  19860.7ms [  INFO ]  <I> QnnMem_deRegister done. status 0x0


Genie:  19860.7ms [  INFO ]  <I> QnnMem_deRegister started


Genie:  19860.7ms [  INFO ]  <I> QnnMem_deRegister done. status 0x0


Genie:  19860.7ms [  INFO ]  <I> QnnMem_deRegister started


Genie:  19860.7ms [  INFO ]  <I> QnnMem_deRegister done. status 0x0


Genie:  19860.7ms [  INFO ]  <I> QnnMem_deRegister started


Genie:  19860.7ms [  INFO ]  <I> QnnMem_deRegister done. status 0x0


Genie:  19860.7ms [  INFO ]  <I> QnnMem_deRegister started


Genie:  19860.7ms [  INFO ]  <I> QnnMem_deRegister done. status 0x0


Genie:  19860.7ms [  INFO ]  <I> QnnMem_deRegister started


Genie:  19860.7ms [  INFO ]  <I> QnnMem_deRegister done. status 0x0


Genie:  19860.7ms [  INFO ]  <I> QnnMem_deRegister started


Genie:  19860.7ms [  INFO ]  <I> QnnMem_deRegister done. status 0x0


Genie:  19860.7ms [  INFO ]  <I> QnnMem_deRegister started


Genie:  19860.7ms [  INFO ]  <I> QnnMem_deRegister done. status 0x0


Genie:  19860.7ms [  INFO ]  <I> QnnMem_deRegister started


Genie:  19860.7ms [  INFO ]  <I> QnnMem_deRegister done. status 0x0


Genie:  19860.7ms [  INFO ]  <I> QnnMem_deRegister started


Genie:  19860.7ms [  INFO ]  <I> QnnMem_deRegister done. status 0x0


Genie:  19860.7ms [  INFO ]  <I> QnnMem_deRegister started


Genie:  19860.7ms [  INFO ]  <I> QnnMem_deRegister done. status 0x0


Genie:  19860.7ms [  INFO ]  <I> QnnMem_deRegister started


Genie:  19860.7ms [  INFO ]  <I> QnnMem_deRegister done. status 0x0


Genie:  19860.7ms [  INFO ]  <I> QnnMem_deRegister started


Genie:  19860.7ms [  INFO ]  <I> QnnMem_deRegister done. status 0x0


Genie:  19860.7ms [  INFO ]  <I> QnnMem_deRegister started


Genie:  19860.7ms [  INFO ]  <I> QnnMem_deRegister done. status 0x0


Genie:  19860.7ms [  INFO ]  <I> QnnMem_deRegister started


Genie:  19860.7ms [  INFO ]  <I> QnnMem_deRegister done. status 0x0


Genie:  19860.7ms [  INFO ]  <I> QnnMem_deRegister started


Genie:  19860.7ms [  INFO ]  <I> QnnMem_deRegister done. status 0x0


Genie:  19860.7ms [  INFO ]  <I> QnnMem_deRegister started


Genie:  19860.7ms [  INFO ]  <I> QnnMem_deRegister done. status 0x0


Genie:  19860.7ms [  INFO ]  <I> QnnMem_deRegister started


Genie:  19860.7ms [  INFO ]  <I> QnnMem_deRegister done. status 0x0


Genie:  19860.7ms [  INFO ]  <I> QnnMem_deRegister started


Genie:  19860.7ms [  INFO ]  <I> QnnMem_deRegister done. status 0x0


Genie:  19860.7ms [  INFO ]  <I> QnnMem_deRegister started


Genie:  19860.7ms [  INFO ]  <I> QnnMem_deRegister done. status 0x0


Genie:  19860.7ms [  INFO ]  <I> QnnMem_deRegister started


Genie:  19860.7ms [  INFO ]  <I> QnnMem_deRegister done. status 0x0


Genie:  19860.7ms [  INFO ]  <I> QnnMem_deRegister started


Genie:  19860.7ms [  INFO ]  <I> QnnMem_deRegister done. status 0x0


Genie:  19860.7ms [  INFO ]  <I> QnnMem_deRegister started


Genie:  19860.8ms [  INFO ]  <I> QnnMem_deRegister done. status 0x0


Genie:  19860.8ms [  INFO ]  <I> QnnMem_deRegister started


Genie:  19860.8ms [  INFO ]  <I> QnnMem_deRegister done. status 0x0


Genie:  19860.8ms [  INFO ]  <I> QnnMem_deRegister started


Genie:  19860.8ms [  INFO ]  <I> QnnMem_deRegister done. status 0x0


Genie:  19860.8ms [  INFO ]  <I> QnnMem_deRegister started


Genie:  19860.8ms [  INFO ]  <I> QnnMem_deRegister done. status 0x0


Genie:  19860.8ms [  INFO ]  <I> QnnMem_deRegister started


Genie:  19860.8ms [  INFO ]  <I> QnnMem_deRegister done. status 0x0


Genie:  19860.8ms [  INFO ]  <I> QnnMem_deRegister started


Genie:  19860.8ms [  INFO ]  <I> QnnMem_deRegister done. status 0x0


Genie:  19860.8ms [  INFO ]  <I> QnnMem_deRegister started


Genie:  19860.8ms [  INFO ]  <I> QnnMem_deRegister done. status 0x0


Genie:  19860.8ms [  INFO ]  <I> QnnMem_deRegister started


Genie:  19860.8ms [  INFO ]  <I> QnnMem_deRegister done. status 0x0


Genie:  19860.8ms [  INFO ]  <I> QnnMem_deRegister started


Genie:  19860.8ms [  INFO ]  <I> QnnMem_deRegister done. status 0x0


Genie:  19860.8ms [  INFO ]  <I> QnnMem_deRegister started


Genie:  19860.8ms [  INFO ]  <I> QnnMem_deRegister done. status 0x0


Genie:  19860.8ms [  INFO ]  <I> QnnMem_deRegister started


Genie:  19860.8ms [  INFO ]  <I> QnnMem_deRegister done. status 0x0


Genie:  19860.8ms [  INFO ]  <I> QnnMem_deRegister started


Genie:  19860.8ms [  INFO ]  <I> QnnMem_deRegister done. status 0x0


Genie:  19860.8ms [  INFO ]  <I> QnnMem_deRegister started


Genie:  19860.8ms [  INFO ]  <I> QnnMem_deRegister done. status 0x0


Genie:  19860.8ms [  INFO ]  <I> QnnMem_deRegister started


Genie:  19860.8ms [  INFO ]  <I> QnnMem_deRegister done. status 0x0


Genie:  19860.8ms [  INFO ]  <I> QnnMem_deRegister started


Genie:  19860.8ms [  INFO ]  <I> QnnMem_deRegister done. status 0x0


Genie:  19860.8ms [  INFO ]  <I> QnnMem_deRegister started


Genie:  19860.8ms [  INFO ]  <I> QnnMem_deRegister done. status 0x0


Genie:  19860.8ms [  INFO ]  <I> QnnMem_deRegister started


Genie:  19860.8ms [  INFO ]  <I> QnnMem_deRegister done. status 0x0


Genie:  19860.8ms [  INFO ]  <I> QnnMem_deRegister started


Genie:  19860.9ms [  INFO ]  <I> QnnMem_deRegister done. status 0x0


Genie:  19860.9ms [  INFO ]  <I> QnnMem_deRegister started


Genie:  19860.9ms [  INFO ]  <I> QnnMem_deRegister done. status 0x0


Genie:  19860.9ms [  INFO ]  <I> QnnMem_deRegister started


Genie:  19860.9ms [  INFO ]  <I> QnnMem_deRegister done. status 0x0


Genie:  19860.9ms [  INFO ]  <I> QnnMem_deRegister started


Genie:  19860.9ms [  INFO ]  <I> QnnMem_deRegister done. status 0x0


Genie:  19860.9ms [  INFO ]  <I> QnnMem_deRegister started


Genie:  19860.9ms [  INFO ]  <I> QnnMem_deRegister done. status 0x0


Genie:  19860.9ms [  INFO ]  <I> QnnMem_deRegister started


Genie:  19860.9ms [  INFO ]  <I> QnnMem_deRegister done. status 0x0


Genie:  19860.9ms [  INFO ]  <I> QnnMem_deRegister started


Genie:  19860.9ms [  INFO ]  <I> QnnMem_deRegister done. status 0x0


Genie:  19860.9ms [  INFO ]  <I> QnnMem_deRegister started


Genie:  19860.9ms [  INFO ]  <I> QnnMem_deRegister done. status 0x0


Genie:  19860.9ms [  INFO ]  <I> QnnMem_deRegister started


Genie:  19860.9ms [  INFO ]  <I> QnnMem_deRegister done. status 0x0


Genie:  19860.9ms [  INFO ]  <I> QnnMem_deRegister started


Genie:  19860.9ms [  INFO ]  <I> QnnMem_deRegister done. status 0x0


Genie:  19860.9ms [  INFO ]  <I> QnnMem_deRegister started


Genie:  19860.9ms [  INFO ]  <I> QnnMem_deRegister done. status 0x0


Genie:  19860.9ms [  INFO ]  <I> QnnMem_deRegister started


Genie:  19860.9ms [  INFO ]  <I> QnnMem_deRegister done. status 0x0


Genie:  19861.0ms [  INFO ]  <I> QnnMem_deRegister started


Genie:  19861.0ms [  INFO ]  <I> QnnMem_deRegister done. status 0x0


Genie:  19861.0ms [  INFO ]  <I> QnnMem_deRegister started


Genie:  19861.0ms [  INFO ]  <I> QnnMem_deRegister done. status 0x0


Genie:  19861.0ms [  INFO ]  <I> QnnMem_deRegister started


Genie:  19861.0ms [  INFO ]  <I> QnnMem_deRegister done. status 0x0


Genie:  19861.0ms [  INFO ]  <I> QnnMem_deRegister started


Genie:  19861.0ms [  INFO ]  <I> QnnMem_deRegister done. status 0x0


Genie:  19861.0ms [  INFO ]  <I> QnnMem_deRegister started


Genie:  19861.0ms [  INFO ]  <I> QnnMem_deRegister done. status 0x0


Genie:  19861.0ms [  INFO ]  <I> QnnMem_deRegister started


Genie:  19861.0ms [  INFO ]  <I> QnnMem_deRegister done. status 0x0


Genie:  19861.0ms [  INFO ]  <I> QnnMem_deRegister started


Genie:  19861.0ms [  INFO ]  <I> QnnMem_deRegister done. status 0x0


Genie:  19861.0ms [  INFO ]  <I> QnnMem_deRegister started


Genie:  19861.0ms [  INFO ]  <I> QnnMem_deRegister done. status 0x0


Genie:  19861.0ms [  INFO ]  <I> QnnMem_deRegister started


Genie:  19861.1ms [  INFO ]  <I> QnnMem_deRegister done. status 0x0


Genie:  19861.1ms [  INFO ]  <I> QnnMem_deRegister started


Genie:  19861.1ms [  INFO ]  <I> QnnMem_deRegister done. status 0x0


Genie:  19861.1ms [  INFO ]  <I> QnnMem_deRegister started


Genie:  19861.1ms [  INFO ]  <I> QnnMem_deRegister done. status 0x0


Genie:  19861.1ms [  INFO ]  <I> QnnMem_deRegister started


Genie:  19861.1ms [  INFO ]  <I> QnnMem_deRegister done. status 0x0


Genie:  19861.1ms [  INFO ]  <I> QnnMem_deRegister started


Genie:  19861.1ms [  INFO ]  <I> QnnMem_deRegister done. status 0x0


Genie:  19861.1ms [  INFO ]  <I> QnnMem_deRegister started


Genie:  19861.1ms [  INFO ]  <I> QnnMem_deRegister done. status 0x0


Genie:  19861.1ms [  INFO ]  <I> QnnMem_deRegister started


Genie:  19861.1ms [  INFO ]  <I> QnnMem_deRegister done. status 0x0


Genie:  19861.1ms [  INFO ]  <I> QnnMem_deRegister started


Genie:  19861.1ms [  INFO ]  <I> QnnMem_deRegister done. status 0x0


Genie:  19861.1ms [  INFO ]  <I> QnnMem_deRegister started


Genie:  19861.1ms [  INFO ]  <I> QnnMem_deRegister done. status 0x0


Genie:  19861.1ms [  INFO ]  <I> QnnMem_deRegister started


Genie:  19861.1ms [  INFO ]  <I> QnnMem_deRegister done. status 0x0


Genie:  19861.1ms [  INFO ]  <I> QnnMem_deRegister started


Genie:  19861.1ms [  INFO ]  <I> QnnMem_deRegister done. status 0x0


Genie:  19861.1ms [  INFO ]  <I> QnnMem_deRegister started


Genie:  19861.1ms [  INFO ]  <I> QnnMem_deRegister done. status 0x0


Genie:  19861.2ms [  INFO ]  <I> QnnMem_deRegister started


Genie:  19861.2ms [  INFO ]  <I> QnnMem_deRegister done. status 0x0


Genie:  19861.2ms [  INFO ]  <I> QnnMem_deRegister started


Genie:  19861.2ms [  INFO ]  <I> QnnMem_deRegister done. status 0x0


Genie:  19861.2ms [  INFO ]  <I> QnnMem_deRegister started


Genie:  19861.2ms [  INFO ]  <I> QnnMem_deRegister done. status 0x0


Genie:  19861.2ms [  INFO ]  <I> QnnMem_deRegister started


Genie:  19861.2ms [  INFO ]  <I> QnnMem_deRegister done. status 0x0


Genie:  19861.2ms [  INFO ]  <I> QnnMem_deRegister started


Genie:  19861.2ms [  INFO ]  <I> QnnMem_deRegister done. status 0x0


Genie:  19861.2ms [  INFO ]  <I> QnnMem_deRegister started


Genie:  19861.2ms [  INFO ]  <I> QnnMem_deRegister done. status 0x0


Genie:  19861.2ms [  INFO ]  <I> QnnMem_deRegister started


Genie:  19861.2ms [  INFO ]  <I> QnnMem_deRegister done. status 0x0


Genie:  19861.2ms [  INFO ]  <I> QnnMem_deRegister started


Genie:  19861.2ms [  INFO ]  <I> QnnMem_deRegister done. status 0x0


Genie:  19861.2ms [  INFO ]  <I> QnnMem_deRegister started


Genie:  19861.2ms [  INFO ]  <I> QnnMem_deRegister done. status 0x0


Genie:  19861.2ms [  INFO ]  <I> QnnMem_deRegister started


Genie:  19861.2ms [  INFO ]  <I> QnnMem_deRegister done. status 0x0


Genie:  19861.2ms [  INFO ]  <I> QnnMem_deRegister started


Genie:  19861.2ms [  INFO ]  <I> QnnMem_deRegister done. status 0x0


Genie:  19861.2ms [  INFO ]  <I> QnnMem_deRegister started


Genie:  19861.2ms [  INFO ]  <I> QnnMem_deRegister done. status 0x0


Genie:  19861.3ms [  INFO ]  <I> QnnMem_deRegister started


Genie:  19861.3ms [  INFO ]  <I> QnnMem_deRegister done. status 0x0


Genie:  19861.3ms [  INFO ]  <I> QnnMem_deRegister started


Genie:  19861.3ms [  INFO ]  <I> QnnMem_deRegister done. status 0x0


Genie:  19861.3ms [  INFO ]  <I> QnnMem_deRegister started


Genie:  19861.3ms [  INFO ]  <I> QnnMem_deRegister done. status 0x0


Genie:  19861.3ms [  INFO ]  <I> QnnMem_deRegister started


Genie:  19861.3ms [  INFO ]  <I> QnnMem_deRegister done. status 0x0


Genie:  19861.3ms [  INFO ]  <I> QnnMem_deRegister started


Genie:  19861.3ms [  INFO ]  <I> QnnMem_deRegister done. status 0x0


Genie:  19861.3ms [  INFO ]  <I> QnnMem_deRegister started


Genie:  19861.3ms [  INFO ]  <I> QnnMem_deRegister done. status 0x0


Genie:  19861.3ms [  INFO ]  <I> QnnMem_deRegister started


Genie:  19861.3ms [  INFO ]  <I> QnnMem_deRegister done. status 0x0


Genie:  19861.3ms [  INFO ]  <I> QnnMem_deRegister started


Genie:  19861.3ms [  INFO ]  <I> QnnMem_deRegister done. status 0x0


Genie:  19861.3ms [  INFO ]  <I> QnnMem_deRegister started


Genie:  19861.3ms [  INFO ]  <I> QnnMem_deRegister done. status 0x0


Genie:  19861.3ms [  INFO ]  <I> QnnMem_deRegister started


Genie:  19861.3ms [  INFO ]  <I> QnnMem_deRegister done. status 0x0


Genie:  19861.3ms [  INFO ]  <I> QnnMem_deRegister started


Genie:  19861.4ms [  INFO ]  <I> QnnMem_deRegister done. status 0x0


Genie:  19861.4ms [  INFO ]  <I> QnnMem_deRegister started


Genie:  19861.4ms [  INFO ]  <I> QnnMem_deRegister done. status 0x0


Genie:  19861.4ms [  INFO ]  <I> QnnMem_deRegister started


Genie:  19861.4ms [  INFO ]  <I> QnnMem_deRegister done. status 0x0


Genie:  19861.4ms [  INFO ]  <I> QnnMem_deRegister started


Genie:  19861.4ms [  INFO ]  <I> QnnMem_deRegister done. status 0x0


Genie:  19861.4ms [  INFO ]  <I> QnnMem_deRegister started


Genie:  19861.4ms [  INFO ]  <I> QnnMem_deRegister done. status 0x0


Genie:  19861.4ms [  INFO ]  <I> QnnMem_deRegister started


Genie:  19861.4ms [  INFO ]  <I> QnnMem_deRegister done. status 0x0


Genie:  19861.4ms [  INFO ]  <I> QnnMem_deRegister started


Genie:  19861.4ms [  INFO ]  <I> QnnMem_deRegister done. status 0x0


Genie:  19861.4ms [  INFO ]  <I> QnnMem_deRegister started


Genie:  19861.4ms [  INFO ]  <I> QnnMem_deRegister done. status 0x0


Genie:  19861.4ms [  INFO ]  <I> QnnMem_deRegister started


Genie:  19861.4ms [  INFO ]  <I> QnnMem_deRegister done. status 0x0


Genie:  19861.4ms [  INFO ]  <I> QnnMem_deRegister started


Genie:  19861.4ms [  INFO ]  <I> QnnMem_deRegister done. status 0x0


Genie:  19861.4ms [  INFO ]  <I> QnnMem_deRegister started


Genie:  19861.4ms [  INFO ]  <I> QnnMem_deRegister done. status 0x0


Genie:  19861.5ms [  INFO ]  <I> QnnMem_deRegister started


Genie:  19861.5ms [  INFO ]  <I> QnnMem_deRegister done. status 0x0


Genie:  19861.5ms [  INFO ]  <I> QnnMem_deRegister started


Genie:  19861.5ms [  INFO ]  <I> QnnMem_deRegister done. status 0x0


Genie:  19861.5ms [  INFO ]  <I> QnnMem_deRegister started


Genie:  19861.5ms [  INFO ]  <I> QnnMem_deRegister done. status 0x0


Genie:  19861.5ms [  INFO ]  <I> QnnMem_deRegister started


Genie:  19861.5ms [  INFO ]  <I> QnnMem_deRegister done. status 0x0


Genie:  19861.5ms [  INFO ]  <I> QnnMem_deRegister started


Genie:  19861.5ms [  INFO ]  <I> QnnMem_deRegister done. status 0x0


Genie:  19861.5ms [  INFO ]  <I> QnnMem_deRegister started


Genie:  19861.5ms [  INFO ]  <I> QnnMem_deRegister done. status 0x0


Genie:  19861.5ms [  INFO ]  <I> QnnMem_deRegister started


Genie:  19861.5ms [  INFO ]  <I> QnnMem_deRegister done. status 0x0


Genie:  19861.5ms [  INFO ]  <I> QnnMem_deRegister started


Genie:  19861.5ms [  INFO ]  <I> QnnMem_deRegister done. status 0x0


Genie:  19861.5ms [  INFO ]  <I> QnnMem_deRegister started


Genie:  19861.5ms [  INFO ]  <I> QnnMem_deRegister done. status 0x0


Genie:  19861.5ms [  INFO ]  <I> QnnMem_deRegister started


Genie:  19861.5ms [  INFO ]  <I> QnnMem_deRegister done. status 0x0


Genie:  19861.5ms [  INFO ]  <I> QnnMem_deRegister started


Genie:  19861.5ms [  INFO ]  <I> QnnMem_deRegister done. status 0x0


Genie:  19861.5ms [  INFO ]  <I> QnnMem_deRegister started


Genie:  19861.5ms [  INFO ]  <I> QnnMem_deRegister done. status 0x0


Genie:  19861.5ms [  INFO ]  <I> QnnMem_deRegister started


Genie:  19861.5ms [  INFO ]  <I> QnnMem_deRegister done. status 0x0


Genie:  19861.5ms [  INFO ]  <I> QnnMem_deRegister started


Genie:  19861.5ms [  INFO ]  <I> QnnMem_deRegister done. status 0x0


Genie:  19861.5ms [  INFO ]  <I> QnnMem_deRegister started


Genie:  19861.5ms [  INFO ]  <I> QnnMem_deRegister done. status 0x0


Genie:  19861.5ms [  INFO ]  <I> QnnMem_deRegister started


Genie:  19861.5ms [  INFO ]  <I> QnnMem_deRegister done. status 0x0


Genie:  19861.5ms [  INFO ]  <I> QnnMem_deRegister started


Genie:  19861.5ms [  INFO ]  <I> QnnMem_deRegister done. status 0x0


Genie:  19861.5ms [  INFO ]  <I> QnnMem_deRegister started


Genie:  19861.5ms [  INFO ]  <I> QnnMem_deRegister done. status 0x0


Genie:  19861.5ms [  INFO ]  <I> QnnMem_deRegister started


Genie:  19861.5ms [  INFO ]  <I> QnnMem_deRegister done. status 0x0


Genie:  19861.5ms [  INFO ]  <I> QnnMem_deRegister started


Genie:  19861.5ms [  INFO ]  <I> QnnMem_deRegister done. status 0x0


Genie:  19861.5ms [  INFO ]  <I> QnnMem_deRegister started


Genie:  19861.5ms [  INFO ]  <I> QnnMem_deRegister done. status 0x0


Genie:  19861.5ms [  INFO ]  <I> QnnMem_deRegister started


Genie:  19861.5ms [  INFO ]  <I> QnnMem_deRegister done. status 0x0


Genie:  19861.5ms [  INFO ]  <I> QnnMem_deRegister started


Genie:  19861.5ms [  INFO ]  <I> QnnMem_deRegister done. status 0x0


Genie:  19861.5ms [  INFO ]  <I> QnnMem_deRegister started


Genie:  19861.5ms [  INFO ]  <I> QnnMem_deRegister done. status 0x0


Genie:  19861.5ms [  INFO ]  <I> QnnMem_deRegister started


Genie:  19861.6ms [  INFO ]  <I> QnnMem_deRegister done. status 0x0


Genie:  19861.6ms [  INFO ]  <I> QnnMem_deRegister started


Genie:  19861.6ms [  INFO ]  <I> QnnMem_deRegister done. status 0x0


Genie:  19861.6ms [  INFO ]  <I> QnnMem_deRegister started


Genie:  19861.6ms [  INFO ]  <I> QnnMem_deRegister done. status 0x0


Genie:  19861.6ms [  INFO ]  <I> QnnMem_deRegister started


Genie:  19861.6ms [  INFO ]  <I> QnnMem_deRegister done. status 0x0


Genie:  19861.6ms [  INFO ]  <I> QnnMem_deRegister started


Genie:  19861.6ms [  INFO ]  <I> QnnMem_deRegister done. status 0x0


Genie:  19861.6ms [  INFO ]  <I> QnnMem_deRegister started


Genie:  19861.6ms [  INFO ]  <I> QnnMem_deRegister done. status 0x0


Genie:  19861.6ms [  INFO ]  <I> QnnMem_deRegister started


Genie:  19861.6ms [  INFO ]  <I> QnnMem_deRegister done. status 0x0


Genie:  19861.6ms [  INFO ]  <I> QnnMem_deRegister started


Genie:  19861.6ms [  INFO ]  <I> QnnMem_deRegister done. status 0x0


Genie:  19861.6ms [  INFO ]  <I> QnnMem_deRegister started


Genie:  19861.6ms [  INFO ]  <I> QnnMem_deRegister done. status 0x0


Genie:  19861.6ms [  INFO ]  <I> QnnMem_deRegister started


Genie:  19861.6ms [  INFO ]  <I> QnnMem_deRegister done. status 0x0


Genie:  19861.6ms [  INFO ]  <I> QnnMem_deRegister started


Genie:  19861.6ms [  INFO ]  <I> QnnMem_deRegister done. status 0x0


Genie:  19861.6ms [  INFO ]  <I> QnnMem_deRegister started


Genie:  19861.6ms [  INFO ]  <I> QnnMem_deRegister done. status 0x0


Genie:  19861.6ms [  INFO ]  <I> QnnMem_deRegister started


Genie:  19861.7ms [  INFO ]  <I> QnnMem_deRegister done. status 0x0


Genie:  19861.7ms [  INFO ]  <I> QnnMem_deRegister started


Genie:  19861.7ms [  INFO ]  <I> QnnMem_deRegister done. status 0x0


Genie:  19861.7ms [  INFO ]  <I> QnnMem_deRegister started


Genie:  19861.7ms [  INFO ]  <I> QnnMem_deRegister done. status 0x0


Genie:  19861.7ms [  INFO ]  <I> QnnMem_deRegister started


Genie:  19861.7ms [  INFO ]  <I> QnnMem_deRegister done. status 0x0


Genie:  19861.7ms [  INFO ]  <I> QnnMem_deRegister started


Genie:  19861.7ms [  INFO ]  <I> QnnMem_deRegister done. status 0x0


Genie:  19861.7ms [  INFO ]  <I> QnnMem_deRegister started


Genie:  19861.7ms [  INFO ]  <I> QnnMem_deRegister done. status 0x0


Genie:  19861.7ms [  INFO ]  <I> QnnMem_deRegister started


Genie:  19861.7ms [  INFO ]  <I> QnnMem_deRegister done. status 0x0


Genie:  19861.7ms [  INFO ]  <I> QnnMem_deRegister started


Genie:  19861.7ms [  INFO ]  <I> QnnMem_deRegister done. status 0x0


Genie:  19861.7ms [  INFO ]  <I> QnnMem_deRegister started


Genie:  19861.7ms [  INFO ]  <I> QnnMem_deRegister done. status 0x0


Genie:  19861.7ms [  INFO ]  <I> QnnMem_deRegister started


Genie:  19861.7ms [  INFO ]  <I> QnnMem_deRegister done. status 0x0


Genie:  19861.7ms [  INFO ]  <I> QnnMem_deRegister started


Genie:  19861.8ms [  INFO ]  <I> QnnMem_deRegister done. status 0x0


Genie:  19861.8ms [  INFO ]  <I> QnnMem_deRegister started


Genie:  19861.8ms [  INFO ]  <I> QnnMem_deRegister done. status 0x0


Genie:  19861.8ms [  INFO ]  <I> QnnMem_deRegister started


Genie:  19861.8ms [  INFO ]  <I> QnnMem_deRegister done. status 0x0


Genie:  19861.8ms [  INFO ]  <I> QnnMem_deRegister started


Genie:  19861.8ms [  INFO ]  <I> QnnMem_deRegister done. status 0x0


Genie:  19861.8ms [  INFO ]  <I> QnnMem_deRegister started


Genie:  19861.8ms [  INFO ]  <I> QnnMem_deRegister done. status 0x0


Genie:  19861.8ms [  INFO ]  <I> QnnMem_deRegister started


Genie:  19862.2ms [  INFO ]  <I> QnnMem_deRegister done. status 0x0


Genie:  19862.2ms [  INFO ]  <I> QnnMem_deRegister started


Genie:  19862.2ms [  INFO ]  <I> QnnMem_deRegister done. status 0x0


Genie:  19862.2ms [  INFO ]  <I> QnnMem_deRegister started


Genie:  19862.2ms [  INFO ]  <I> QnnMem_deRegister done. status 0x0


Genie:  19862.2ms [  INFO ]  <I> QnnMem_deRegister started


Genie:  19862.2ms [  INFO ]  <I> QnnMem_deRegister done. status 0x0


Genie:  19862.2ms [  INFO ]  <I> QnnMem_deRegister started


Genie:  19862.2ms [  INFO ]  <I> QnnMem_deRegister done. status 0x0


Genie:  19862.2ms [  INFO ]  <I> QnnMem_deRegister started


Genie:  19862.2ms [  INFO ]  <I> QnnMem_deRegister done. status 0x0


Genie:  19862.2ms [  INFO ]  <I> QnnMem_deRegister started


Genie:  19862.2ms [  INFO ]  <I> QnnMem_deRegister done. status 0x0


Genie:  19862.2ms [  INFO ]  <I> QnnMem_deRegister started


Genie:  19862.2ms [  INFO ]  <I> QnnMem_deRegister done. status 0x0


Genie:  19862.2ms [  INFO ]  <I> QnnMem_deRegister started


Genie:  19862.2ms [  INFO ]  <I> QnnMem_deRegister done. status 0x0


Genie:  19862.2ms [  INFO ]  <I> QnnMem_deRegister started


Genie:  19862.2ms [  INFO ]  <I> QnnMem_deRegister done. status 0x0


Genie:  19862.2ms [  INFO ]  <I> QnnMem_deRegister started


Genie:  19862.2ms [  INFO ]  <I> QnnMem_deRegister done. status 0x0


Genie:  19862.2ms [  INFO ]  <I> QnnMem_deRegister started


Genie:  19862.2ms [  INFO ]  <I> QnnMem_deRegister done. status 0x0


Genie:  19862.2ms [  INFO ]  <I> QnnMem_deRegister started


Genie:  19862.2ms [  INFO ]  <I> QnnMem_deRegister done. status 0x0


Genie:  19862.2ms [  INFO ]  <I> QnnMem_deRegister started


Genie:  19862.2ms [  INFO ]  <I> QnnMem_deRegister done. status 0x0


Genie:  19862.3ms [  INFO ]  <I> QnnMem_deRegister started


Genie:  19862.3ms [  INFO ]  <I> QnnMem_deRegister done. status 0x0


Genie:  19862.3ms [  INFO ]  <I> QnnMem_deRegister started


Genie:  19862.3ms [  INFO ]  <I> QnnMem_deRegister done. status 0x0


Genie:  19862.3ms [  INFO ]  <I> QnnMem_deRegister started


Genie:  19862.3ms [  INFO ]  <I> QnnMem_deRegister done. status 0x0


Genie:  19862.3ms [  INFO ]  <I> QnnMem_deRegister started


Genie:  19862.3ms [  INFO ]  <I> QnnMem_deRegister done. status 0x0


Genie:  19862.3ms [  INFO ]  <I> QnnMem_deRegister started


Genie:  19862.3ms [  INFO ]  <I> QnnMem_deRegister done. status 0x0


Genie:  19862.3ms [  INFO ]  <I> QnnMem_deRegister started


Genie:  19862.3ms [  INFO ]  <I> QnnMem_deRegister done. status 0x0


Genie:  19862.3ms [  INFO ]  <I> QnnMem_deRegister started


Genie:  19862.3ms [  INFO ]  <I> QnnMem_deRegister done. status 0x0


Genie:  19862.3ms [  INFO ]  <I> QnnMem_deRegister started


Genie:  19862.3ms [  INFO ]  <I> QnnMem_deRegister done. status 0x0


Genie:  19862.3ms [  INFO ]  <I> QnnMem_deRegister started


Genie:  19862.3ms [  INFO ]  <I> QnnMem_deRegister done. status 0x0


Genie:  19862.3ms [  INFO ]  <I> QnnMem_deRegister started


Genie:  19862.3ms [  INFO ]  <I> QnnMem_deRegister done. status 0x0


Genie:  19862.3ms [  INFO ]  <I> QnnMem_deRegister started


Genie:  19862.3ms [  INFO ]  <I> QnnMem_deRegister done. status 0x0


Genie:  19862.3ms [  INFO ]  <I> QnnMem_deRegister started


Genie:  19862.3ms [  INFO ]  <I> QnnMem_deRegister done. status 0x0


Genie:  19862.3ms [  INFO ]  <I> QnnMem_deRegister started


Genie:  19862.3ms [  INFO ]  <I> QnnMem_deRegister done. status 0x0


Genie:  19862.3ms [  INFO ]  <I> QnnMem_deRegister started


Genie:  19862.3ms [  INFO ]  <I> QnnMem_deRegister done. status 0x0


Genie:  19862.3ms [  INFO ]  <I> QnnMem_deRegister started


Genie:  19862.3ms [  INFO ]  <I> QnnMem_deRegister done. status 0x0


Genie:  19862.3ms [  INFO ]  <I> QnnMem_deRegister started


Genie:  19862.8ms [  INFO ]  <I> QnnMem_deRegister done. status 0x0


Genie:  19862.8ms [  INFO ]  <I> QnnMem_deRegister started


Genie:  19862.8ms [  INFO ]  <I> QnnMem_deRegister done. status 0x0


Genie:  19862.8ms [  INFO ]  <I> QnnMem_deRegister started


Genie:  19862.8ms [  INFO ]  <I> QnnMem_deRegister done. status 0x0


Genie:  19862.8ms [  INFO ]  <I> QnnMem_deRegister started


Genie:  19862.8ms [  INFO ]  <I> QnnMem_deRegister done. status 0x0


Genie:  19862.8ms [  INFO ]  <I> QnnMem_deRegister started


Genie:  19862.8ms [  INFO ]  <I> QnnMem_deRegister done. status 0x0


Genie:  19862.8ms [  INFO ]  <I> QnnMem_deRegister started


Genie:  19862.8ms [  INFO ]  <I> QnnMem_deRegister done. status 0x0


Genie:  19862.8ms [  INFO ]  <I> QnnMem_deRegister started


Genie:  19862.8ms [  INFO ]  <I> QnnMem_deRegister done. status 0x0


Genie:  19862.8ms [  INFO ]  <I> QnnMem_deRegister started


Genie:  19862.8ms [  INFO ]  <I> QnnMem_deRegister done. status 0x0


Genie:  19862.8ms [  INFO ]  <I> QnnMem_deRegister started


Genie:  19862.8ms [  INFO ]  <I> QnnMem_deRegister done. status 0x0


Genie:  19862.8ms [  INFO ]  <I> QnnMem_deRegister started


Genie:  19862.8ms [  INFO ]  <I> QnnMem_deRegister done. status 0x0


Genie:  19862.9ms [  INFO ]  <I> QnnMem_deRegister started


Genie:  19862.9ms [  INFO ]  <I> QnnMem_deRegister done. status 0x0


Genie:  19862.9ms [  INFO ]  <I> QnnMem_deRegister started


Genie:  19862.9ms [  INFO ]  <I> QnnMem_deRegister done. status 0x0


Genie:  19862.9ms [  INFO ]  <I> QnnMem_deRegister started


Genie:  19862.9ms [  INFO ]  <I> QnnMem_deRegister done. status 0x0


Genie:  19862.9ms [  INFO ]  <I> QnnMem_deRegister started


Genie:  19862.9ms [  INFO ]  <I> QnnMem_deRegister done. status 0x0


Genie:  19862.9ms [  INFO ]  <I> QnnMem_deRegister started


Genie:  19862.9ms [  INFO ]  <I> QnnMem_deRegister done. status 0x0


Genie:  19862.9ms [  INFO ]  <I> QnnMem_deRegister started


Genie:  19862.9ms [  INFO ]  <I> QnnMem_deRegister done. status 0x0


Genie:  19862.9ms [  INFO ]  <I> QnnMem_deRegister started


Genie:  19862.9ms [  INFO ]  <I> QnnMem_deRegister done. status 0x0


Genie:  19862.9ms [  INFO ]  <I> QnnMem_deRegister started


Genie:  19862.9ms [  INFO ]  <I> QnnMem_deRegister done. status 0x0


Genie:  19862.9ms [  INFO ]  <I> QnnMem_deRegister started


Genie:  19862.9ms [  INFO ]  <I> QnnMem_deRegister done. status 0x0


Genie:  19862.9ms [  INFO ]  <I> QnnMem_deRegister started


Genie:  19862.9ms [  INFO ]  <I> QnnMem_deRegister done. status 0x0


Genie:  19862.9ms [  INFO ]  <I> QnnMem_deRegister started


Genie:  19862.9ms [  INFO ]  <I> QnnMem_deRegister done. status 0x0


Genie:  19862.9ms [  INFO ]  <I> QnnMem_deRegister started


Genie:  19862.9ms [  INFO ]  <I> QnnMem_deRegister done. status 0x0


Genie:  19863.0ms [  INFO ]  <I> QnnMem_deRegister started


Genie:  19863.2ms [  INFO ]  <I> QnnMem_deRegister done. status 0x0


Genie:  19863.2ms [  INFO ]  <I> QnnMem_deRegister started


Genie:  19863.2ms [  INFO ]  <I> QnnMem_deRegister done. status 0x0


Genie:  19863.2ms [  INFO ]  <I> QnnMem_deRegister started


Genie:  19863.2ms [  INFO ]  <I> QnnMem_deRegister done. status 0x0


Genie:  19863.2ms [  INFO ]  <I> QnnMem_deRegister started


Genie:  19863.2ms [  INFO ]  <I> QnnMem_deRegister done. status 0x0


Genie:  19863.2ms [  INFO ]  <I> QnnMem_deRegister started


Genie:  19863.2ms [  INFO ]  <I> QnnMem_deRegister done. status 0x0


Genie:  19863.2ms [  INFO ]  <I> QnnMem_deRegister started


Genie:  19863.2ms [  INFO ]  <I> QnnMem_deRegister done. status 0x0


Genie:  19863.2ms [  INFO ]  <I> QnnMem_deRegister started


Genie:  19863.3ms [  INFO ]  <I> QnnMem_deRegister done. status 0x0


Genie:  19863.3ms [  INFO ]  <I> QnnMem_deRegister started


Genie:  19863.3ms [  INFO ]  <I> QnnMem_deRegister done. status 0x0


Genie:  19863.3ms [  INFO ]  <I> QnnMem_deRegister started


Genie:  19863.3ms [  INFO ]  <I> QnnMem_deRegister done. status 0x0


Genie:  19863.3ms [  INFO ]  <I> QnnMem_deRegister started


Genie:  19863.3ms [  INFO ]  <I> QnnMem_deRegister done. status 0x0


Genie:  19863.3ms [  INFO ]  <I> QnnMem_deRegister started


Genie:  19863.3ms [  INFO ]  <I> QnnMem_deRegister done. status 0x0


Genie:  19863.3ms [  INFO ]  <I> QnnMem_deRegister started


Genie:  19863.3ms [  INFO ]  <I> QnnMem_deRegister done. status 0x0


Genie:  19863.3ms [  INFO ]  <I> QnnMem_deRegister started


Genie:  19863.3ms [  INFO ]  <I> QnnMem_deRegister done. status 0x0


Genie:  19863.3ms [  INFO ]  <I> QnnMem_deRegister started


Genie:  19863.3ms [  INFO ]  <I> QnnMem_deRegister done. status 0x0


Genie:  19863.3ms [  INFO ]  <I> QnnMem_deRegister started


Genie:  19863.3ms [  INFO ]  <I> QnnMem_deRegister done. status 0x0


Genie:  19863.3ms [  INFO ]  <I> QnnMem_deRegister started


Genie:  19863.3ms [  INFO ]  <I> QnnMem_deRegister done. status 0x0


Genie:  19863.3ms [  INFO ]  <I> QnnMem_deRegister started


Genie:  19863.3ms [  INFO ]  <I> QnnMem_deRegister done. status 0x0


Genie:  19863.3ms [  INFO ]  <I> QnnMem_deRegister started


Genie:  19863.3ms [  INFO ]  <I> QnnMem_deRegister done. status 0x0


Genie:  19863.3ms [  INFO ]  <I> QnnMem_deRegister started


Genie:  19863.3ms [  INFO ]  <I> QnnMem_deRegister done. status 0x0


Genie:  19863.3ms [  INFO ]  <I> QnnMem_deRegister started


Genie:  19863.3ms [  INFO ]  <I> QnnMem_deRegister done. status 0x0


Genie:  19863.3ms [  INFO ]  <I> QnnMem_deRegister started


Genie:  19863.3ms [  INFO ]  <I> QnnMem_deRegister done. status 0x0


Genie:  19863.3ms [  INFO ]  <I> QnnMem_deRegister started


Genie:  19863.3ms [  INFO ]  <I> QnnMem_deRegister done. status 0x0


Genie:  19863.4ms [  INFO ]  <I> QnnMem_deRegister started


Genie:  19863.4ms [  INFO ]  <I> QnnMem_deRegister done. status 0x0


Genie:  19863.4ms [  INFO ]  <I> QnnMem_deRegister started


Genie:  19863.4ms [  INFO ]  <I> QnnMem_deRegister done. status 0x0


Genie:  19863.4ms [  INFO ]  <I> QnnMem_deRegister started


Genie:  19863.4ms [  INFO ]  <I> QnnMem_deRegister done. status 0x0


Genie:  19863.4ms [  INFO ]  <I> QnnMem_deRegister started


Genie:  19863.4ms [  INFO ]  <I> QnnMem_deRegister done. status 0x0


Genie:  19863.4ms [  INFO ]  <I> QnnMem_deRegister started


Genie:  19863.4ms [  INFO ]  <I> QnnMem_deRegister done. status 0x0


Genie:  19863.4ms [  INFO ]  <I> QnnMem_deRegister started


Genie:  19863.4ms [  INFO ]  <I> QnnMem_deRegister done. status 0x0


Genie:  19863.4ms [  INFO ]  <I> QnnMem_deRegister started


Genie:  19863.4ms [  INFO ]  <I> QnnMem_deRegister done. status 0x0


Genie:  19863.4ms [  INFO ]  <I> QnnMem_deRegister started


Genie:  19863.4ms [  INFO ]  <I> QnnMem_deRegister done. status 0x0


Genie:  19863.4ms [  INFO ]  <I> QnnMem_deRegister started


Genie:  19863.4ms [  INFO ]  <I> QnnMem_deRegister done. status 0x0


Genie:  19863.4ms [  INFO ]  <I> QnnMem_deRegister started


Genie:  19863.4ms [  INFO ]  <I> QnnMem_deRegister done. status 0x0


Genie:  19863.4ms [  INFO ]  <I> QnnMem_deRegister started


Genie:  19863.4ms [  INFO ]  <I> QnnMem_deRegister done. status 0x0


Genie:  19863.5ms [  INFO ]  <I> QnnMem_deRegister started


Genie:  19863.5ms [  INFO ]  <I> QnnMem_deRegister done. status 0x0


Genie:  19863.5ms [  INFO ]  <I> QnnMem_deRegister started


Genie:  19863.5ms [  INFO ]  <I> QnnMem_deRegister done. status 0x0


Genie:  19863.5ms [  INFO ]  <I> QnnMem_deRegister started


Genie:  19863.5ms [  INFO ]  <I> QnnMem_deRegister done. status 0x0


Genie:  19863.5ms [  INFO ]  <I> QnnMem_deRegister started


Genie:  19863.5ms [  INFO ]  <I> QnnMem_deRegister done. status 0x0


Genie:  19863.5ms [  INFO ]  <I> QnnMem_deRegister started


Genie:  19863.5ms [  INFO ]  <I> QnnMem_deRegister done. status 0x0


Genie:  19863.5ms [  INFO ]  <I> QnnMem_deRegister started


Genie:  19863.5ms [  INFO ]  <I> QnnMem_deRegister done. status 0x0


Genie:  19863.5ms [  INFO ]  <I> QnnMem_deRegister started


Genie:  19863.5ms [  INFO ]  <I> QnnMem_deRegister done. status 0x0


Genie:  19863.5ms [  INFO ]  <I> QnnMem_deRegister started


Genie:  19863.5ms [  INFO ]  <I> QnnMem_deRegister done. status 0x0


Genie:  19863.5ms [  INFO ]  <I> QnnMem_deRegister started


Genie:  19863.5ms [  INFO ]  <I> QnnMem_deRegister done. status 0x0


Genie:  19863.5ms [  INFO ]  <I> QnnMem_deRegister started


Genie:  19863.5ms [  INFO ]  <I> QnnMem_deRegister done. status 0x0


Genie:  19863.6ms [  INFO ]  <I> QnnMem_deRegister started


Genie:  19863.6ms [  INFO ]  <I> QnnMem_deRegister done. status 0x0


Genie:  19863.6ms [  INFO ]  <I> QnnMem_deRegister started


Genie:  19863.6ms [  INFO ]  <I> QnnMem_deRegister done. status 0x0


Genie:  19863.6ms [  INFO ]  <I> QnnMem_deRegister started


Genie:  19863.6ms [  INFO ]  <I> QnnMem_deRegister done. status 0x0


Genie:  19863.6ms [  INFO ]  <I> QnnMem_deRegister started


Genie:  19863.6ms [  INFO ]  <I> QnnMem_deRegister done. status 0x0


Genie:  19863.6ms [  INFO ]  <I> QnnMem_deRegister started


Genie:  19863.6ms [  INFO ]  <I> QnnMem_deRegister done. status 0x0


Genie:  19863.6ms [  INFO ]  <I> QnnMem_deRegister started


Genie:  19863.6ms [  INFO ]  <I> QnnMem_deRegister done. status 0x0


Genie:  19863.6ms [  INFO ]  <I> QnnMem_deRegister started


Genie:  19863.6ms [  INFO ]  <I> QnnMem_deRegister done. status 0x0


Genie:  19863.6ms [  INFO ]  <I> QnnMem_deRegister started


Genie:  19863.6ms [  INFO ]  <I> QnnMem_deRegister done. status 0x0


Genie:  19863.6ms [  INFO ]  <I> QnnMem_deRegister started


Genie:  19863.6ms [  INFO ]  <I> QnnMem_deRegister done. status 0x0


Genie:  19863.6ms [  INFO ]  <I> QnnMem_deRegister started


Genie:  19863.6ms [  INFO ]  <I> QnnMem_deRegister done. status 0x0


Genie:  19863.6ms [  INFO ]  <I> QnnMem_deRegister started


Genie:  19863.6ms [  INFO ]  <I> QnnMem_deRegister done. status 0x0


Genie:  19863.6ms [  INFO ]  <I> QnnMem_deRegister started


Genie:  19863.6ms [  INFO ]  <I> QnnMem_deRegister done. status 0x0


Genie:  19863.7ms [  INFO ]  <I> QnnMem_deRegister started


Genie:  19863.7ms [  INFO ]  <I> QnnMem_deRegister done. status 0x0


Genie:  19863.7ms [  INFO ]  <I> QnnMem_deRegister started


Genie:  19863.7ms [  INFO ]  <I> QnnMem_deRegister done. status 0x0


Genie:  19863.7ms [  INFO ]  <I> QnnMem_deRegister started


Genie:  19863.7ms [  INFO ]  <I> QnnMem_deRegister done. status 0x0


Genie:  19863.7ms [  INFO ]  <I> QnnMem_deRegister started


Genie:  19863.7ms [  INFO ]  <I> QnnMem_deRegister done. status 0x0


Genie:  19863.7ms [  INFO ]  <I> QnnMem_deRegister started


Genie:  19863.7ms [  INFO ]  <I> QnnMem_deRegister done. status 0x0


Genie:  19863.7ms [  INFO ]  <I> QnnMem_deRegister started


Genie:  19863.7ms [  INFO ]  <I> QnnMem_deRegister done. status 0x0


Genie:  19863.7ms [  INFO ]  <I> QnnMem_deRegister started


Genie:  19863.7ms [  INFO ]  <I> QnnMem_deRegister done. status 0x0


Genie:  19863.7ms [  INFO ]  <I> QnnMem_deRegister started


Genie:  19863.7ms [  INFO ]  <I> QnnMem_deRegister done. status 0x0


Genie:  19863.7ms [  INFO ]  <I> QnnMem_deRegister started


Genie:  19863.7ms [  INFO ]  <I> QnnMem_deRegister done. status 0x0


Genie:  19863.7ms [  INFO ]  <I> QnnMem_deRegister started


Genie:  19863.7ms [  INFO ]  <I> QnnMem_deRegister done. status 0x0


Genie:  19863.7ms [  INFO ]  <I> QnnMem_deRegister started


Genie:  19863.7ms [  INFO ]  <I> QnnMem_deRegister done. status 0x0


Genie:  19863.7ms [  INFO ]  <I> QnnMem_deRegister started


Genie:  19863.7ms [  INFO ]  <I> QnnMem_deRegister done. status 0x0


Genie:  19863.8ms [  INFO ]  <I> QnnMem_deRegister started


Genie:  19863.8ms [  INFO ]  <I> QnnMem_deRegister done. status 0x0


Genie:  19863.8ms [  INFO ]  <I> QnnMem_deRegister started


Genie:  19863.8ms [  INFO ]  <I> QnnMem_deRegister done. status 0x0


Genie:  19863.8ms [  INFO ]  <I> QnnMem_deRegister started


Genie:  19863.9ms [  INFO ]  <I> QnnMem_deRegister done. status 0x0


Genie:  19863.9ms [  INFO ]  <I> QnnMem_deRegister started


Genie:  19863.9ms [  INFO ]  <I> QnnMem_deRegister done. status 0x0


Genie:  19863.9ms [  INFO ]  <I> QnnMem_deRegister started


Genie:  19863.9ms [  INFO ]  <I> QnnMem_deRegister done. status 0x0


Genie:  19863.9ms [  INFO ]  <I> QnnMem_deRegister started


Genie:  19863.9ms [  INFO ]  <I> QnnMem_deRegister done. status 0x0


Genie:  19863.9ms [  INFO ]  <I> QnnMem_deRegister started


Genie:  19863.9ms [  INFO ]  <I> QnnMem_deRegister done. status 0x0


Genie:  19863.9ms [  INFO ]  <I> QnnMem_deRegister started


Genie:  19863.9ms [  INFO ]  <I> QnnMem_deRegister done. status 0x0


Genie:  19863.9ms [  INFO ]  <I> QnnMem_deRegister started


Genie:  19863.9ms [  INFO ]  <I> QnnMem_deRegister done. status 0x0


Genie:  19863.9ms [  INFO ]  <I> QnnMem_deRegister started


Genie:  19863.9ms [  INFO ]  <I> QnnMem_deRegister done. status 0x0


Genie:  19863.9ms [  INFO ]  <I> QnnMem_deRegister started


Genie:  19863.9ms [  INFO ]  <I> QnnMem_deRegister done. status 0x0


Genie:  19863.9ms [  INFO ]  <I> QnnMem_deRegister started


Genie:  19863.9ms [  INFO ]  <I> QnnMem_deRegister done. status 0x0


Genie:  19863.9ms [  INFO ]  <I> QnnMem_deRegister started


Genie:  19863.9ms [  INFO ]  <I> QnnMem_deRegister done. status 0x0


Genie:  19863.9ms [  INFO ]  <I> QnnMem_deRegister started


Genie:  19863.9ms [  INFO ]  <I> QnnMem_deRegister done. status 0x0


Genie:  19863.9ms [  INFO ]  <I> QnnMem_deRegister started


Genie:  19864.0ms [  INFO ]  <I> QnnMem_deRegister done. status 0x0


Genie:  19864.0ms [  INFO ]  <I> QnnMem_deRegister started


Genie:  19864.0ms [  INFO ]  <I> QnnMem_deRegister done. status 0x0


Genie:  19864.0ms [  INFO ]  <I> QnnMem_deRegister started


Genie:  19864.0ms [  INFO ]  <I> QnnMem_deRegister done. status 0x0


Genie:  19864.0ms [  INFO ]  <I> QnnMem_deRegister started


Genie:  19864.0ms [  INFO ]  <I> QnnMem_deRegister done. status 0x0


Genie:  19864.0ms [  INFO ]  <I> QnnMem_deRegister started


Genie:  19864.0ms [  INFO ]  <I> QnnMem_deRegister done. status 0x0


Genie:  19864.0ms [  INFO ]  <I> QnnMem_deRegister started


Genie:  19864.0ms [  INFO ]  <I> QnnMem_deRegister done. status 0x0


Genie:  19864.0ms [  INFO ]  <I> QnnMem_deRegister started


Genie:  19864.0ms [  INFO ]  <I> QnnMem_deRegister done. status 0x0


Genie:  19864.0ms [  INFO ]  <I> QnnMem_deRegister started


Genie:  19864.0ms [  INFO ]  <I> QnnMem_deRegister done. status 0x0


Genie:  19864.0ms [  INFO ]  <I> QnnMem_deRegister started


Genie:  19864.0ms [  INFO ]  <I> QnnMem_deRegister done. status 0x0


Genie:  19864.0ms [  INFO ]  <I> QnnMem_deRegister started


Genie:  19864.0ms [  INFO ]  <I> QnnMem_deRegister done. status 0x0


Genie:  19864.0ms [  INFO ]  <I> QnnMem_deRegister started


Genie:  19864.0ms [  INFO ]  <I> QnnMem_deRegister done. status 0x0


Genie:  19864.0ms [  INFO ]  <I> QnnMem_deRegister started


Genie:  19864.0ms [  INFO ]  <I> QnnMem_deRegister done. status 0x0


Genie:  19864.0ms [  INFO ]  <I> QnnMem_deRegister started


Genie:  19864.1ms [  INFO ]  <I> QnnMem_deRegister done. status 0x0


Genie:  19864.1ms [  INFO ]  <I> QnnMem_deRegister started


Genie:  19864.1ms [  INFO ]  <I> QnnMem_deRegister done. status 0x0


Genie:  19864.1ms [  INFO ]  <I> QnnMem_deRegister started


Genie:  19864.1ms [  INFO ]  <I> QnnMem_deRegister done. status 0x0


Genie:  19864.1ms [  INFO ]  <I> QnnMem_deRegister started


Genie:  19864.1ms [  INFO ]  <I> QnnMem_deRegister done. status 0x0


Genie:  19864.1ms [  INFO ]  <I> QnnMem_deRegister started


Genie:  19864.1ms [  INFO ]  <I> QnnMem_deRegister done. status 0x0


Genie:  19864.1ms [  INFO ]  <I> QnnMem_deRegister started


Genie:  19864.1ms [  INFO ]  <I> QnnMem_deRegister done. status 0x0


Genie:  19864.1ms [  INFO ]  <I> QnnMem_deRegister started


Genie:  19864.1ms [  INFO ]  <I> QnnMem_deRegister done. status 0x0


Genie:  19864.1ms [  INFO ]  <I> QnnMem_deRegister started


Genie:  19864.1ms [  INFO ]  <I> QnnMem_deRegister done. status 0x0


Genie:  19864.1ms [  INFO ]  <I> QnnMem_deRegister started


Genie:  19864.1ms [  INFO ]  <I> QnnMem_deRegister done. status 0x0


Genie:  19864.1ms [  INFO ]  <I> QnnMem_deRegister started


Genie:  19864.1ms [  INFO ]  <I> QnnMem_deRegister done. status 0x0


Genie:  19864.1ms [  INFO ]  <I> QnnMem_deRegister started


Genie:  19864.2ms [  INFO ]  <I> QnnMem_deRegister done. status 0x0


Genie:  19864.2ms [  INFO ]  <I> QnnMem_deRegister started


Genie:  19864.2ms [  INFO ]  <I> QnnMem_deRegister done. status 0x0


Genie:  19864.2ms [  INFO ]  <I> QnnMem_deRegister started


Genie:  19864.2ms [  INFO ]  <I> QnnMem_deRegister done. status 0x0


Genie:  19864.2ms [  INFO ]  <I> QnnMem_deRegister started


Genie:  19864.2ms [  INFO ]  <I> QnnMem_deRegister done. status 0x0


Genie:  19864.2ms [  INFO ]  <I> QnnMem_deRegister started


Genie:  19864.2ms [  INFO ]  <I> QnnMem_deRegister done. status 0x0


Genie:  19864.2ms [  INFO ]  <I> QnnMem_deRegister started


Genie:  19864.2ms [  INFO ]  <I> QnnMem_deRegister done. status 0x0


Genie:  19864.2ms [  INFO ]  <I> QnnMem_deRegister started


Genie:  19864.2ms [  INFO ]  <I> QnnMem_deRegister done. status 0x0


Genie:  19864.2ms [  INFO ]  <I> QnnMem_deRegister started


Genie:  19864.2ms [  INFO ]  <I> QnnMem_deRegister done. status 0x0


Genie:  19864.2ms [  INFO ]  <I> QnnMem_deRegister started


Genie:  19864.2ms [  INFO ]  <I> QnnMem_deRegister done. status 0x0


Genie:  19864.2ms [  INFO ]  <I> QnnMem_deRegister started


Genie:  19864.2ms [  INFO ]  <I> QnnMem_deRegister done. status 0x0


Genie:  19864.2ms [  INFO ]  <I> QnnMem_deRegister started


Genie:  19864.2ms [  INFO ]  <I> QnnMem_deRegister done. status 0x0


Genie:  19864.2ms [  INFO ]  <I> QnnMem_deRegister started


Genie:  19864.2ms [  INFO ]  <I> QnnMem_deRegister done. status 0x0


Genie:  19864.2ms [  INFO ]  <I> QnnMem_deRegister started


Genie:  19864.3ms [  INFO ]  <I> QnnMem_deRegister done. status 0x0


Genie:  19864.3ms [  INFO ]  <I> QnnMem_deRegister started


Genie:  19864.3ms [  INFO ]  <I> QnnMem_deRegister done. status 0x0


Genie:  19864.3ms [  INFO ]  <I> QnnMem_deRegister started


Genie:  19864.3ms [  INFO ]  <I> QnnMem_deRegister done. status 0x0


Genie:  19864.3ms [  INFO ]  <I> QnnMem_deRegister started


Genie:  19864.3ms [  INFO ]  <I> QnnMem_deRegister done. status 0x0


Genie:  19864.3ms [  INFO ]  <I> QnnMem_deRegister started


Genie:  19864.3ms [  INFO ]  <I> QnnMem_deRegister done. status 0x0


Genie:  19864.3ms [  INFO ]  <I> QnnMem_deRegister started


Genie:  19864.3ms [  INFO ]  <I> QnnMem_deRegister done. status 0x0


Genie:  19864.3ms [  INFO ]  <I> QnnMem_deRegister started


Genie:  19864.3ms [  INFO ]  <I> QnnMem_deRegister done. status 0x0


Genie:  19864.3ms [  INFO ]  <I> QnnMem_deRegister started


Genie:  19864.3ms [  INFO ]  <I> QnnMem_deRegister done. status 0x0


Genie:  19864.3ms [  INFO ]  <I> QnnMem_deRegister started


Genie:  19864.3ms [  INFO ]  <I> QnnMem_deRegister done. status 0x0


Genie:  19864.3ms [  INFO ]  <I> QnnMem_deRegister started


Genie:  19864.3ms [  INFO ]  <I> QnnMem_deRegister done. status 0x0


Genie:  19864.3ms [  INFO ]  <I> QnnMem_deRegister started


Genie:  19864.3ms [  INFO ]  <I> QnnMem_deRegister done. status 0x0


Genie:  19864.3ms [  INFO ]  <I> QnnMem_deRegister started


Genie:  19864.3ms [  INFO ]  <I> QnnMem_deRegister done. status 0x0


Genie:  19864.3ms [  INFO ]  <I> QnnMem_deRegister started


Genie:  19864.4ms [  INFO ]  <I> QnnMem_deRegister done. status 0x0


Genie:  19864.4ms [  INFO ]  <I> QnnMem_deRegister started


Genie:  19864.4ms [  INFO ]  <I> QnnMem_deRegister done. status 0x0


Genie:  19864.4ms [  INFO ]  <I> QnnMem_deRegister started


Genie:  19864.4ms [  INFO ]  <I> QnnMem_deRegister done. status 0x0


Genie:  19864.4ms [  INFO ]  <I> QnnMem_deRegister started


Genie:  19864.4ms [  INFO ]  <I> QnnMem_deRegister done. status 0x0


Genie:  19864.4ms [  INFO ]  <I> QnnMem_deRegister started


Genie:  19864.4ms [  INFO ]  <I> QnnMem_deRegister done. status 0x0


Genie:  19864.4ms [  INFO ]  <I> QnnMem_deRegister started


Genie:  19864.4ms [  INFO ]  <I> QnnMem_deRegister done. status 0x0


Genie:  19864.4ms [  INFO ]  <I> QnnMem_deRegister started


Genie:  19864.4ms [  INFO ]  <I> QnnMem_deRegister done. status 0x0


Genie:  19864.4ms [  INFO ]  <I> QnnMem_deRegister started


Genie:  19864.4ms [  INFO ]  <I> QnnMem_deRegister done. status 0x0


Genie:  19864.5ms [  INFO ]  <I> QnnMem_deRegister started


Genie:  19864.5ms [  INFO ]  <I> QnnMem_deRegister done. status 0x0


Genie:  19864.5ms [  INFO ]  <I> QnnMem_deRegister started


Genie:  19864.5ms [  INFO ]  <I> QnnMem_deRegister done. status 0x0


Genie:  19864.5ms [  INFO ]  <I> QnnMem_deRegister started


Genie:  19864.5ms [  INFO ]  <I> QnnMem_deRegister done. status 0x0


Genie:  19864.5ms [  INFO ]  <I> QnnMem_deRegister started


Genie:  19864.5ms [  INFO ]  <I> QnnMem_deRegister done. status 0x0


Genie:  19864.5ms [  INFO ]  <I> QnnMem_deRegister started


Genie:  19864.5ms [  INFO ]  <I> QnnMem_deRegister done. status 0x0


Genie:  19864.5ms [  INFO ]  <I> QnnMem_deRegister started


Genie:  19864.5ms [  INFO ]  <I> QnnMem_deRegister done. status 0x0


Genie:  19864.5ms [  INFO ]  <I> QnnMem_deRegister started


Genie:  19864.5ms [  INFO ]  <I> QnnMem_deRegister done. status 0x0


Genie:  19864.5ms [  INFO ]  <I> QnnMem_deRegister started


Genie:  19864.5ms [  INFO ]  <I> QnnMem_deRegister done. status 0x0


Genie:  19864.5ms [  INFO ]  <I> QnnMem_deRegister started


Genie:  19864.5ms [  INFO ]  <I> QnnMem_deRegister done. status 0x0


Genie:  19864.5ms [  INFO ]  <I> QnnMem_deRegister started


Genie:  19864.5ms [  INFO ]  <I> QnnMem_deRegister done. status 0x0


Genie:  19864.5ms [  INFO ]  <I> QnnMem_deRegister started


Genie:  19864.5ms [  INFO ]  <I> QnnMem_deRegister done. status 0x0


Genie:  19864.5ms [  INFO ]  <I> QnnMem_deRegister started


Genie:  19864.6ms [  INFO ]  <I> QnnMem_deRegister done. status 0x0


Genie:  19864.6ms [  INFO ]  <I> QnnMem_deRegister started


Genie:  19864.6ms [  INFO ]  <I> QnnMem_deRegister done. status 0x0


Genie:  19864.6ms [  INFO ]  <I> QnnMem_deRegister started


Genie:  19864.6ms [  INFO ]  <I> QnnMem_deRegister done. status 0x0


Genie:  19864.6ms [  INFO ]  <I> QnnMem_deRegister started


Genie:  19864.6ms [  INFO ]  <I> QnnMem_deRegister done. status 0x0


Genie:  19864.6ms [  INFO ]  <I> QnnMem_deRegister started


Genie:  19864.6ms [  INFO ]  <I> QnnMem_deRegister done. status 0x0


Genie:  19864.6ms [  INFO ]  <I> QnnMem_deRegister started


Genie:  19864.6ms [  INFO ]  <I> QnnMem_deRegister done. status 0x0


Genie:  19864.6ms [  INFO ]  <I> QnnMem_deRegister started


Genie:  19864.6ms [  INFO ]  <I> QnnMem_deRegister done. status 0x0


Genie:  19864.6ms [  INFO ]  <I> QnnMem_deRegister started


Genie:  19864.6ms [  INFO ]  <I> QnnMem_deRegister done. status 0x0


Genie:  19864.6ms [  INFO ]  <I> QnnMem_deRegister started


Genie:  19864.6ms [  INFO ]  <I> QnnMem_deRegister done. status 0x0


Genie:  19864.6ms [  INFO ]  <I> QnnMem_deRegister started


Genie:  19864.6ms [  INFO ]  <I> QnnMem_deRegister done. status 0x0


Genie:  19864.6ms [  INFO ]  <I> QnnMem_deRegister started


Genie:  19864.6ms [  INFO ]  <I> QnnMem_deRegister done. status 0x0


Genie:  19864.6ms [  INFO ]  <I> QnnMem_deRegister started


Genie:  19864.6ms [  INFO ]  <I> QnnMem_deRegister done. status 0x0


Genie:  19864.6ms [  INFO ]  <I> QnnMem_deRegister started


Genie:  19864.6ms [  INFO ]  <I> QnnMem_deRegister done. status 0x0


Genie:  19864.7ms [  INFO ]  <I> QnnMem_deRegister started


Genie:  19865.0ms [  INFO ]  <I> QnnMem_deRegister done. status 0x0


Genie:  19865.0ms [  INFO ]  <I> QnnMem_deRegister started


Genie:  19865.5ms [  INFO ]  <I> QnnMem_deRegister done. status 0x0


Genie:  19866.0ms [  INFO ]  <I> QnnContext_free started. context = 0x1


Genie:  19868.5ms [WARNING]  <W> m_CFBCallbackInfoObj is not initialized, return emptyList


Genie:  19872.9ms [  INFO ]  <I> Graph Rpc memory was not initialized for graph 1


Genie:  19874.2ms [  INFO ]  <I> Graph Rpc memory was not initialized for graph 2


Genie:  19875.5ms [  INFO ]  <I> Graph Rpc memory was not initialized for graph 3


Genie:  19876.7ms [  INFO ]  <I> Graph Rpc memory was not initialized for graph 4


Genie:  19877.9ms [  INFO ]  <I> Graph Rpc memory was not initialized for graph 5


Genie:  19879.0ms [  INFO ]  <I> Graph Rpc memory was not initialized for graph 6


Genie:  19880.2ms [  INFO ]  <I> Graph Rpc memory was not initialized for graph 7


Genie:  19881.3ms [  INFO ]  <I> Graph Rpc memory was not initialized for graph 8


Genie:  19882.6ms [  INFO ]  <I> Graph Rpc memory was not initialized for graph 9


Genie:  19883.9ms [  INFO ]  <I> Graph Rpc memory was not initialized for graph 10


Genie:  19884.5ms [WARNING]  <W> All shared memories related to fd 78 on domain 3 are destroyed


Genie:  19943.7ms [  INFO ]  <I> Number of existing contexts: 3, graphs: 30


Genie:  19943.7ms [  INFO ]  <I> QnnContext_free done successfully.


Genie:  19943.7ms [  INFO ]  <I> QnnContext_free started. context = 0x2


Genie:  19949.7ms [WARNING]  <W> m_CFBCallbackInfoObj is not initialized, return emptyList


Genie:  19951.5ms [  INFO ]  <I> Graph Rpc memory was not initialized for graph 11


Genie:  19952.5ms [  INFO ]  <I> Graph Rpc memory was not initialized for graph 12


Genie:  19957.4ms [  INFO ]  <I> Graph Rpc memory was not initialized for graph 13


Genie:  19958.8ms [  INFO ]  <I> Graph Rpc memory was not initialized for graph 14


Genie:  19962.9ms [  INFO ]  <I> Graph Rpc memory was not initialized for graph 15


Genie:  19964.1ms [  INFO ]  <I> Graph Rpc memory was not initialized for graph 16


Genie:  19964.9ms [  INFO ]  <I> Graph Rpc memory was not initialized for graph 17


Genie:  19968.7ms [  INFO ]  <I> Graph Rpc memory was not initialized for graph 18


Genie:  19970.5ms [  INFO ]  <I> Graph Rpc memory was not initialized for graph 19


Genie:  19971.4ms [  INFO ]  <I> Graph Rpc memory was not initialized for graph 20


Genie:  19972.0ms [WARNING]  <W> All shared memories related to fd 126 on domain 11 are destroyed


Genie:  20389.1ms [  INFO ]  <I> Number of existing contexts: 2, graphs: 20


Genie:  20389.1ms [  INFO ]  <I> QnnContext_free done successfully.


Genie:  20389.1ms [  INFO ]  <I> QnnContext_free started. context = 0x3


Genie:  20391.3ms [WARNING]  <W> m_CFBCallbackInfoObj is not initialized, return emptyList


Genie:  20395.6ms [  INFO ]  <I> Graph Rpc memory was not initialized for graph 21


Genie:  20396.6ms [  INFO ]  <I> Graph Rpc memory was not initialized for graph 22


Genie:  20400.4ms [  INFO ]  <I> Graph Rpc memory was not initialized for graph 23


Genie:  20402.0ms [  INFO ]  <I> Graph Rpc memory was not initialized for graph 24


Genie:  20405.8ms [  INFO ]  <I> Graph Rpc memory was not initialized for graph 25


Genie:  20406.8ms [  INFO ]  <I> Graph Rpc memory was not initialized for graph 26


Genie:  20410.2ms [  INFO ]  <I> Graph Rpc memory was not initialized for graph 27


Genie:  20411.4ms [  INFO ]  <I> Graph Rpc memory was not initialized for graph 28


Genie:  20412.3ms [  INFO ]  <I> Graph Rpc memory was not initialized for graph 29


Genie:  20416.2ms [  INFO ]  <I> Graph Rpc memory was not initialized for graph 30


Genie:  20417.5ms [WARNING]  <W> All shared memories related to fd 127 on domain 15 are destroyed


Genie:  20768.9ms [  INFO ]  <I> Number of existing contexts: 1, graphs: 10


Genie:  20768.9ms [  INFO ]  <I> QnnContext_free done successfully.


Genie:  20768.9ms [  INFO ]  <I> QnnContext_free started. context = 0x4


Genie:  20771.6ms [WARNING]  <W> m_CFBCallbackInfoObj is not initialized, return emptyList


Genie:  20775.0ms [  INFO ]  <I> Graph Rpc memory was not initialized for graph 31


Genie:  20776.2ms [  INFO ]  <I> Graph Rpc memory was not initialized for graph 32


Genie:  20779.7ms [  INFO ]  <I> Graph Rpc memory was not initialized for graph 33


Genie:  20781.1ms [  INFO ]  <I> Graph Rpc memory was not initialized for graph 34


Genie:  20782.1ms [  INFO ]  <I> Graph Rpc memory was not initialized for graph 35


Genie:  20783.4ms [  INFO ]  <I> Graph Rpc memory was not initialized for graph 36


Genie:  20787.8ms [  INFO ]  <I> Graph Rpc memory was not initialized for graph 37


Genie:  20788.8ms [  INFO ]  <I> Graph Rpc memory was not initialized for graph 38


Genie:  20789.8ms [  INFO ]  <I> Graph Rpc memory was not initialized for graph 39


Genie:  20793.8ms [  INFO ]  <I> Graph Rpc memory was not initialized for graph 40


Genie:  20794.4ms [WARNING]  <W> All shared memories related to fd 181 on domain 3 are destroyed


Genie:  20830.5ms [  INFO ]  <I> Number of existing contexts: 0, graphs: 0


Genie:  20830.5ms [  INFO ]  <I> QnnContext_free done successfully.


Genie:  18807.5ms [  INFO ] QnnDevice_getInfrastructure passed


Genie:  20830.5ms [  INFO ]  <I> htpPerfInfrastructureSetPowerConfig started for powerConfigId: 967016704



Genie:  20832.1ms [  INFO ]  <I> htpPerfInfrastructureSetPowerConfig done. status 0x0


Genie:  18809.1ms [  INFO ] Perf Infra set power config success

Genie:  18809.7ms [  INFO ] QnnDevice_getInfrastructure passed


Genie:  20832.8ms [  INFO ]  <I> htpPerfInfrastructureDestroyPowerConfigId started for powerConfigId: 967016704



Genie:  20835.3ms [  INFO ]  <I> htpPerfInfrastructureDestroyPowerConfigId done. status 0x0


Genie:  20835.3ms [  INFO ]  <I> QnnDevice_free started. device = 0x1


Genie:  21147.5ms [  INFO ]  <I> QnnDevice_free done. status 0x0


Genie:  21147.6ms [  INFO ]  <I> QnnBackend_free started. backend = 0x1

